text,label,source,writing_style
3jibtni fil klem likoltu ama leken lkolo fan,positive,kaggle_moroccan_sentiment,mixed
itbarkallah alik,positive,kaggle_moroccan_sentiment,mixed
3alamiaaaaaaaaa,positive,kaggle_moroccan_sentiment,mixed
"Rasou kil karkaden .""",negative,kaggle_moroccan_sentiment,mixed
malla taféhét,negative,kaggle_moroccan_sentiment,mixed
بداية محترمة,positive,kaggle_moroccan_sentiment,mixed
ملا زين وملا وهرة لماكياج بدلك complètement,positive,kaggle_moroccan_sentiment,mixed
Soutek 3alamiiii,positive,kaggle_moroccan_sentiment,mixed
البت دي خبرة.....مرمدك سيدك وليد يا كلبة ...تونس برجالها و إسلامها و دينها واضح الإسلام والكلاب لتنبح كيفك عندها الرجال لتسكتكم,negative,kaggle_moroccan_sentiment,mixed
Bader yam3alem,positive,kaggle_moroccan_sentiment,mixed
bravo letfi bere8am ini f hala nifsiya harija ili ini de7aket merci,positive,kaggle_moroccan_sentiment,mixed
Bravo semi weli mouch 3ajbou ma3adech yetfarej,positive,kaggle_moroccan_sentiment,mixed
yeser mar5oufa yelzem wa7ed yekbeselha rwachekha maaaaaaaaaaaaaasta laaaaaaaaaaasta,negative,kaggle_moroccan_sentiment,mixed
"شيب ولعيب والمسرح معادش""يعنييك يعنييك يعنييك  قلت حياء يا عزوزة",negative,kaggle_moroccan_sentiment,mixed
wahdik  hasilou,positive,kaggle_moroccan_sentiment,mixed
ممسطوا  شكيب طلعلي الدم,negative,kaggle_moroccan_sentiment,mixed
سؤال بسيط . كيفش تنجمو تبيعو رواحك للدرجة هذي . قناة الوبنة و القحب,negative,kaggle_moroccan_sentiment,mixed
Mala manadher,negative,kaggle_moroccan_sentiment,mixed
الدلّاجي معلم. أي واحد يغلط.,positive,kaggle_moroccan_sentiment,mixed
بهيم و طحان و الله ما يموت أشنع موتة بإذن الله..يمهل و لا يهمل,negative,kaggle_moroccan_sentiment,mixed
محلااااها..نحبها برشا و منورة كلام الناس,positive,kaggle_moroccan_sentiment,mixed
Mala 8acha w mala 7ala pffff,negative,kaggle_moroccan_sentiment,mixed
قحبة كبيرة,negative,kaggle_moroccan_sentiment,mixed
Ma7leeeha  chay. Kbir 🌹🌹🌹🌹🌹,positive,kaggle_moroccan_sentiment,mixed
الحقارة والنذالة والسفالة لها عنوان واحد توفيق الغربي,negative,kaggle_moroccan_sentiment,mixed
عفشه عفشه,negative,kaggle_moroccan_sentiment,mixed
برافو امين في كل مرة تجيبلنا تحفة كيفك هههههههه,positive,kaggle_moroccan_sentiment,mixed
انا توا عرفتها وقت نتفرج على المسلسل  تبارك الله عليها,positive,kaggle_moroccan_sentiment,mixed
msat hal brnmj dhouyofo wlw mastin mtl9a mt7ki 3lihm,negative,kaggle_moroccan_sentiment,mixed
bravoooooooo,positive,kaggle_moroccan_sentiment,mixed
Malla dima ani9a,positive,kaggle_moroccan_sentiment,mixed
أحترماتي,positive,kaggle_moroccan_sentiment,mixed
Ma3jbnich elila,negative,kaggle_moroccan_sentiment,mixed
Maset!!,negative,kaggle_moroccan_sentiment,mixed
ممصتهم الكل,negative,kaggle_moroccan_sentiment,mixed
توا هذا منظر حاشة خليقة ربي !! ملا رهوط,negative,kaggle_moroccan_sentiment,mixed
M3alel m3alem m3aleeeeeerm,positive,kaggle_moroccan_sentiment,mixed
Maryouma ebkolha 3sal tbarkallah 3liha,positive,kaggle_moroccan_sentiment,mixed
ملا منضر فيه تيماهو استر روحك شي عيف,negative,kaggle_moroccan_sentiment,mixed
waaw bayen fiha sahra itfata9 9araret nirkech fi eddar hhhhh kol 3am w kol etwansa ou tounes balf 5iiir amiiiiin,positive,kaggle_moroccan_sentiment,mixed
جعفووووووووووووووووووو ررررررر جعففوووووووووووورررررررر انت تحفون و ديمااا بجوك و. محفلهاااا ربي يخليك يا معلم,positive,kaggle_moroccan_sentiment,mixed
تعجبني خير من برشا invitee جابهم نوفل,positive,kaggle_moroccan_sentiment,mixed
oui masset barcha w maydhaakech,negative,kaggle_moroccan_sentiment,mixed
Tabarklah 3likom rabi ehanikom,positive,kaggle_moroccan_sentiment,mixed
Rak Mast hhhhhhhhhh rak Last hhhhh,negative,kaggle_moroccan_sentiment,mixed
mra b 1000 rajel,positive,kaggle_moroccan_sentiment,mixed
الموت ديال الضحك,positive,huggingface_darija_reviews,Arabic
masa5,negative,kaggle_moroccan_sentiment,mixed
Tahkki f l ma39oul w adhekka howwa l 7aal tw,positive,kaggle_moroccan_sentiment,mixed
Meli sma3t esmou walit na8hk wa7di n7eeeebou :*,positive,kaggle_moroccan_sentiment,mixed
Mahlek,positive,kaggle_moroccan_sentiment,mixed
عندو خفة روح مش نورمال يدخل للقلب طول و الحاجة الباهية من الخطاب عالباب لتو متبدل فيه شيء ههه تحيفة هذاكة هو,positive,kaggle_moroccan_sentiment,mixed
Ma3jebniche,negative,kaggle_moroccan_sentiment,mixed
Tfouh alik ya masa5 echib w l3i🔫🔫🔫x-(x-(👎👎👎,negative,kaggle_moroccan_sentiment,mixed
bravooo si 3abd elfateh mourou,positive,kaggle_moroccan_sentiment,mixed
بنيان يهبلوا,positive,kaggle_moroccan_sentiment,mixed
هو غير غسول لا غسلتي وجهك صباح و عشية الحبوب كيبداو ينقصو,positive,huggingface_darija_reviews,Arabic
اخخخ تفووووو. عليه مسخ والله ميحشم وعار.  ملافضائح,negative,kaggle_moroccan_sentiment,mixed
والله جعفر القاسمي إنسان ضااامر و بشوش انشالله ربي يثبتك علي فعل الخيرp:,positive,kaggle_moroccan_sentiment,mixed
هههههه كنبغيكم بزاف بصراحة ضحكتوني والله,positive,huggingface_darija_reviews,Arabic
Tayaaaara barcha,positive,kaggle_moroccan_sentiment,mixed
رخيصة و تافهة,negative,kaggle_moroccan_sentiment,mixed
عادي مش أول مرة تتقال كلمة بزولة في قناة حوار الدعارة قالتها قبل وحدة هوينه مسترجلة ومرتين في البرنامج هذا اما مع راس البصل كان تتذكرو,negative,kaggle_moroccan_sentiment,mixed
Mes9etha,negative,kaggle_moroccan_sentiment,mixed
nahdaoui monafek 7aja mahiche e8riba a3lihe,negative,kaggle_moroccan_sentiment,mixed
Mahleha machaalah yeser mosrara,positive,kaggle_moroccan_sentiment,mixed
شو ها العبيثه بسم الله الرحمان الرحيم,negative,kaggle_moroccan_sentiment,mixed
Enta m3alim jaafour,positive,kaggle_moroccan_sentiment,mixed
M3alma,positive,kaggle_moroccan_sentiment,mixed
ربي يهلكم يا اعداء الدين,negative,kaggle_moroccan_sentiment,mixed
Masset barcha,negative,kaggle_moroccan_sentiment,mixed
5ir bil bera7 ama masta,negative,kaggle_moroccan_sentiment,mixed
rahmouni ya kalib,negative,kaggle_moroccan_sentiment,mixed
9adechek maset ya lotfi,negative,kaggle_moroccan_sentiment,mixed
يبقى دااااائما  حسن الفد  أحسن كوميدي  في المغرب العربي 🇲🇦❤❤❤❤,positive,huggingface_darija_reviews,Arabic
صحافي بلاش باك طحان الخوانجية,negative,kaggle_moroccan_sentiment,mixed
قمة عار انوا ناقشوا في موضوع محرم في دين اسلامي نهى عليه القران والله شي اسف انو نشوفوا كيما هل اشكال في اعلام هدا بلصتوا الحبس موش طالب بحقوق ....زايد والله .ان لم تستحي افعل ماشئت ....,negative,kaggle_moroccan_sentiment,mixed
Bravooooo si jaloul tmanite ki konet ena na9ra enti wsir nte3na bravoooo et bon continuation,positive,kaggle_moroccan_sentiment,mixed
"أسفي علا زمن يتحدث فيه (مثلي) و تتحدث فيه (عاهره) على الشرف 
tharbetou fi rou7a akther mel lezim :3
Barcha wsa5 w5maj mta3 zok omkoum l9a7ba allah la trabe7koum noktoulha omha lebled
راك ماسطاااا.....راك لاسطااااا .... ههههه
ماسط يمكن لكن الامسط منو شكيب
Maaaassssssssssset",negative,kaggle_moroccan_sentiment,mixed
kamcha rhout,negative,kaggle_moroccan_sentiment,mixed
جهاز كله مشاكل واول مشكله من تفتح سناب يطلع صوت مزعج وما في 2000شمعة في ضوء الشمس نفس 13,negative,huggingface_darija_reviews,Arabic
jabri yessir w masit -_-,negative,kaggle_moroccan_sentiment,mixed
Milla chleyek hhhh,negative,kaggle_moroccan_sentiment,mixed
تحسها غالطة في روحها,negative,kaggle_moroccan_sentiment,mixed
masetttttttt barcha,negative,kaggle_moroccan_sentiment,mixed
mil e5er rak majit chay,negative,kaggle_moroccan_sentiment,mixed
ماهوش صادق و ما يعرفش يسمع باش بعد يناقش ويحلل  وواضحة جدا انتمائه,negative,kaggle_moroccan_sentiment,mixed
Akhti khyb,negative,huggingface_darija_reviews,Arabizi
Ya3tiha saha,positive,kaggle_moroccan_sentiment,mixed
محلاك يا مي ♡♡♡,positive,kaggle_moroccan_sentiment,mixed
ena metchamta fiha testahel w el 7agar ymout dhlil ma5yebha wel 3ib mouch fiha fi rajelha eli ba3etha ldlilek mlak,negative,kaggle_moroccan_sentiment,mixed
كلبه خامجه هذا راينا بكل بساطه ؛ شكوني هالعافنه بش تقيم احمد الاندلسي ؛ انا اسمها مانعرفوش ؛ مثلت في فيلم خامج كيفها ؛ ولات تعطي في رايها هههه,negative,kaggle_moroccan_sentiment,mixed
hadeka sid al rjel,positive,kaggle_moroccan_sentiment,mixed
واش تربى فيكم العجز؟سيرو جمع حطب و شوي معا راسك ؟ ضروري الفاخر …الحطب غي مشتت فالغابة  و العروبيات..عطا الله الحلةل غي حنا لي ولينا استهلاكيين بلا قياس,negative,hespress_manual_khalid,Arabic
Hhhhhhhh. Ma7leha. Fih. Hhhhhhh,positive,kaggle_moroccan_sentiment,mixed
Best review,positive,huggingface_darija_reviews,Arabizi
Vraiment tayara barcha,positive,kaggle_moroccan_sentiment,mixed
لمعلم,positive,kaggle_moroccan_sentiment,mixed
أحسن ممثلة في تونس ♥♥,positive,kaggle_moroccan_sentiment,mixed
باولادي تحس موش تمثيل تقول بالرسمي برافووووو,positive,kaggle_moroccan_sentiment,mixed
mala 7ala tfouhhhhhhhhhhhhhhhhhhh,negative,kaggle_moroccan_sentiment,mixed
بصراحة مثقفة و تعرف تحكي,positive,kaggle_moroccan_sentiment,mixed
لا تمثلني ولا تقنعني !,negative,kaggle_moroccan_sentiment,mixed
Ghda tkhrj lik lhbob,negative,huggingface_darija_reviews,Arabizi
ma mnawer ya walid,positive,kaggle_moroccan_sentiment,mixed
Wallahi bakkani essa5ta,negative,kaggle_moroccan_sentiment,mixed
:* :* :* :* :* :* beravou meryouwm,positive,kaggle_moroccan_sentiment,mixed
خفنا ليصورونا الثقة مكايناش نعس فالمحطة ومنعس فالفندق,negative,huggingface_darija_reviews,Arabic
يعطيك الصحّه برسمي عجبني موقفك,positive,kaggle_moroccan_sentiment,mixed
Bon courage pour la telefon s22+,positive,huggingface_darija_reviews,Arabizi
Bravo maryim,positive,kaggle_moroccan_sentiment,mixed
M3alem bravo,positive,kaggle_moroccan_sentiment,mixed
ساعه رائعة  ومراجعة رائعة,positive,huggingface_darija_reviews,Arabic
Ma7lha moslesl,positive,kaggle_moroccan_sentiment,mixed
Na7aw aka lmasta maya jebo wa7ed amset mznha pfffffff,negative,kaggle_moroccan_sentiment,mixed
A7sen momathellll,positive,kaggle_moroccan_sentiment,mixed
Khty dak garnier o Neutrogena hi matkhdihomchi la plupart galo khaybin,negative,huggingface_darija_reviews,Arabizi
rabbi m3ak ya tounsiya,positive,kaggle_moroccan_sentiment,mixed
Ma7lek bravi,positive,kaggle_moroccan_sentiment,mixed
3al 7it,negative,kaggle_moroccan_sentiment,mixed
مرزينكم القوة لله وممصتكم اعوذ بالله من الوجوه النتنة,negative,kaggle_moroccan_sentiment,mixed
Bravo kafon,positive,kaggle_moroccan_sentiment,mixed
إنسان لا يعرف معنى الحوار تافه 😅 👎👌,negative,kaggle_moroccan_sentiment,mixed
Hhhh tayara ya sami,positive,kaggle_moroccan_sentiment,mixed
امرأة فاضلة,positive,kaggle_moroccan_sentiment,mixed
هذا إن دل فإنما يدل على مدى الحقد و الحسد الذي يكنه لنا نظام العسكر الكرغولي بالأمس قذائف ذات صنع إيراني تسقط بضواحي السمارة فكيف لشاحنات مدنية معزولة مغربية بين الحدود الموريتانية المالية,negative,hespress_manual_khalid,Arabic
Bravooooo😄,positive,kaggle_moroccan_sentiment,mixed
7al9a masta,negative,kaggle_moroccan_sentiment,mixed
sa7it nour wassel,positive,kaggle_moroccan_sentiment,mixed
راك معلم.,positive,kaggle_moroccan_sentiment,mixed
Abda3t ya kafon ama ech3ar wel mrayet mahomch mwetin b3adhhom,positive,kaggle_moroccan_sentiment,mixed
باارشاا قحب :),negative,kaggle_moroccan_sentiment,mixed
لا حول الله لا خير لا فيك و لا في خوك كل انسان اندو حق الرد اما بالطريقة هذي  سامحني فيك قلة تربية,negative,kaggle_moroccan_sentiment,mixed
ناااااااضي نيت اعطي الموت موتة😬😬💥,positive,huggingface_darija_reviews,Arabic
مسلسل روعة اختكم من الجزاءر,positive,kaggle_moroccan_sentiment,mixed
beha9 momtez raw3a,positive,kaggle_moroccan_sentiment,mixed
احسن ماركة عندي هي سامسونغ,positive,huggingface_darija_reviews,Arabic
baya mamestek na7ih el boudi 5ir winti thabet w t3awed,negative,kaggle_moroccan_sentiment,mixed
tahfoun barchha bon courag fehri sami,positive,kaggle_moroccan_sentiment,mixed
أحلى صافي سعيد,positive,kaggle_moroccan_sentiment,mixed
راجل وسيد الرجال ..ظاهر راجل شبعان وعينوا مليانة رغم الفقر/..والفقر فقر المخ والنفوس..ويستحق أعلى وسام في الدولة..برافو وربي يكثر منو  الناس   ...,positive,kaggle_moroccan_sentiment,mixed
مبرووووك القناعة باهية,positive,kaggle_moroccan_sentiment,mixed
Bourjouliaaa baredli 3ala 9albi bklamou  bravo walid,positive,kaggle_moroccan_sentiment,mixed
محل لك يا وجيهة أما أنت راك فنانة هلامية بلاثتك موش في تونس علاش ما تعملش كيما سناء كويس عفوا سناء يوسف,positive,kaggle_moroccan_sentiment,mixed
ما قنعنيش :/,negative,kaggle_moroccan_sentiment,mixed
تافهة و غناها أتفه منها,negative,kaggle_moroccan_sentiment,mixed
7ayawan bellehi kifch jeybin wa7ed masa5 kima hetha bellehi wala aka eli ta7ki 3la artiste w jeyba ma3andha ki enti msenda wa7ed kima hatheka bara 3aras b antha zeyd cho win wselna,negative,kaggle_moroccan_sentiment,mixed
malla kertha,negative,kaggle_moroccan_sentiment,mixed
عاهرة من عاهرات ابليس🔥,negative,kaggle_moroccan_sentiment,mixed
Raw3a bravo,positive,kaggle_moroccan_sentiment,mixed
السؤال لماذا كل مرك تعاد الكرة من إحراق و إختطاف و سرقة و مازال المغرب يصدر لهذه الدولة بحيث لا تستطيع تأمين لا بلدها و لا حتى طرقاتها و تعاودون الكرة مرة أخرى و نتلقى نفس الاخبار … فهل بلدنا متساهل لهذه الدرجة مع الاجانب… و لماذا لا يوقفون التصدير نهائيا لدول جنوب الصحراء… و معلومة أخيرة الصحراء المغربية لا تحتاج لهذه الدول فهي بيد مجلس الامن الاميركي فكفى خوفا من و تساهلا مع هاته الدول و العزة للوطن …,negative,hespress_manual_khalid,Arabic
Bravo walid tounssi,positive,kaggle_moroccan_sentiment,mixed
مااحلاها ريم الرياحي زين و تربية و برستيج ان شاء الله ربي يوفقها و نشوفوها في حاجة حلوه في رمضان سنه 😘,positive,kaggle_moroccan_sentiment,mixed
لن تسطتيعي إغرائي يا سافلة,negative,kaggle_moroccan_sentiment,mixed
Bravo bravo bravo très bien continu amiin rabi m3ak yeser yeser rajel amiin w motrobi,positive,kaggle_moroccan_sentiment,mixed
هي و شنوه المشكل علاش تقلنا احنا هههههههه ملا تفاهة,negative,kaggle_moroccan_sentiment,mixed
tbarkalha a3lik walha bravooooo hanan ;),positive,kaggle_moroccan_sentiment,mixed
يا صطوفة يا معلم ابعثهم الكل,positive,kaggle_moroccan_sentiment,mixed
أنا شريتو لبارح طيب بيه الحريرا دغيا طابت زوين,positive,huggingface_darija_reviews,Arabic
Wled  7oumti   w bravo wlh   :),positive,kaggle_moroccan_sentiment,mixed
نسبة مشاهدة كبيرة رغم التشويش الى صار ...برافو واصل,positive,kaggle_moroccan_sentiment,mixed
بعد عامين من الإستخدام سوف تضيع شاشته بسبب الخيال shadow وهذا العيب ديال هواتف السامسونج العالية الجودة بالمقارنة مع الشركات الأخرى، وفي الأخير للمعلومة فالتصوير الليلي بهذا الهاتف العملاق مخيب للأسف كما عهدنا في جل هواتف السامسونج الباهضة الثمن.,negative,huggingface_darija_reviews,Arabic
مفيدة الفاجرة مسلسل شبه ارهابي,negative,kaggle_moroccan_sentiment,mixed
Mamst waldh hal jomhour ettafah,negative,kaggle_moroccan_sentiment,mixed
Bsara7a 3jebni mae9fou fi mawthou3 lmathaliya ljensiya,positive,kaggle_moroccan_sentiment,mixed
brabi ken fema kilma ghir msata 9ouloli bil wa3jen bil wa3jen jibbbb jdida rak walit carte ma7rou9a :(,negative,kaggle_moroccan_sentiment,mixed
تفوه عليها وعلي جابها خسارت رجالك يا تونس ملا منظر الله لتربح إلي جابها وقدمها على أنها فنانة 😝😝😝,negative,kaggle_moroccan_sentiment,mixed
ممتازة ومتمكنة في التمثيل لكن نريدوا الجديد,positive,kaggle_moroccan_sentiment,mixed
يعجبني دور بسام الحمراوي برافو,positive,kaggle_moroccan_sentiment,mixed
كتصيفط خارج البلاد,neutral,huggingface_darija_reviews,Arabic
tafhiin....,negative,kaggle_moroccan_sentiment,mixed
El kapo,positive,kaggle_moroccan_sentiment,mixed
محلاها البنية و فيه البركة,positive,kaggle_moroccan_sentiment,mixed
خليه شوية على الطبيع ومسحي بشيفون فازك,neutral,huggingface_darija_reviews,Arabic
محلاه محلاه ياخي باكو جي ولا سرفيس كيسان تقول باش يدخلوه معاهم في الجهاز، الطفل يعرف يغني و محترم و ربي يعينو فقط،,positive,kaggle_moroccan_sentiment,mixed
وجوه النحس .كروك .ملهات,negative,kaggle_moroccan_sentiment,mixed
تعرفو كرهتوني في قنات تونسي برمجكم اخي اخي بكل مصظين برشا,negative,kaggle_moroccan_sentiment,mixed
حصة راقية بأتم معنا الكلمة و ريم زادتها رقي برافو,positive,kaggle_moroccan_sentiment,mixed
Allah latrab7ek malla chlayk wo mal la rhout,negative,kaggle_moroccan_sentiment,mixed
أقوى لقطة في الحلقة بصراحة     برافو ياسين,positive,kaggle_moroccan_sentiment,mixed
Zina dima 3ala tbi3etha w spontané te3jebni barcha,positive,kaggle_moroccan_sentiment,mixed
Derwich  yedderwich,negative,kaggle_moroccan_sentiment,mixed
نمووووووت فيييييه,positive,kaggle_moroccan_sentiment,mixed
كيف سيدي كيف جوادو كيف المنشط و بية وشكيب مامسطكم كلكم,negative,kaggle_moroccan_sentiment,mixed
L cameras nefs l hardware dial 21 tbdel ghir l processing !!!,positive,huggingface_darija_reviews,Arabizi
أكبر طحان هذا رضع في الحليب والله.بوبه كان طحان كبير في تجمعو الناس كل تعرف في قابس وحنا من تشرفوش بيه فرخ ميبون تفوه,negative,kaggle_moroccan_sentiment,mixed
فليم زوين 🥰🥀💯,positive,huggingface_darija_reviews,Arabic
فنان متربي ومتخلق حتى وقتلي كان  اغنيه مزود  ربي يوفقو في طريقو الجديد,positive,kaggle_moroccan_sentiment,mixed
3adiya,positive,kaggle_moroccan_sentiment,mixed
حلووووووووووو,positive,kaggle_moroccan_sentiment,mixed
ممثلة من الوزن الثقيل,positive,kaggle_moroccan_sentiment,mixed
Erahmoni akber rajel bravo,positive,kaggle_moroccan_sentiment,mixed
يامرتزقة ياخونة يادياثة ويا عهرات...,negative,kaggle_moroccan_sentiment,mixed
Merga,negative,kaggle_moroccan_sentiment,mixed
بصراحه ياسر تزوفير وقله احياء,negative,kaggle_moroccan_sentiment,mixed
لكن الفاصل طويلا جدا وقد امسط المسلسل,negative,kaggle_moroccan_sentiment,mixed
ريم الرياحي محترمة  😴😴😴,positive,kaggle_moroccan_sentiment,mixed
هذيكا المعلمة أنا نموت علها ونتمنی نحضرلها في مسرحية,positive,kaggle_moroccan_sentiment,mixed
Tfoooooooooooooooooh mosalsal ro5s w 5ziiiiiiiiih,negative,kaggle_moroccan_sentiment,mixed
جعفور يا معلم انت مثال للفنان التونسي الي نتمنوه اليوم,positive,kaggle_moroccan_sentiment,mixed
لازم يبدلو اسمو في المضمون وي سموه ليلى والعار على قنات كبير مثلى الحوار التونسي تستدعي هذا الشخص,negative,kaggle_moroccan_sentiment,mixed
البنات بنتي شي شهراين دبا او هيا طايبة ماخليت مادرت ليها او والو او مسيكينة تاتحك ليرعارفة شي حاجا تقولها ليا الله احفظكوم,neutral,huggingface_darija_reviews,Arabic
عليكم اللعنة عملتو العارًًًًًًًً,negative,kaggle_moroccan_sentiment,mixed
Bsaraha baya masta w yeser tetsanaa ya hasra kif kenet,negative,kaggle_moroccan_sentiment,mixed
لواط وتحليل شرب الخمر وتشكيك فالنص القرآني لا حول ولا قوة إلا بالله اللهم لا تجعلنا مع القوم الفاسدين,negative,kaggle_moroccan_sentiment,mixed
"M3alem sa,7bi",positive,kaggle_moroccan_sentiment,mixed
tfoooh 3la elkomaj mta3kom ganat ekmaj,negative,kaggle_moroccan_sentiment,mixed
برافو شكيب,positive,kaggle_moroccan_sentiment,mixed
Bravo ناجي جلول,positive,kaggle_moroccan_sentiment,mixed
مسلسل ممتاز ثقافي عائلي,positive,kaggle_moroccan_sentiment,mixed
شريتو لبارح كيطلق ريحة خانزة,negative,huggingface_darija_reviews,Arabic
محلاكم يا ولاد موفيد,positive,kaggle_moroccan_sentiment,mixed
تافه ركيك و بليد و مش متربي,negative,kaggle_moroccan_sentiment,mixed
ماشاء الله يعطيك الصحة…,positive,kaggle_moroccan_sentiment,mixed
معزو هالفنان برافووووو,positive,kaggle_moroccan_sentiment,mixed
برجولية فنان,positive,kaggle_moroccan_sentiment,mixed
وحدو في الهشاشة,positive,kaggle_moroccan_sentiment,mixed
whdék ya daléjiii wécha3b m3akkk ya stoufaa,positive,kaggle_moroccan_sentiment,mixed
يعيش بتفهات لانه ببساطة تافه,negative,kaggle_moroccan_sentiment,mixed
jeb rabi tla3 thema rajel fi plateau bravooooo walid,positive,kaggle_moroccan_sentiment,mixed
Men ahsen lmomathlet fi tounes wbitawfi9,positive,kaggle_moroccan_sentiment,mixed
Manti9ouuuuuuch.,negative,kaggle_moroccan_sentiment,mixed
راجل طيب فوزي,positive,kaggle_moroccan_sentiment,mixed
مسخة خامجة تحسايب روحها مزيانة من توا تفيش علينا مالا كان تولي مشهورة آش تعمل ؟؟,negative,kaggle_moroccan_sentiment,mixed
مسلسل فاشل..انحطاط اخلاقي ..,negative,kaggle_moroccan_sentiment,mixed
برشا قحب,negative,kaggle_moroccan_sentiment,mixed
احلى جعفور,positive,kaggle_moroccan_sentiment,mixed
فنان أشرف من برشا فنانين,positive,kaggle_moroccan_sentiment,mixed
RAK MASET,negative,kaggle_moroccan_sentiment,mixed
أحلا صوره أرها في حياتي,positive,kaggle_moroccan_sentiment,mixed
ma9allllll 7ayakommmmmmmmmmmmmmm tifihhhhhhhhh,negative,kaggle_moroccan_sentiment,mixed
miskin  yelzmou  tbib  nafsani  3andou  moraki na9ss  kbiiiiiiiiiiiiiiiiiiiiiiiiiiiiiir,negative,kaggle_moroccan_sentiment,mixed
و يا منذر قفراش لن يعود بن علي و جماعته,negative,kaggle_moroccan_sentiment,mixed
Oui 3alemiya 😚😍😘💕,positive,kaggle_moroccan_sentiment,mixed
Kalb kbir,negative,kaggle_moroccan_sentiment,mixed
معلم ومايرشفها لحد,positive,kaggle_moroccan_sentiment,mixed
Bravo ye3jebni,positive,kaggle_moroccan_sentiment,mixed
معلم شيخنا .. واصل,positive,kaggle_moroccan_sentiment,mixed
برافو توفيق بردت على برشة قلوب,positive,kaggle_moroccan_sentiment,mixed
Tfouh 3lik w 3laha,negative,kaggle_moroccan_sentiment,mixed
تبارك الله ما شاءالله هذا الجلاليب واعربن,positive,huggingface_darija_reviews,Arabic
Ya em3lil ya walid,positive,kaggle_moroccan_sentiment,mixed
Nour chiba y'a m3almmm <3 <3,positive,kaggle_moroccan_sentiment,mixed
Ma7leh barhouma,positive,kaggle_moroccan_sentiment,mixed
التونسية دخلت في الحملة الانتخابية جهار في النهار تهز في الطحين لترويكا,negative,kaggle_moroccan_sentiment,mixed
مخيبها وممسطها محملتهاش وزيد من فوق ادافع على حاجة حرام زدت كرهتها جملا,negative,kaggle_moroccan_sentiment,mixed
a7la zina w a7la gasriniya,positive,kaggle_moroccan_sentiment,mixed
حسبي الله و نعم الوكيل فيك يا سامي الفهري,negative,kaggle_moroccan_sentiment,mixed
حثالة مثل هذا توفيق لا تربية ولا أخلاق مقرف,negative,kaggle_moroccan_sentiment,mixed
Bravo  mr le ministre!,positive,kaggle_moroccan_sentiment,mixed
NN masta hal9et lyoum,negative,kaggle_moroccan_sentiment,mixed
asssal,positive,kaggle_moroccan_sentiment,mixed
Waw Waw الله يرزقنا 🤲🤲🤲🤲🤲,positive,huggingface_darija_reviews,Arabic
bravoo semi,positive,kaggle_moroccan_sentiment,mixed
لعنة الله عليكم فى شهره المبارك,negative,kaggle_moroccan_sentiment,mixed
تعجبني,positive,kaggle_moroccan_sentiment,mixed
yezew mesiyesa fadina menha,negative,kaggle_moroccan_sentiment,mixed
كمشة بهايم في البرنامج، وينك يا شكيب يا معذبهم.,negative,kaggle_moroccan_sentiment,mixed
hhhh masseeet barchaaa,negative,kaggle_moroccan_sentiment,mixed
فكاهة و راب حاجة خارقة للعادة Bravo kafon ♥,positive,kaggle_moroccan_sentiment,mixed
للشهامة عنوان :D,positive,kaggle_moroccan_sentiment,mixed
Chnakrhek >:(,negative,kaggle_moroccan_sentiment,mixed
تحياتي برافوا,positive,kaggle_moroccan_sentiment,mixed
حقيقة شيء مخزي وعار على الامة العرية كل هذه التفاهات التي يقدمها اعﻻمها سواء في تونس او غيرها كل ما يبثونه من برامج ﻻيتناسب مع ما نحن فيه وﻻ يخدم قضيتنا التي تركناها وتفرغنا للمسلسﻻت التافهة والبرامج القذرة التي تنخر افكار شبابنا وعقول صغارنا وهذا ما يريده الغرب ان نبقى غافلين عما نحن فيه امتنا تشتت وثرواتنا تنهب  وشبابنا يقتل ويكفر في بعض تبا لهذا الاعﻻم ولهذه القنوات الفاسدة التي ﻻ تصلح لشيء اﻻ الى زرع الفتنة و اشاعة الفاحشة وتدمير القيم والاخﻻق.....,negative,kaggle_moroccan_sentiment,mixed
اتفوووووه على اولاد الرقاصة والي يتفرج فيهم,negative,kaggle_moroccan_sentiment,mixed
Masta 3l le5er 😒👎😑,negative,kaggle_moroccan_sentiment,mixed
موش عيب فيك عيب فلي عملك قيمة و ستدعك خطرك عار والمرأة التونسية بربي معاش تورين وجهك انتي طحت قبل ما تطلع,negative,kaggle_moroccan_sentiment,mixed
انا تعجبني برشا اما ياسر لا تخبش ولا دبش....تفلفل شوية يا الفة...,positive,kaggle_moroccan_sentiment,mixed
نحسها تافه وعيشه دورها,negative,kaggle_moroccan_sentiment,mixed
حلواااا ياسر السهريه الليله,positive,kaggle_moroccan_sentiment,mixed
كاملة لي زوين عندهم هو الواقي الشمسي اما كولشي غي ماركوتينغ,negative,huggingface_darija_reviews,Arabic
البرنامج هذا مايجيب كان الحثالة,negative,kaggle_moroccan_sentiment,mixed
محلاك يا راضية,positive,kaggle_moroccan_sentiment,mixed
Bravo lotfi (y) moumathel w comedy naje77 w mayhemek fi klem 7add rahom ghayrinn wasel,positive,kaggle_moroccan_sentiment,mixed
مزينة,positive,kaggle_moroccan_sentiment,mixed
الله يسخر الثمن مع المنتوج مزيان,positive,huggingface_darija_reviews,Arabic
"fffff 9emma,fi tafaha",negative,kaggle_moroccan_sentiment,mixed
"ساعة toop فالشكل و الناقة""",positive,huggingface_darija_reviews,Arabic
Ya jehél ....,negative,kaggle_moroccan_sentiment,mixed
Rajel walah,positive,kaggle_moroccan_sentiment,mixed
Emmarek tfoh 3lihom 7achekom,negative,kaggle_moroccan_sentiment,mixed
Laaaaaaaaaa mns7kch hada kaysla7 lbchra ljafa omachi ltartib howa gha ky9wi l7ajiz dlbcha ila kan mahlok,negative,huggingface_darija_reviews,Arabizi
Makhyeb dhohktouu,negative,kaggle_moroccan_sentiment,mixed
monafe9 w kadeb,negative,kaggle_moroccan_sentiment,mixed
Machalllah,positive,kaggle_moroccan_sentiment,mixed
sa7bi ya3tik isa7a,positive,kaggle_moroccan_sentiment,mixed
"mouch rajel""",negative,kaggle_moroccan_sentiment,mixed
ja3four moumathel tayara w etwansa el kol y7ebouh . w inchalah min 7asen ila a7sen,positive,kaggle_moroccan_sentiment,mixed
يسكر مع خميس قصيلة في حلق الوادي ، هذا الطحان,negative,kaggle_moroccan_sentiment,mixed
أشكون هالعبيثة هاذي زادة,negative,kaggle_moroccan_sentiment,mixed
برافووووا وليد قلت كلمة حق وعبرت على راي نص الشعب التونسي,positive,kaggle_moroccan_sentiment,mixed
Masta ou nawfel massit ou 9anet il 7iwar masta,negative,kaggle_moroccan_sentiment,mixed
Ma7lek wallah,positive,kaggle_moroccan_sentiment,mixed
توحشانااااااااااكم برشااااااااا,positive,kaggle_moroccan_sentiment,mixed
3saaalll 3salll 3sal wlh nour habet 3lik alah wa7ad nahthawiya w 3lik lklem ma7lek #Mme_me7erziya  wahertek wa7adha ♥♥♥♥♥♥,positive,kaggle_moroccan_sentiment,mixed
5iiiiit brabi na7iyouh,negative,kaggle_moroccan_sentiment,mixed
فلم أكثر من رائع الاسره المغربيه الاصليه,positive,huggingface_darija_reviews,Arabic
تبارك الله في المستوى كيف ما عودتينا,positive,huggingface_darija_reviews,Arabic
Tffoooo,negative,kaggle_moroccan_sentiment,mixed
"ماسطة تقتل بالمساطة""",negative,kaggle_moroccan_sentiment,mixed
bravo layla echebi  o9tolhom bdem bered,positive,kaggle_moroccan_sentiment,mixed
bfffff maaaaaaaaaaaaaaaaaset laaaaaaaaaaaaaaaaaset,negative,kaggle_moroccan_sentiment,mixed
Raw3a.   Mahlahoum,positive,kaggle_moroccan_sentiment,mixed
kolkom emas5in,negative,kaggle_moroccan_sentiment,mixed
راك ماسط راك  لاسط,negative,kaggle_moroccan_sentiment,mixed
فنان و  عليه الكلام ، عبرة لمن يعتبر في الاخلاق .,positive,kaggle_moroccan_sentiment,mixed
موديلات زوينين,positive,huggingface_darija_reviews,Arabic
Borjliya 3ejbetni ENA la9ta,positive,kaggle_moroccan_sentiment,mixed
wow sumsung 22 ULTRA,positive,huggingface_darija_reviews,Arabizi
Ena bekitni .bravo,positive,kaggle_moroccan_sentiment,mixed
Tfooooh,negative,kaggle_moroccan_sentiment,mixed
mahleha,positive,kaggle_moroccan_sentiment,mixed
BRAVOOOOOOOOOOO,positive,kaggle_moroccan_sentiment,mixed
تافه و منحط ملا شلاكة جايبنو توا هذا يضحك!!!!! ما مسخفيني كان المساجين الحبس و زيد هالفوgيرة الماسطة,negative,kaggle_moroccan_sentiment,mixed
السلام عليكم حتى أنا عندي نفس المشكل,negative,huggingface_darija_reviews,Arabic
Amin gara yeser tefah,negative,kaggle_moroccan_sentiment,mixed
معلم يا مقداد... ثفافة وضمار ولسان طويل في الحق ... ربي يحفظك ويعليك على من يعاديك,positive,kaggle_moroccan_sentiment,mixed
شيحكي هالابله,negative,kaggle_moroccan_sentiment,mixed
M3alem wakahaw,positive,kaggle_moroccan_sentiment,mixed
Ana nehibha bezaf,positive,kaggle_moroccan_sentiment,mixed
hahhahahahahha ta3jabni  :*,positive,kaggle_moroccan_sentiment,mixed
تحياتي لهاتة الاستاذة. انا شخصيا درست عندها بكلية الحقوق بصفاقس .استاذة عظيمة.وما  الاعاقة الا اعاقة الاخلاق و المبادئ.,positive,kaggle_moroccan_sentiment,mixed
لطفي العماري إبليس في شكل إنسان ! غبي و أحمق و جاهل يدعي العلم وهو لا علاقة له لا بالعلم و لا الإعلام قضى طفولة سيئة و كان  منبوذا من أبناء جيله و أصدقاء المدرسة لم يتقبلونه لغبائه و حقده على أترابه وكان يكره التربية الإسلامية ،سأكتفي بهذا حتى يأتي ما يخالفه,negative,kaggle_moroccan_sentiment,mixed
Wa7dek ya m3alem,positive,kaggle_moroccan_sentiment,mixed
malla  ra7a men hek sa5ta  el masseeèt  chakib derwich,negative,kaggle_moroccan_sentiment,mixed
انا نحبها بارشا ااااا ممثلة بارعة,positive,kaggle_moroccan_sentiment,mixed
أمسط منو مفماش و شنية مشكلتو مع النهضة ملا  رجعي,negative,kaggle_moroccan_sentiment,mixed
Bravo wlh,positive,kaggle_moroccan_sentiment,mixed
عندها صوت حلو برشااا تابعتها في ستار أكاديمي... صوتها بالخليجي روووووعة,positive,kaggle_moroccan_sentiment,mixed
hhhhh Bravo sami 3ajbniii barcha دنيا اخرى,positive,kaggle_moroccan_sentiment,mixed
المعلم ولد الشعب,positive,kaggle_moroccan_sentiment,mixed
Ma5yabha,negative,kaggle_moroccan_sentiment,mixed
Ya5ouya mamstouuuuu,negative,kaggle_moroccan_sentiment,mixed
Mamestou w marakou,negative,kaggle_moroccan_sentiment,mixed
Bravo :'(,positive,kaggle_moroccan_sentiment,mixed
Ti bara raye7 ya tha3lab sa7ra ya miboun elja7im,negative,kaggle_moroccan_sentiment,mixed
Ya sourek ya 5oumej tbi3ou fi gerd tath7kou 3l cherih,negative,kaggle_moroccan_sentiment,mixed
نور  شيبه ديما متالق ديما يصنع الجو و ربوخ وهره و قد و صوت,positive,kaggle_moroccan_sentiment,mixed
يا معلم طلعة رااااااااااجل .قسما بالله موقفك لليلة لو كان نشوفك تعبد في بقرة نپقى نحترمك ما حايية  براااااااااافووووووووو,positive,kaggle_moroccan_sentiment,mixed
مقرف، مستوى متحط، لأول مرة أجد نفسي متعاطف مع النهضة، إضطررت لتغيير القناة لأنه سبب لي الغثيان,negative,kaggle_moroccan_sentiment,mixed
Alah wahad,positive,kaggle_moroccan_sentiment,mixed
قلة تربية لا أكثر لا أقل,negative,kaggle_moroccan_sentiment,mixed
chbik maset el bereh eddrama athret 3lik,negative,kaggle_moroccan_sentiment,mixed
Maset barcha,negative,kaggle_moroccan_sentiment,mixed
Ye3jebni w bravo 3ebdelli (y),positive,kaggle_moroccan_sentiment,mixed
أنا نحب أولاد مفيدة,positive,kaggle_moroccan_sentiment,mixed
bravo manel amara,positive,kaggle_moroccan_sentiment,mixed
masset,negative,kaggle_moroccan_sentiment,mixed
"كذاب واضح عليه 8 سنين ضحك علاها 
طحان و لحاس
قناه الدعاره
ما يجيي شيييييييي",negative,kaggle_moroccan_sentiment,mixed
من احسن متاخديهش كان عندي وخسر مكمل حتى العام,negative,huggingface_darija_reviews,Arabic
"Sa7bi kafon m3allem dima blastek honi w fi kol el baramej 
bittawfik
Wahdek ya walid nahitli 5amja 3la 9albi.....
مش عادية برافو
فنانة
Bekketni m3aha",positive,kaggle_moroccan_sentiment,mixed
La qualité,positive,huggingface_darija_reviews,Arabizi
yaser 7lwa w te3jebni bon courage marwa,positive,kaggle_moroccan_sentiment,mixed
Klamo s7i7,positive,kaggle_moroccan_sentiment,mixed
pfffff ma5yebha za7,negative,kaggle_moroccan_sentiment,mixed
"زياد برجي من اروع الاصوات في العالم العربي
a7la aichoucha :*
A7la 7al9a
تهبّل تقتل
ممثل مبدع ربي اوفقك وبرافو علي كلامك
توفيق انسان فاهم كل شئ وصريح ومعبر جدا بحركات وجهه لا يقدر عليها كل إنسان لا ينافق وأنه يعرض مسرحياته فالسجون فهذا عمل يشكر عليه وهو وصل لدرجة الحقد على النهضة لما صرنا إليه من ألم وحزن بحكم هذا الحزب المقنع
Te3jebni
karim elgharbii yaser tayarA
behya 3andi ena w n7ebha tkamel haka w nchallah betawfi9
eni n7bha
انا في دبي و نتفرج فيه كل يوم مسلسل  حوماني تونسي عالمي
لطفي الي حلى الحلقة معلم""",positive,kaggle_moroccan_sentiment,mixed
Rui غير تلات نجوم,negative,huggingface_darija_reviews,Arabic
محرزية العبيدي تتحول  إلى حداثية عرجاء مشوهة تتقن إزدواجية الخطاب....,negative,kaggle_moroccan_sentiment,mixed
Hhhhhhh hhhhhhh ya3teha saha,positive,kaggle_moroccan_sentiment,mixed
عالم منافق,negative,kaggle_moroccan_sentiment,mixed
echi5 el kalb,negative,kaggle_moroccan_sentiment,mixed
لطفي  و أولاد النهدي الكل كلاب,negative,kaggle_moroccan_sentiment,mixed
Bravo,positive,kaggle_moroccan_sentiment,mixed
تعجبني برشة مريومة,positive,kaggle_moroccan_sentiment,mixed
9dech waliiit teeefeh ya sami,negative,kaggle_moroccan_sentiment,mixed
واصل هكا و انشاء الله ديما متألق,positive,kaggle_moroccan_sentiment,mixed
masit w rkik !!!,negative,kaggle_moroccan_sentiment,mixed
شاااارف ...خااارف,negative,kaggle_moroccan_sentiment,mixed
Vraiment motrba wa3leha leklem bravo,positive,kaggle_moroccan_sentiment,mixed
انا في الحقيقة ماشي من محبين الايفون و لكن مكرهناش دير لينا (المميزات و العيوب ديالو),negative,huggingface_darija_reviews,Arabic
هاهوا مقداد الماسط.اوووه ملا مرج,negative,kaggle_moroccan_sentiment,mixed
ملاعين أسأل الله العظيم رب العرش الكريم أن لا يبلغكم رمضان إلا وقد حلت عليكم مصيبة ياسبب هلاك البلاد والعباد,negative,kaggle_moroccan_sentiment,mixed
Bayrem wa7dek.,positive,kaggle_moroccan_sentiment,mixed
اللون الرمادي جميييييل,positive,huggingface_darija_reviews,Arabic
Rabiiii yberik Fik entiii enseeen ndhiif w 5alou9 rabiii ye7mik w yostrek,positive,kaggle_moroccan_sentiment,mixed
Karim ya m3allim,positive,kaggle_moroccan_sentiment,mixed
روعه والله,positive,kaggle_moroccan_sentiment,mixed
bsara7a mamestou mouch dhamer 7atta tarf mechi f belou tawa houwa 5fif dam w houwa arzen menou mafamech,negative,kaggle_moroccan_sentiment,mixed
ما عمره ما ينجم يكون اعلامي حتى لين يتعلم يكون حيادي,negative,kaggle_moroccan_sentiment,mixed
RIM 3SAL,positive,kaggle_moroccan_sentiment,mixed
bhim barcha damo rzin,negative,kaggle_moroccan_sentiment,mixed
Machaallah. Aliek. Ya. Beya,positive,kaggle_moroccan_sentiment,mixed
برافو وليد التونسي خليتهم مثليين في بعضهم وخرجت عملت بالراي برافو 👍,positive,kaggle_moroccan_sentiment,mixed
Aicha ta7founa w ta3jabeni bravo,positive,kaggle_moroccan_sentiment,mixed
امسط و اخيب قناة ريتها في حياتي. وجوه لوح الي تجيبو فيهم . تشجعو عالجهويات.  ملا قناة كلبة. كعبة لا,negative,kaggle_moroccan_sentiment,mixed
Bhima,negative,kaggle_moroccan_sentiment,mixed
انت معلّم و احنا منّك نتعلّم,positive,kaggle_moroccan_sentiment,mixed
Bravo  ناجي جلول,positive,kaggle_moroccan_sentiment,mixed
الا البشره ديالك دهنيه نوووووون نووووو ، غاتولي تقطري بالزيت,neutral,huggingface_darija_reviews,Arabic
La Gamme khaaatiiiraaa Bzaf Ms GhaaLYa Bzaaaaf,neutral,huggingface_darija_reviews,Arabizi
ووووووووو ما اجملك,positive,kaggle_moroccan_sentiment,mixed
بنجاح وتوفيق,positive,kaggle_moroccan_sentiment,mixed
Mala 3ssal,positive,kaggle_moroccan_sentiment,mixed
ياسر ظارباتو في روحها,negative,kaggle_moroccan_sentiment,mixed
zeyed ye ja3four jawek wa7do,positive,kaggle_moroccan_sentiment,mixed
Wallahi 3ssal :D,positive,kaggle_moroccan_sentiment,mixed
Rim dima mwahra w ma7leha booo zinek haw nsa wala lwa7 :* <3,positive,kaggle_moroccan_sentiment,mixed
احسن واحد  في البرنامج  ربي ينورلك حياتك هشام الخلصي,positive,kaggle_moroccan_sentiment,mixed
ماسط مانحباش,negative,kaggle_moroccan_sentiment,mixed
A7la kafon,positive,kaggle_moroccan_sentiment,mixed
الفة نحبو جديدك رانا نستنوو,positive,kaggle_moroccan_sentiment,mixed
جعفور والله معلم وكامل أكيكا وربي معاك ♥♥♥,positive,kaggle_moroccan_sentiment,mixed
مسلسل قوي,positive,kaggle_moroccan_sentiment,mixed
يومين قبل لعيد تنسافر مع لولاد وتندوزو سيمانة د كونجي ب 5 آلاف درهم بعاد على لحوالا,positive,hespress_manual_khalid,Arabic
ya ka7ba,negative,kaggle_moroccan_sentiment,mixed
صراحة عبد الله فركوس احسن ممثل والافلام المغربية كلها زوينة أخوكم من الجزائر,positive,huggingface_darija_reviews,Arabic
nawfel mtrobi wa rajel 3likom,positive,kaggle_moroccan_sentiment,mixed
"Mra tounsya mo7tarma brcha tbrkalah 3leha,",positive,kaggle_moroccan_sentiment,mixed
زوين بزاف داك الغوز معرفتش علاش مبقاوش يجيبهم,positive,huggingface_darija_reviews,Arabic
rajel ... point a la ligne,positive,kaggle_moroccan_sentiment,mixed
كريم يا معلم,positive,kaggle_moroccan_sentiment,mixed
Bsarraha dhhorli tefah barcha w fekra tefhaa barchaa  majouch hlow jemlaa,negative,kaggle_moroccan_sentiment,mixed
Ta7on,negative,kaggle_moroccan_sentiment,mixed
كما العادة ديما الجديد ولا اروع,positive,huggingface_darija_reviews,Arabic
مقداد بلاهي أرزن هه راجل كبير راك,negative,kaggle_moroccan_sentiment,mixed
raw3aa,positive,kaggle_moroccan_sentiment,mixed
يوخياني خرجوه عليا هالهم مقداد السهيلي ركبني لعصاب بربي شكون حطو نقيب هذا... هالانسان مصاب بمرض نفسي نادر ...راهو ماسط لاسط .. فالو نقيب يكب سعد العار... عمرنا ما سمعنا نقيب في مصر والا لبنان والا اي دولة نحاو انخراط فنان رغم العرى والقرا والانحطاط الي عندهم ... بالعكس يدافعو على فنانيهم لاخر لحظة وشفنا موقف اشرف زكي مع الفنانة ميرهان حسين قلب الدنيا وقريب يردها قضية راي عام ... كان ينجم هالعبقري مقداد سهيلي مثلا يعطيها انذار والا توبيخ .. وزيد ياخي ما شافش منال عمارة والا زازا والا غيرهم .. كلهم كي بعضهم .. اكيد بش تجي براسو هالعملة ويطيح فيه دعاء توانسة لكل .  ويا وخياني ممسطو هههه,negative,kaggle_moroccan_sentiment,mixed
Bsaraha mkatel dohk .bravoooo,positive,kaggle_moroccan_sentiment,mixed
m7lekom,positive,kaggle_moroccan_sentiment,mixed
عمل ضعيف و مقرف الي حد هذه الساعة من 2 حلقات,negative,kaggle_moroccan_sentiment,mixed
هادا ما صالحش للطياب هادا هير ايلا خوات اابوطة علي غفلة الواحد يديباني بيه وصافي,negative,huggingface_darija_reviews,Arabic
الصراحة مميز,positive,kaggle_moroccan_sentiment,mixed
الله يعتيكم كارثة يا قناة الفساد و العار,negative,kaggle_moroccan_sentiment,mixed
باز عندو ولدو يرخف على هذاك يشوفلو في عذر ولاونو العذر عندو خارج ١/٢  ميترو ههههههههه ياكلاااااب,negative,kaggle_moroccan_sentiment,mixed
بللاهي معاش تجيبونا هالمارك بفففف -_-,negative,kaggle_moroccan_sentiment,mixed
bravo mawhba 7lowa barcha ena wlh lin bkit bravo ♥♡ bon courage,positive,kaggle_moroccan_sentiment,mixed
مقداد السهيلي أرخص إنسان على وجه الارض و بتاع النقابة الي تكلم نحب نقولو يعطك تيييييييييت,negative,kaggle_moroccan_sentiment,mixed
والله محلاكم,positive,kaggle_moroccan_sentiment,mixed
مورو يا معلم كلك حكم و رصانة,positive,kaggle_moroccan_sentiment,mixed
الله يهلكهم,negative,kaggle_moroccan_sentiment,mixed
نور شيبة... فنان ناجح و محبوب ولعباد لكولها تحبوا يارب توصل للي تحب عليه,positive,kaggle_moroccan_sentiment,mixed
Masete barcha,negative,kaggle_moroccan_sentiment,mixed
بلاد طحين,negative,kaggle_moroccan_sentiment,mixed
ja3four ya roi ma7lek bi rouge nchalah dima mit2ala9,positive,kaggle_moroccan_sentiment,mixed
m3alem ja3four wahdou,positive,kaggle_moroccan_sentiment,mixed
Me3alllllm ya chi5,positive,kaggle_moroccan_sentiment,mixed
قناة الحوار التونسي الله لا تربحبكم واحد واحد...عملتولنا العار...يا طحانة...,negative,kaggle_moroccan_sentiment,mixed
عجبتني الفازه برشااااا هههع,positive,kaggle_moroccan_sentiment,mixed
أحسن الممثلات في تونس bravo wajiha et bon continuation,positive,kaggle_moroccan_sentiment,mixed
ولاه ماسط ولا يعرف إظحك لا شيئ,negative,kaggle_moroccan_sentiment,mixed
bsara7a mahich mte3 do7k w thmar,negative,kaggle_moroccan_sentiment,mixed
bravo ناجي جلول \,positive,kaggle_moroccan_sentiment,mixed
Bravo walid rak m3alm elmabda 9bal echohra bravo,positive,kaggle_moroccan_sentiment,mixed
يعطيك صحة,positive,kaggle_moroccan_sentiment,mixed
مروى صحيح اول مرة تمثل لاكن برافوا اتقنت الدور كما يجب واصل نشاالله بالنجاح,positive,kaggle_moroccan_sentiment,mixed
اخيب ممثله شفتها في حياتي,negative,kaggle_moroccan_sentiment,mixed
mahleek  baya zardi,positive,kaggle_moroccan_sentiment,mixed
yhabbal rawwwww3a,positive,kaggle_moroccan_sentiment,mixed
شنوة صار ؟؟تفووووه عليكم ملاّ تفاهات .,negative,kaggle_moroccan_sentiment,mixed
اكثر. من ماسط,negative,kaggle_moroccan_sentiment,mixed
نحب نقول لجعفر الله يرحم والديك شبعت بالضحك فرهدتلي على قلبي,positive,kaggle_moroccan_sentiment,mixed
"لنكن صرحاء مع بعضنا ،ذهبت إلى السوق اليوم فصدمتني الأثمنة**فريسة** يعني لفريز عن بعض المغاربة ب20 درهم ،التفاح ب20 درهم….بلا منزيد…لماذا هذا الارتفاع المهول في الأسعار خصوصاً هذه السنة الممطرة..؟؟؟ و الآن الحديث عن الفحم الذي سنطبخ عليه لحما ب 350 درهم للكيلو(هو ثمن لحم العيد بعد خصم ثمن ما يرمى مثل الرأس و الاحشاء و الجلد و..و..)مشاكل المغاربة تزداد تعقيدا ،انعدام فرص العمل ,الاجرام،التسول،النصب،الفساد،الغلاء ….لا تحسبوا أن هذا تضخيم بل هو قليل من كثير بل هناك ما هو أخطر و لا يعجب ذكره لدى البعض….",negative,hespress_manual_khalid,Arabic
خليتونا عار بين العرب,negative,kaggle_moroccan_sentiment,mixed
باسل يسر,negative,kaggle_moroccan_sentiment,mixed
فالحقيقة كاع اللوينات غزالين الله يجيب لك التيسير,positive,huggingface_darija_reviews,Arabic
Lotfi abdeli maalem  jibou  lotfi,positive,kaggle_moroccan_sentiment,mixed
Brabi la 3ad tjibouh hal ham ywater,negative,kaggle_moroccan_sentiment,mixed
Tahet 9imtouuuu 5saraa :(,negative,kaggle_moroccan_sentiment,mixed
بصراحة نور شيبا bravoo,positive,kaggle_moroccan_sentiment,mixed
Klem fi klem mefhlna chay menkom ya jma3et idin,negative,kaggle_moroccan_sentiment,mixed
yeser manfou5a walett bozaa,negative,kaggle_moroccan_sentiment,mixed
"هبليه هبليه بسومون و لا بالبرتوقالي (ولله لا طلعت اللون) هبليه هبليه ياااا
3amel rou7ou yefhem fi kol chay o howa la yefhem f chayy
Masat ma5yeb manfare
احترم روحك يا ليلا الشابي وانت عاملة في روحك سبة العري و قلة الحياء وتجي تتكلم على سيدك بورقيبة فلولاه لما كنت و لما درست في المدارس التي شيدها قتلك كانت مناضلة في عهد بورقيبة هههههه
ملا رأس النحاسة...وجه الظبوط....
Tafhineeeeeee.  Wlh
Amset meno ma famach tafeh
a333 mamsatha
تافه و ساذج
Ken tarja3 El rabi hedhi 5ir mol7da kbira ... babour yeser mahi fehma chay w la3betha fey9a
ena man7ebouch w manasem3ouch
Meskina lhiwar ettounssi...
Sel3a gra3
كراوك أخر الزمان
3aycha metkabra yaser 7ata ki wa7ed yaba3thelha message 3al facebook madjawbouch allahou akbar menek barcha"" yaser takabor",negative,kaggle_moroccan_sentiment,mixed
Wlh fsed hal mousalsel :( w fazdetou maryem ben cha3ben za7 bech yetfer9ou wled moufida,negative,kaggle_moroccan_sentiment,mixed
Kadekchi go3er erjel ka3da etmout medda sdourha lelkartouch wenti tahki 3ala soum echrak mte3ek pfffffff,negative,kaggle_moroccan_sentiment,mixed
Mella emarek walina ma3adch netfarjou f tv m3a l3ayla edhehbou wahf yhezkom,negative,kaggle_moroccan_sentiment,mixed
والله ما امسط من نجلاء كان انت  والفن تكب سعدا من نهار لشدية انت نقيب الفنانين برا شوف خدمة  اخرى خيرلك انت عملت عار وريحة  اكثر من نجلاء ....ياسيدي شيخ .....تحكي على الفن شنوا  مستواك انت  تي انت ونجلاء كيف كيف انت م .. وهيا ق... ورجال ميتحقرش يابهيم موش ندافع على الدالاجي اما حسب من شوف خير منك وعطى في ميدان متعوا خير منك .....مرخصك حاصيلوا .........يا مسخ  تفوه عليك وعلى قدرك كان عندك فدر .............,negative,kaggle_moroccan_sentiment,mixed
ki bih ki blech,negative,kaggle_moroccan_sentiment,mixed
معلم 👍👍,positive,kaggle_moroccan_sentiment,mixed
Tawa hetha rajel masa5,negative,kaggle_moroccan_sentiment,mixed
Tayara wallah moutt bidha7ik,positive,kaggle_moroccan_sentiment,mixed
Wa7dek ya barhoum,positive,kaggle_moroccan_sentiment,mixed
برافووووا وليد.. الحمد لله مازال فما رجال يغاروا علی دينهم ويدافعوا عليه من ها الشواذ والمرتزقة...,positive,kaggle_moroccan_sentiment,mixed
Z3im ken fi lklem blablabla,negative,kaggle_moroccan_sentiment,mixed
Bravooo chokooo,positive,kaggle_moroccan_sentiment,mixed
Efffff Effffff Efffff brabbi kouloulhhaaa rakkk dakhlaa dakhlaa ghaltaa samhouni dakhlaa fihiiittt,negative,kaggle_moroccan_sentiment,mixed
Chbik ya amine jaybelnaaa ha ta3abb wlh kabdi le3bet mamsto a3333 bch netkaya hachakom,negative,kaggle_moroccan_sentiment,mixed
ماحلاها,positive,kaggle_moroccan_sentiment,mixed
انحبوها إناس,positive,kaggle_moroccan_sentiment,mixed
"3amlet bou5ou5ou wmba3ed 9atoussi 
5iiiiiiiit tfouh 3lih
برشة وبنة منك يا مسخ تفووووه عليك
milla mostewe habit
عمل العار 😑
مفكر جاهل
شعب اشدو فيه على جونة وسيكارو مبروم وعبد كيما الخامج هذا سارق ومتحيل وفاسد وقمارجي وتونس كاملة تتفرج فيه وميكلمو حدّ،قلو شكون يربح المليار،
كلب من كلاب المتمرة
Masta
Zbala taya7 9imet elbarnamej
Masit lasit
واخو اكثر من حقو و العيب في الإعلامي الي ستدعاه
Mala fal9a
Mast
masete laset
مسلسل يدرب على الوبنة
mala henda ma5yebha :3
pfffffffffffffffffffffffffffffffff mamstik w marznik: en7eb na3ref echbikom kif et3adiou ala sar fil 7al9a elli fetet al web; met9oulou ken ala 7ajet el behya; 9oulou marra wa7da 9alet mamstek w marznik ya amin gara ;trah ??
يوتّرني حضوره و تعليقاته الموجهة و مداخلاته التي لا تخلو من المغالطات....صدقوني يمرضني وراسي يوجعني و ينرڥزني
mate3jbnich
Masett lasett...
Maaaaaaaaaaaaaaaaaaset 3al le5er
ممثل فاشل و ماسط
Ha binti bari raW7i
rajel ou sed arjel
Mla tafehet
ﺍﻧﺴﺎﻧﺔ ﻣﻀﺮﻭﺑﺔ ﻓﻲ ﺭﻭﺣﻬﺎ
بصراحة حصة كلام الناس ولاة قعدة في قهوة الحومة لعب ذر المقدم فارغ يحب التهريج واللعب وزيد البعض مالضيوف دون المستوى مما يجعل الحصة تافهة مملة فارغة المحتوى
برشه بلاده و قله حياء
ماسط كالكلاسة -_- عمروو ما يضحّك :/
انسان تافه ماسط لاسط مقرففففففف
Mela kafon mamstou 3abed
انها لا تمثل المرأة التونسية و من لا تحترم الرجال لا تحترم دينها هي ايضا  لا تحترم ولدها.
Mathalèkkkkkkkk ya w5ay 5iiiiiiiiiiiiit maratech 3ini
Maaaaaaaaassssta lassssta
nakrhou
hhhhhhhhhh mala sil3a
حيوان
اعلام فسد الشباب وضيع اخلاق الناس ...",negative,kaggle_moroccan_sentiment,mixed
قداشو لحاس هذا قول سي الباجي يسود وجهك وجهو انتم قدسو للعباد ورب لعباد قاعد يعاقب فينا بالحاضر,negative,kaggle_moroccan_sentiment,mixed
Erta7na men maya jena esa5ta hedha,negative,kaggle_moroccan_sentiment,mixed
والله عز الناس و معلم ........ربي اعينو,positive,kaggle_moroccan_sentiment,mixed
عسل عسل,positive,kaggle_moroccan_sentiment,mixed
مهزلة كبيرة,negative,kaggle_moroccan_sentiment,mixed
بصرحا مش الحق عليه هوا الحق على الي عرض الصور تع مرا عرينا وذالك اكبر سقوط للاعلام واهم دلاله ان الاعلام لا يخدم مصلحة المواطل باليخدم مصلحة الجيب,negative,kaggle_moroccan_sentiment,mixed
Shiih tcheed matsayeeb amaa la79iii9aa edhoohkaa maaak walaa lawaa7,positive,kaggle_moroccan_sentiment,mixed
محلاه و مخف دموا,positive,kaggle_moroccan_sentiment,mixed
Il faut boycotter cette coupe du monde en soutenant nos frères iraniens musulmans,negative,hespress_manual_khalid,Arabic
yessir massit,negative,kaggle_moroccan_sentiment,mixed
تافهة......لا تمثل المرأة التونسية,negative,kaggle_moroccan_sentiment,mixed
تحسو احول وماسط شوييييا,negative,kaggle_moroccan_sentiment,mixed
moumtez+moutrabi,positive,kaggle_moroccan_sentiment,mixed
محلاهم و محنهم البنيات والله سيودة,positive,kaggle_moroccan_sentiment,mixed
رائعة إنت يا فلة..فالصوت وحده جمال..فنانة ملمة لكل الطبوع...سلطانة في زمن الصعاليك...صوت لكل العصور...ظلمت نفسك و ظلموك أكثر...أحبك فلتنا..,positive,kaggle_moroccan_sentiment,mixed
شخصيتو تحفونه و ابتسامتو رائعه ظاهر ولد اصل و قاللكم بصريح العباره انا نغني باش نصور الفلوس لذا سيبو صالح.,positive,kaggle_moroccan_sentiment,mixed
M3alemmmm bravo😇😆😎😜,positive,kaggle_moroccan_sentiment,mixed
عيب  عليك  حتىى  تضهر   في  التلفزة  ما  تستحيش  على  نفسك   انك  في  بلد  مسلم  وكل  من  يتعاطف  معك  مثلك,negative,kaggle_moroccan_sentiment,mixed
Masetttt,negative,kaggle_moroccan_sentiment,mixed
Mamsthaaaaaaaaaaaaaaaaaaaaaaaaaaaa,negative,kaggle_moroccan_sentiment,mixed
ربي يشفيه,negative,kaggle_moroccan_sentiment,mixed
mayslaaahch lik ghaynwed lik lhboub hit howa mydem bezaf wnti lbechra dyalk dohnya gha tnedmi,negative,huggingface_darija_reviews,Arabizi
سي صلاح معلم بأتم معنى الكلمة تبقينا كي لعزوزة تمسو تسمع حسو,positive,kaggle_moroccan_sentiment,mixed
Enti ahla meno maryouma,positive,kaggle_moroccan_sentiment,mixed
انسان تافه ماسط لاسط مقرففففففف,negative,kaggle_moroccan_sentiment,mixed
Barvoo جعفورر,positive,kaggle_moroccan_sentiment,mixed
Wa7dek ya m3alem ena n7eb 8neyetek elkol,positive,kaggle_moroccan_sentiment,mixed
tho3fet w walet ma5yebha,negative,kaggle_moroccan_sentiment,mixed
فاشل عمر ما ضحك وزاد هذه قلة تربية الحرية عمرها ما كانت  انك اتهين غيرك هذه قلت احترا,negative,kaggle_moroccan_sentiment,mixed
"Ena baketni :'( 
في كلمتين وليد يا راجل ويا معلم البارح كنت سيد الموقف موش كان في رأيك على المثلية لا اما في دفاعك على زميلك واحمد الاندلسي 90 في المية من التوانسة معاه
Bravo sami
Ana walhi ma7lha
Machalah 3leha
To9tel bel wahra w klemk na9rawah fel kteb
Bravooooooooo kar8m
M3alem
من احلى الممثلين في كلمة تهبل :*
محبوب وباهي وتستاهل كل خير
Bravo kafon
مبروووووووك ربي يهنيكم :-*
3asla
Ahsen wahad lmoumathel zayad m3ah
rak m3alem
ma7léhom m3ahom rabi nchallah
Bravo
شخصيه بدر حلوه اما انت منعرفوكش بالقدا ربي يهنيك
oui bravo
M7lehom mwahrin dima
ba7bou7 dha7ak mel5er behi
Thabelll
Machaa allah
oui a9wa la9ta
Rajel w sid erjel. Tbarkallah torbia w a5le9 w sout w rzana w nour. W brabbi haka zina el gassrinia orzon wahf 9addekech go3ra w mostawek motadanni
<3 :D
Bou zinou nmout 3lih :* <3
يعطيك الصحة و انت بالامثل
حاحة حلوى عالاقل واحد منا  يلقى  علاس  يتفرح  هههههههه
Tbarklh 3lihom
Wwwwwww mabanhaaa
mahleh southa
Bravo
Ya walid rana n7ebouk ama na9es mi 4a7ek
محلاها و صوتها حلو اما نحسها تتفينس اكثر من لازم
Nmout 3leha
tbarkalah  alik
ديكو  وتصرفاتك التلقائيةإلي خلات البنوتة تحملك ودمعة 
3ajibni tamthilkom kol 5ater fiha bacha koumidia :* :)
برافوووو جعفر يعطيك الصحة و ربي يتوب عليك مالسوائل...
A9wa tha7ka mousalsal habla 😘😘😝
مبدعة
t3jebni  barcha w n7bha ena mdbeya dima nchoufwha fi jdidha nchalh
Mashallah 3leha 7anan eshograni 3asoula
Kel 3ada ja3four dima tfarhadna w th7akna w ta3mlena jaw rabi iwaf9ak
Rak m3alma
tounseya 100%
جيد واصل ربي معاك
Bravoooo sami
Tayara berjoliya
راجل وعجبتني وبرافو
مادام حكيت موقفك بكل شجاعة ضد الوبنة و الموبنة احترمتك برشا.. راجل بصراحة و عملنا عليك كيف.. واصل
Tfate9 fi tamthil w thabel fi  zeen
Hhhhh bravo wlh
ربي يجازيك خير علاء
nmouuuut 3lih w n3awed el mousalsal 3la 5atrou
يعطيه الصحة
Raw3a
bravo yogtel b de7ek
Bravo walid
3ejbetni 3ale5er 3andha cha5seya ta7founa
Sami braaaaaaaaaavo
Raw3a
وحدك يا معلم
ma7leha 9adach ta3jebni
سيدة محترمة و مثال للمرأة التونسية
شن هالجمال هذا ...
Nour ala nour mchala fawzi be gamra 👍👏✌
مهما يحدث يبقى لمين هرم الكوميديا
نور شيبة فنان صوتو حلو غناياتو باهين ربي يوفقو وزيد يمتعنا بالغيانات لكن بالنسبة لبية زايدة ليوم
أنا احبها يعجبني دورها
نع بوزينكم
Chapeau walid
لمين  النهدي  إمبرتور المسرح   التونسية
اقسم باله بنات عسل ربي يحفظهم ماشاء الله على تربية امهم
Ma7laha essa3a moumathla tayara ta3jebni w tha7ketha thabel rir dawrha hatha matath7akech fih .7a9ha chbik ya sami ma3ayatlich fi dlilek mlak 3malet kasting  w t3ebet n7aretha men 9 7atta el 15 w felle5er ma3ayatlich 5sara sa3a ana bdit ne7lem
كبر في عيني مدام بوه راضي عليه
7al9a 7lowa bravo amin et tous les invités surtt ja3fer <3
Bravo ya3tih sa7a
lakta mouch 3adya tbarkalah wake3iya walah
فوزي بن قمرة نحبوا اغانيك ونحترموا رأيك لأعتزالك الغنى
مااحلاك يا ولد المنستير في صوتك وتربيتك
bravo 5adouja wasel
ليلى متمكنة برشا من المسرح
Hahaha bravo walah ma9tla tha7k :D
صوتو ماشاء الله  ومتكامل فنان محترم و مشرف تونس
سبحنك رب ما اعظمك سبحنك رب ما ارحمك سبحنك رب لك كل الحمد وكل الثناء عليك لا اله غيرك ولا رب سواك بارك لهذه السيدة وبارك عليها وخصها بعزتك وكرمك يا رحيم حوطها بجنودك في حرمة حدودك من اراد بها سوئ دمره بكيده فيه _ اجمل تحياتي بالسلام عليك ايتها المراة المجاهدة
نحب نقول برافو لوليد 👍👍👍👍
Raw3a sitkom hhhhhhhh :-D
برافو امين حلقة متميزة ...ضيوفك من تراز رفيع بردتنا على قلوبنا من نبارة...ونقلك يا انصاف اليحياوي راك دائما متالقة او مزيانة ..اشنوا السر؟؟؟؟؟
برافو و ربينا معاك يا حاج كيما بيقول المصري
مسرحي بارع،ومثقف،وواعي ويعرف اش يحكي و كل كلمة في بقعتها،وهو من الممثلين المسراحيين،الي عندهم وزنهم في البلاد
Bravo
Ya3tiha isa7a baketni wallah
انت احلىىىىىىىىىىىىىىىىىى منهااااااااااااااااااااااااااااااااااااااااااااااااااااااااااااااااااااااااااااا
Maryouma enti 3la tbi3tek a7la
Ma7leha 3azouztiii
Sotha Behi barcha
To7fa ya m3aaaaaalem
Myziena w mosrara
Bravo
رجل
wahdek olfa
.بصراحة ولد عايلة و متربي و يعرف شي خرج من فمو.
Metrobi
برافو لطفي كمل إخدم على روحك
Ma7la zinha
Vraiment tayara l7al9a
Jafour bravou chabou lik
Sot w ibda3 mousi9i raw3a
نهاية تحفونة انا عجبني المسلسل
La79i9aaa yasser classe ouhhh ne7bha
Vrmnt tounsiiiiii ♥♥♥
سى ناجى مرة هادى باش نقلك برافوووووووووووووووووووو و انا الى مستانسة ننقد فيك لا مرا هادى ما نيش باش ننقد الاخاطرك عجبتنى و اقنعتنى بكل مواقفك و اراءك و بكل كلمة قلتها خاصة كى قلت ساحارب اافساد و باش نرجع اامدرسة هيبتها و قيمتها و فرحت زادة كى شكرت اانقابة تعليم ااثانوى ايا باهى انشاءلله ديما علاقتكم فى صحفة ااعسل
Bravo صوت رائع
Wahdekkk ya nour  machaallah ala soutek.
Motrobi wnes mla7 wnchallah ykamel hka ;)
Bravo ja3four . Braditli 3ala 9albi . Ma i7ibouch il mezwid w houma akbar chatta7a hhhhh
مريم أرجعي والله توحشتك أنا كليم نتفرج فيك محلك
برافووو برافووو يعطيك دودة
روووووووعه  .... حبيتكم الكل
Bravo maryouma mahlek
Bl7a9e bravo
3ejbtna w tehabel mais wa9tach yt3awed lmosalsel???
Ya weldi rana 3arfinek m3ares ama rak m3alem👍👍👍👍👍
Bravo kadija
Se3a ma7leha fi koul chay ken na9esto mel bou4edh well 7asad mte3kom w tilhito f rwe7kom Ray lebled b 5ir ken il4iraa mekletkom
Bravoooo sami abda3it
فنانة محترمة ... لأنها تحترم في الخدمة لي قاعدة تخدم فاها
قمة ما شاء الله عليها
قوية برشة اللقطة أداء أكثر من رائع
سامباتيك والله يخليلها شبابها
انا نحبك نموت عليك ياجعفور هذه بوسة من عندي
Bravo 3lih 9ad dawrou bikol confiance",positive,kaggle_moroccan_sentiment,mixed
tfouh 3lik w3lehm la mlla lakta 7ot bentek lmarra ejaya fi blasetha,negative,kaggle_moroccan_sentiment,mixed
حلوة برشا نبدة نستنى فيها بدقيقة ودرج مقاتل ضحك,positive,kaggle_moroccan_sentiment,mixed
برافو ماكسي على دفاعك على الفن من العفن الفني، الى الامام.,positive,kaggle_moroccan_sentiment,mixed
ديمان افلام القديمة توب,positive,huggingface_darija_reviews,Arabic
m3allem,positive,kaggle_moroccan_sentiment,mixed
طحانة,negative,kaggle_moroccan_sentiment,mixed
الحمد الله سكرتها التلفزة قبل ما يبدا يحكي.راهو صفر وفاشل وما يعرفش يحكي.نرقد خير.تصبحون على خير./.,negative,kaggle_moroccan_sentiment,mixed
مرا صنديدة,positive,kaggle_moroccan_sentiment,mixed
Rak taaafeh wkan tnaber beeef,negative,kaggle_moroccan_sentiment,mixed
ما عجبتنيج الغتي ماصط لصط,negative,kaggle_moroccan_sentiment,mixed
"Raw3a la9ta 9atletni bada7ke, bravoooooo",positive,kaggle_moroccan_sentiment,mixed
محلاهاا مذخمة وخدامه ربي معاااك,positive,kaggle_moroccan_sentiment,mixed
Yaser   cheyif   rouhik,negative,kaggle_moroccan_sentiment,mixed
عار على المرأة تونسية تحكي بلسانها هذه الجاهلة علميا إذا كبرت المثلية تنقرض البشرية و اشك في كونك مسلمة أو متعلمة لأن الإنسان مختلف عن الحيوان بالعقل وانتي وامثالك لا تمثلون تونس والا الإنسانية,negative,kaggle_moroccan_sentiment,mixed
Walah 7al9a mouch normal walhi bravooooooo,positive,kaggle_moroccan_sentiment,mixed
ملا تهريج وملا مستوي اعلام عار,negative,kaggle_moroccan_sentiment,mixed
برشا ضحك روعة,positive,kaggle_moroccan_sentiment,mixed
sihem badi 5iiiiiiiiiiiiiit :/,negative,kaggle_moroccan_sentiment,mixed
L'oreal zwin 3ndi,positive,huggingface_darija_reviews,Arabizi
♥♥♥♥♥♥,positive,kaggle_moroccan_sentiment,mixed
عيب والله,negative,kaggle_moroccan_sentiment,mixed
Mallemaaaaa,positive,kaggle_moroccan_sentiment,mixed
إعلام   العار  يا كلاب,negative,kaggle_moroccan_sentiment,mixed
ماسط أمين البرنامج بلا نوفل و مايا ماسط 😔,negative,kaggle_moroccan_sentiment,mixed
كمشة قرود يضحكو,negative,kaggle_moroccan_sentiment,mixed
فضحتنا في تونس والخبزة بالحق مرة,negative,kaggle_moroccan_sentiment,mixed
سنبل آغا ارجل منك والله ههههههههههههههههههههه مااااااسط و موش متربي و قعر,negative,kaggle_moroccan_sentiment,mixed
اومو واعر,positive,huggingface_darija_reviews,Arabic
هايله,positive,kaggle_moroccan_sentiment,mixed
"rajel w sid erjel""",positive,kaggle_moroccan_sentiment,mixed
toufa erjel ba3dek  ya jlayel bravooooooooooooooooooooo,positive,kaggle_moroccan_sentiment,mixed
"Sayyedet touness al oula , berrassmii na3ch9ek , enti maliket al masra7 attounsiii , tamthiilek raw3a w enti raw3avw ziid 9asset cja3rek watetek w wahraatk , mraa wa3liik lekleeem , bent touness ya riit nchofouk fi dawer mar2a monadhlaaa",positive,kaggle_moroccan_sentiment,mixed
emission dhamra yesser ..............,positive,kaggle_moroccan_sentiment,mixed
ملا لطفي وملا جو معاه,positive,kaggle_moroccan_sentiment,mixed
هاتغ رائع,positive,huggingface_darija_reviews,Arabic
Bravoo karimm,positive,kaggle_moroccan_sentiment,mixed
Ahsen wahed fihom,positive,kaggle_moroccan_sentiment,mixed
<3  ye3jebni a7sin rappeur tounsi  bravoo 👌✌✌💜❤,positive,kaggle_moroccan_sentiment,mixed
الحجرة متذوب و ليلي القحبة متوب!!,negative,kaggle_moroccan_sentiment,mixed
mahlehom,positive,kaggle_moroccan_sentiment,mixed
Bravo y a walid y a tounsi abb 3an jadd,positive,kaggle_moroccan_sentiment,mixed
Bsara7a houwa momtez a7sen kif raya7touna men maya lgsouri,positive,kaggle_moroccan_sentiment,mixed
Ya3tihom.esaha,positive,kaggle_moroccan_sentiment,mixed
Raw3a<3,positive,kaggle_moroccan_sentiment,mixed
Masssa55,negative,kaggle_moroccan_sentiment,mixed
rabi ynoub,negative,kaggle_moroccan_sentiment,mixed
خرامسط,negative,kaggle_moroccan_sentiment,mixed
شكرا نوفل على استضافتك للنجمه المتألقة دوما ملكة الاحساس ميساء الماجري محبوبة الجماهير,positive,kaggle_moroccan_sentiment,mixed
Cherir,negative,kaggle_moroccan_sentiment,mixed
لمين النهدي امبرطور الكوميديا واللون الاحمر ضواه ماحلاك يا لمين,positive,kaggle_moroccan_sentiment,mixed
"Ya w7ayed 5aterha bentek
Ja3fourrrrr win yemchi m3ah ejaw w ethmar ma7leeek ja3fer bravo
ممثلة موهوبة :)
Mariouma <3 <3
rached ya m3allaem
يضحك برشا. نحبو
m3alem sa7bi
Bravo ya3tikom saha
Bravooo
برافو يا سي مقداد و نحنا رانا معاك واصل
la grande star kamil hakkkka
يعجبني
 ريم الرياحي "" فنانة في كلامها و في أناقتها و ديما متألقة و عندها الريشة و إنشاء الله ديما من أحسن للأحسن <3",positive,kaggle_moroccan_sentiment,mixed
Maalem,positive,kaggle_moroccan_sentiment,mixed
le meilleur <3,positive,kaggle_moroccan_sentiment,mixed
Masta,negative,kaggle_moroccan_sentiment,mixed
Malla emmarek mgallba,negative,kaggle_moroccan_sentiment,mixed
mabladkom 3bed tfouuuuh,negative,kaggle_moroccan_sentiment,mixed
البنات راه غاعما عزيز عليهم هادشي ههههه كيعرفو غير الايفون ههه كيسحاب ليهم واش هو احسن تلفون😂😂,negative,huggingface_darija_reviews,Arabic
تاعب تاعب,negative,kaggle_moroccan_sentiment,mixed
Belleh la hadhamtou hal ba3loush mamstou !,negative,kaggle_moroccan_sentiment,mixed
ساعة ممتازة و القيمة مقابل السعر,positive,huggingface_darija_reviews,Arabic
S22 هاتف خرافي,positive,huggingface_darija_reviews,Arabic
9talni bi dha7k. 5fif dam w ma yekberch,positive,kaggle_moroccan_sentiment,mixed
الي  كريم الغربي        كوميديا ماذا ايها الابله شوف نصبة و اخدم علي روحك خير,negative,kaggle_moroccan_sentiment,mixed
ma7la okazak nourrrrrrr,positive,kaggle_moroccan_sentiment,mixed
Mala kalib,negative,kaggle_moroccan_sentiment,mixed
www.Msata.com,negative,kaggle_moroccan_sentiment,mixed
نعلة الله عليكم واحد تلو الآخر ....يا مثليين يا خونة يا صهاينة وخاصة الكللللللللاب سامي الفهري  .........اللهم ارنا فيهم يوما .......اللهم اخزهم في الدنيا و الآخرة يا أكرم اﻻكرمين,negative,kaggle_moroccan_sentiment,mixed
3arrrr ..tfouhhh,negative,kaggle_moroccan_sentiment,mixed
كل شيء غلى ثمنه بسبب الحرب في الشرق الأوسط..ارتفاع ثمن الفاخر او الفحم الخشبي راجع للأسباب التي ذكرت في المقال نضيف لها ارتفاع الطلب على هذه المادة وخصوصا في المناسبات والأعياد دون أن ننسى المطاعم كذلك .فكلما ارتفع الطلب كلما زاد الثمن .,neutral,hespress_manual_khalid,Arabic
فنانة بدون تاريخ لا مستوى و لا اخلاق.,negative,kaggle_moroccan_sentiment,mixed
صراحة ساعة تستاهل الثمن تاعها,positive,huggingface_darija_reviews,Arabic
bravo <3,positive,kaggle_moroccan_sentiment,mixed
Iphone 13 pro max 7sen mno bzaaaf,positive,huggingface_darija_reviews,Arabizi
Ma7lekom yasir mwatin b3dhkom,positive,kaggle_moroccan_sentiment,mixed
inta m3alem wa7na menek net3alem,positive,kaggle_moroccan_sentiment,mixed
عاملة فيها قافزة. إخخخخخخ,negative,kaggle_moroccan_sentiment,mixed
ماسط وقليل تربية.. ومدافع عن النهضة وفترة الترويكة.. تفيييييييييييييييييييييه,negative,kaggle_moroccan_sentiment,mixed
الغش مستشري في المنظومة كلها و ليس اعتباطيا و الدليل بسيط مفتشون سلطتهم مطلقة بدون ادنى رقابة  يعطون نقاط تفتيش لاساتدة لم يزورهم قط استاد مجد يعمل يكد يحصل على 14نقطة في تقرير التفتيش واستاد متكاسل يحصل على نقطة 20 في تقرر ليترقى الاخير ويبقى الاول عرضة للاقصاء وهدا مثل من كثير يا سيادة الوزير لا تغطي الشمس بالغربال الفساد مستشري من المفتش للاستاد للادارة و كل من في الوزراة لا تعلقوا شماعة فشكلم على التلميد و فقط,negative,hespress_manual_khalid,Arabic
تفاهة,negative,kaggle_moroccan_sentiment,mixed
معلم يا دب,positive,kaggle_moroccan_sentiment,mixed
ممثلة كبيرة ومحترمة ولايوجد منها الكثير في تونس,positive,kaggle_moroccan_sentiment,mixed
M7lahom ana a7sem mesalsel y3jbni hwa wlad mefida,positive,kaggle_moroccan_sentiment,mixed
tayara bel7a9 bravo sami chapeau lik,positive,kaggle_moroccan_sentiment,mixed
M3allllllllllllllem 3ejbetni menk,positive,kaggle_moroccan_sentiment,mixed
Benet  bledi bravo 3lik,positive,kaggle_moroccan_sentiment,mixed
راجل قوي برشا ...,positive,kaggle_moroccan_sentiment,mixed
ههههههههههههه الله يحفظهم  وخليلكم ابوكم  وامكم,positive,kaggle_moroccan_sentiment,mixed
ستكون دورة فاشلة جدا و ستبقى المدرجات فارغة لأن كل إنسان ذي مبادئ لن يقبل أن يطأ أٍض أكريكا في عهد ترامب  المتعجرف.ربما الاقبال سيكون كبيرا على المباريات التي ستجرى في كندا و المكسيك.كما أن احتمال وقوع اضطرابات أمنية خلال المباريات التي ستقام في أمريكا وموازاة معها  مرتفع جدا,negative,hespress_manual_khalid,Arabic
maseeeeeeeeeeeet w damou rziiiiiiiiiiiiiiiiiiiiiine pfffff brabi raj3ou nawfel,negative,kaggle_moroccan_sentiment,mixed
Hhhhhhhh wlh raw3aaaaaaa,positive,kaggle_moroccan_sentiment,mixed
Ejabri jabri  zeyid,negative,kaggle_moroccan_sentiment,mixed
tozzzzzzzzzzzzzzzzzzzz fi 9anet el 7iwaer ettounssi 9anet eda3ara,negative,kaggle_moroccan_sentiment,mixed
bravo yaatik sa7a,positive,kaggle_moroccan_sentiment,mixed
عرفتك منافق ملي انضميت للارهاب في برنامج التيارات,negative,kaggle_moroccan_sentiment,mixed
ja3fouuur ya m3alem a5le9 3alia wetfathlika mahboula rabi maaak wkamel hakka,positive,kaggle_moroccan_sentiment,mixed
Se3a jawiste :D,positive,kaggle_moroccan_sentiment,mixed
mskina,negative,kaggle_moroccan_sentiment,mixed
BRAVO Walid,positive,kaggle_moroccan_sentiment,mixed
"ya 5ouya m3alem, wasel (y)",positive,kaggle_moroccan_sentiment,mixed
اذا الريال ستفوز هههههه لان مبابي منحوس,positive,hespress_manual_khalid,Arabic
Barcha 9o7b,negative,kaggle_moroccan_sentiment,mixed
المنظر الأحرف,negative,kaggle_moroccan_sentiment,mixed
أمسط إنسان عرفتو في حياتي،،،،،,negative,kaggle_moroccan_sentiment,mixed
Tbarkala 3liha bravoo,positive,kaggle_moroccan_sentiment,mixed
Ma7laha 'd3afit  w 3andha cha5sia maryouma,positive,kaggle_moroccan_sentiment,mixed
ناقص رجولة وقح قبيح قليل تربية,negative,kaggle_moroccan_sentiment,mixed
خويا بصراحة شنو احسن هد الوحش او ايفون13بروماكس,negative,huggingface_darija_reviews,Arabic
لا والو خديتو وغنرجعو ليهم,negative,huggingface_darija_reviews,Arabic
mamsteh a3tah elwa9et wsa7a lih :/,negative,kaggle_moroccan_sentiment,mixed
بلحرام  بلحرام بلحرام كان جيت حاضر  الا ما نقز و نترمى  على ها الساقط  القاضي  القضقاضي  و نفشخو بطريحة  و ناجبدلو عينيه  نضرب بيهم المنشط  اللي جايب  ها الخامج ومخليه يتكلم   و  بعدها  خلليني نمشي  للحبس,negative,kaggle_moroccan_sentiment,mixed
"تفووووووووه""",negative,kaggle_moroccan_sentiment,mixed
Ya3irfou yahkiw ou bsaraha ifathelkou ♥♥rabi mi3akom,positive,kaggle_moroccan_sentiment,mixed
بغض النضر انو مسلسل متاع قلة حياء اما والله نحلف ع شطر الشعب يستنا فيه و الناس الكل تمد وجوها,negative,kaggle_moroccan_sentiment,mixed
مبيض. الارهاب. المحامي. الهزيل. يمجد. في. الرحموني,negative,kaggle_moroccan_sentiment,mixed
جرب سقوط الهاتف على الزاوية ( القنت ) وتفكرني 🤪😜,neutral,huggingface_darija_reviews,Arabic
Bravo semi lfehri abda3t bsaraha illi 3jbou sitcom denia o5ra ydea j'aime❤❤👏👍👌,positive,kaggle_moroccan_sentiment,mixed
Mech normal raw3a,positive,kaggle_moroccan_sentiment,mixed
برى يعطيكم وهف أتعلمو في شباب في الفساد,negative,kaggle_moroccan_sentiment,mixed
Masetttttttttt,negative,kaggle_moroccan_sentiment,mixed
Raw3a👍🏻👍🏻,positive,kaggle_moroccan_sentiment,mixed
Mahlehommmmmm,positive,kaggle_moroccan_sentiment,mixed
اجمل اغنية واعرة,positive,huggingface_darija_reviews,Arabic
رجل الحلقة برافو وليد,positive,kaggle_moroccan_sentiment,mixed
wlh tho7ka 3almiya hhh,positive,kaggle_moroccan_sentiment,mixed
منورتنا,positive,kaggle_moroccan_sentiment,mixed
الشيب والعيب كان مشات تحجبت وسترت ما ستر ربي خير من العرا,negative,kaggle_moroccan_sentiment,mixed
Hadak chi li ratkhssrih floussha darbi bih jouj Ibari botox o hani so9,neutral,huggingface_darija_reviews,Arabizi
Mamsto,negative,kaggle_moroccan_sentiment,mixed
Mrith nafssani,negative,kaggle_moroccan_sentiment,mixed
مرا مغرورة ياسر في بالها كان هي مزيانة اما خسارة .....,negative,kaggle_moroccan_sentiment,mixed
هدو هوما هميزات لالا اختي هدشي ره غالي هههه مشفت ما هميزات,negative,huggingface_darija_reviews,Arabic
Mamsetha halokza,negative,kaggle_moroccan_sentiment,mixed
maset 3ale5er,negative,kaggle_moroccan_sentiment,mixed
سلعة كلبة,negative,kaggle_moroccan_sentiment,mixed
Bravooo wlh ta9a incroyable,positive,kaggle_moroccan_sentiment,mixed
"Mash'Allah 3liha , rabbi ysoun w yberik :*",positive,kaggle_moroccan_sentiment,mixed
Yeser maset Moch thamer 7ta taref  yaser b3ida 3lih el comedia,negative,kaggle_moroccan_sentiment,mixed
برشا قلة تربية وقلة حياء أسترنا يارب,negative,kaggle_moroccan_sentiment,mixed
Hlouwa brcha,positive,kaggle_moroccan_sentiment,mixed
ARTISTE W FENEEN KIBIR YANA N9OULW BRAVOO,positive,kaggle_moroccan_sentiment,mixed
افضل شيء في العالم 🇲🇦🇲🇦🇲🇦💪💪💪 بدون منازع,positive,huggingface_darija_reviews,Arabic
Bravo وليد بصاراحة كبرة في عيني و في عين الشعب التونسي,positive,kaggle_moroccan_sentiment,mixed
Chi haja waaaw surtout شعيبية طلال 😍,positive,huggingface_darija_reviews,Arabic
تقتل بالزين,positive,kaggle_moroccan_sentiment,mixed
"جبالك الرواسي...
allah yostornaaaaa fazdouna chbabna ha le5maj w lkoooolhom pffffffff
زعيم اللحاسة هو و ابنه
كم انت تافه يا توفيق العساس يا شايب لحاس ويا سفساف يا ماسط يالاسط يا بوال
والله غريبة  بربي يا سامي الفهري هو الشيطان الرجيم يتسلسل في رمضان ويتحبس في أسفل النار وانتي عام و12شهر متتعبش ما تحترمش عام كامل فسدت عايلاتنا لبرنامجك التافهة خلية العالم الكل يأخذ فكرة على تونس بلاد الدعارة والدروغ... وتوا حتى في شهر الفضيل تتحفنا كالعادة باخلاقك المنحطة اتقي الله
العيب موش فيه العيب فلي جايبوا ساعات الدنيا تظحك لواحد وهو يطلع على مراد الله
فاشل
Ma5eybouu byremm
L7as enahdha
rak maseta lazem et4aniha 3alik
امسط منو مراتتش عينى
ههههههههههههههه زيدي ترهدني يا يمينة
انسان منحط ... مسخ ...
maset w mlayektou rzina, fi tv, hadha eli na9es, izid 3ad ijina mara o5ra,wfet tunis men les animateurs,?!! el 9asm 3la rabi menou,mechefech rou7ou kif yadh7ak, chet radio w arka7? ......
لعنة الله عليكم يا كلاب
تافه،ومنافق
Wzir lhena wrgoud jabbena..
Masssset
معقد كبير... امين و مصباح و شكيب؟ هذا كم من المساطة
Masettt
كلاب البوليسية وقتاش باش تعملوا عليهم ثورة؟؟؟؟؟
ya masa5 wlh lak rajel
بصراحة نكرهك :-)
وزير تربية موش متربي و أفصل ..
ennah9a essore9 el irhabiiyin ....................
فاشلة تجي كل شي كان ممثلة لا
انت وياه زوز كلاب في سلسلة
Majeet chay
Yeser zebla
لعنة الله عليك و عليه ...زايد شعب لحاس
Walahi rabi yehdikom kifach tjibou 3bad kima haka 5iiiiiiiitt
حفتريش
Mabledha
برا مخيب وجهك
chbih maset ws5if
شكيب من جماعة الفم يسبح و اليدين تقتل
كلب مل كلاب النقبة المثقبة في تونس
maaaaaasssssssseeeeeeettttt ! -_- brabbi 3leh haka !
ماسطة كيفك يا سامي كيف العادة واصل حبيبي..
حلا حليلا مهزلا قرف",negative,kaggle_moroccan_sentiment,mixed
تفو عليكم تعلموا في بناتكم الرخس وقلة التربية نورمالمون تعلموا بناتكم كيفاه يتصرفوا في المواقف هاذي بالطريقة الصحيحة مش تعلموا وحدة مخطوبة تعوم بالبيكيني مع خطيب اختها,negative,kaggle_moroccan_sentiment,mixed
Bravoooooooooo dalleji,positive,kaggle_moroccan_sentiment,mixed
Nmout e3lha ta7founa,positive,kaggle_moroccan_sentiment,mixed
La8maj,negative,kaggle_moroccan_sentiment,mixed
انشاء الله ربي يحلها في وجهك يا لطفي ... رانا نحبوك برشااااا 😍 👑👑🎋🎋🎋🎋🎋🎋🎋🎋🎋,positive,kaggle_moroccan_sentiment,mixed
Mahleha <3,positive,kaggle_moroccan_sentiment,mixed
le el9owa fel   e7weyejj mte3haaa   hhhhh mouch normal,positive,kaggle_moroccan_sentiment,mixed
Hhhhh bravo,positive,kaggle_moroccan_sentiment,mixed
مرزن عصها,negative,kaggle_moroccan_sentiment,mixed
rak massét rak lassét rak sel3a kal4a salem mr,negative,kaggle_moroccan_sentiment,mixed
موش متع راب ... الراب خاطيه ..,negative,kaggle_moroccan_sentiment,mixed
#لطفي العماري  السارق تقطع يده ولو فعلنا ذلك كان يكون عبره للناس الكل ويقل عدد السراق للاسف الدمقراطيه متاعنا تحمي فيهم .,negative,kaggle_moroccan_sentiment,mixed
عملتو الفضح ربي يهديكم يا لبنات,negative,kaggle_moroccan_sentiment,mixed
"الله لا يفرج عليه""",negative,kaggle_moroccan_sentiment,mixed
tfih 3ala hal bled.. lwa7ed y7el fb sbe7 yal9a ken lboumathat,negative,kaggle_moroccan_sentiment,mixed
Ya3tik essaha 3ala citkom,positive,kaggle_moroccan_sentiment,mixed
نور شيبة برّا وهف يهزّك و يلمّك...جبالك الرّواسي ولا عبدك الثقيل...لتوّا ما فقتش بروحك لا تتاكل ولا تتشرب..؟؟؟,negative,kaggle_moroccan_sentiment,mixed
Hajar Hammani ختي كيف دايرة بشرتك,neutral,huggingface_darija_reviews,Arabic
يحكي على الجهل و هو اكبر جاهل و منافق,negative,kaggle_moroccan_sentiment,mixed
Inhebha,positive,kaggle_moroccan_sentiment,mixed
ممثلة و بابورها زفر,negative,kaggle_moroccan_sentiment,mixed
يعرف آش يقول و واثق من روحو,positive,kaggle_moroccan_sentiment,mixed
Tfoooh 3lik ya kalb ya 3adw ediin ya hamel,negative,kaggle_moroccan_sentiment,mixed
تو معدش تعرف احمد الاندلسي و دفع على واحد عار على تونس  راك انثى كيما قال وليد ههههههههههه,negative,kaggle_moroccan_sentiment,mixed
Bravooooo walid,positive,kaggle_moroccan_sentiment,mixed
Meskina 😢,negative,kaggle_moroccan_sentiment,mixed
ياسر بليد تي سايب الطفل حمزة وجهو ولا أحمر,negative,kaggle_moroccan_sentiment,mixed
مراجعة ممتازة  لساعة جد رائعة  واصل,positive,huggingface_darija_reviews,Arabic
amine metrobbi khir men nawfel b baaaaarcha,positive,kaggle_moroccan_sentiment,mixed
تبارك الله عليك كولشي زوين,positive,huggingface_darija_reviews,Arabic
زيد فالقائمة حتى مطعم بركان فكليز مراكش تحديدا زنقة بن أحمد فكرة المطعم رائعة والنقااا والمذاقات ياسلام,positive,huggingface_darija_reviews,Arabic
Y'a 5ouya y3jebni!!!!!!,positive,kaggle_moroccan_sentiment,mixed
A5yeb i7ses fi denya,negative,kaggle_moroccan_sentiment,mixed
Ene 3ijbitni,positive,kaggle_moroccan_sentiment,mixed
Barnemej 7lou  w tbarkallah 3likom surtout ye3jebni si lotfi,positive,kaggle_moroccan_sentiment,mixed
taw hedha yji rapeur  9alou chbifibika ya3tek walla b nika,negative,kaggle_moroccan_sentiment,mixed
يعطك كلب يا سامي الفهري..,negative,kaggle_moroccan_sentiment,mixed
امين النهدي مدرسة,positive,kaggle_moroccan_sentiment,mixed
هي فنانة عندها مستقبل كبير ان شاء الله,positive,kaggle_moroccan_sentiment,mixed
Rajiiiilll,positive,kaggle_moroccan_sentiment,mixed
خمسة و خميس على جعفور ديما محفلها,positive,kaggle_moroccan_sentiment,mixed
Hiya w tawfi9 tanjra w l9at 8taha fil msata chay y3aif,negative,kaggle_moroccan_sentiment,mixed
سامي مبدع بصراحة,positive,kaggle_moroccan_sentiment,mixed
Bent bledi ezyen w torbya w glayeb alf mabrouk 😚😘😙,positive,kaggle_moroccan_sentiment,mixed
#bravooo....,positive,kaggle_moroccan_sentiment,mixed
A7la siyessi,positive,kaggle_moroccan_sentiment,mixed
و ما اخيب العلم الي لابسته,negative,kaggle_moroccan_sentiment,mixed
Kan mch yfsedd tfrijj rahou f joreteha mamsateha,negative,kaggle_moroccan_sentiment,mixed
تي هو بيدوا موش متربي شو اك المنطق واك الحالة منافق وكذاب وسارق من فوق طمع في فاطمة بو ساحة يرحمها وسرقها وهي بين موت وحياة وجاي يحكي عل الاخلاق والتربية ملا شلاكة,negative,kaggle_moroccan_sentiment,mixed
Bravooo sami ;-),positive,kaggle_moroccan_sentiment,mixed
Walahi  ya  fawzi rabi baraklek khalik inchalah,positive,kaggle_moroccan_sentiment,mixed
a9wa 9anet 3orfetha tounes,positive,kaggle_moroccan_sentiment,mixed
chay y7achem,negative,kaggle_moroccan_sentiment,mixed
"Le ani
راجل وعليه الكلام و هذا هو فعل النّاس في كلام النّاس (y)
B Sara7a Ta3jebnii Mais Rahou Tab9a A7sen Ka3ba Fi Tounes Dalila El Mefta7i
Rajeell nawart tunis hmd :D
Te3jebni barcha fi tamthil Bravo Madam wajiha
معلم وربي يعينو  ويدافع على القيم
Bravooo
حبيبي منور و موهر
Wllh chab3a dho7k
Hayla bou zino abrahim
bravooooooo wajiha dima mnawritna :*
Bravo (Y)
Wlh rajel ya walid ya 8oul
Ahla walid
أحمد الأندلسي ممثل صنع روحو و خدم و ولد جمعية أما تحسو مقداد سهيلي جنيور هههه
عسوله
Bravo 👍
ya mostfa eness el kol t7ebek mat5afech
bravo hanen
ماتعجبنيش
وجيهة متاعنا نحبها 3>
بصراحة مسلسل روعة يحكي واقعنا في تونس عندنا براشة ناس كيف كريم  وقت يولي عندو فلوس ينسى اصلو
محلاها
انت معلم سي لمين
wahdek  ya lotfi ya ebdelli :) ;)
Borjuliya 3inik ma7lhom ☝hhhhhhhh
إنت عسولة
3asla
Walh m3lm medbia y8nili fi 3rssi whra
M3allm rabi ywaf9ou😁
Hhhhh tayara 7ale9et elyoum
en fin 3adito hkaya tsharef o tanfe3
mnawer le plato si lamine b rouge dima mwaher w sa7eb dhaw9 ya patron
3jebni
و الله رجل و عجبني زيد ولد جمعية
bravo olfa barredli 3la 9albi
lambratour
waaasel ya chi5 rana m3aak
Bravo sami ilfehri
<3 bayrem <3
برافووووا سامي
بصراحه  برافووووووو مسلسل حلو برشه
ahssèn coumidi borjoulèya wallahi ena behta men la3bed eli mathebouch bell3aks tawa lotfi yetekra7 raw 3ssal el denia
Ye katy raw 3saal <3
برافووووو الليلة عجبني ...
Bravo walah
Mahlehom bourjouliya
Hhhh h ma7laha
شكرًا فوري بن قمره ربي يبارك فيك و يكثر من أمثالك 
جعفور انت انسان مبددددع ممثل موهوب مقدم بحبحوح و بالاخصوص انت مالعباد الياسر انساني احسنت جعفور واصل يا مهبلهم بالاحمر
Bravo
برافو....نحن نعشق الحوار التونسي
ههههه يعطيك الصحة سامي برافو انا والله نتفرج كان على الحوار التونسي
راجل و سيد الرجال
نحبها ❤
وحدك يا معلم
انا من الجزائرب من اشد معجبين بالحوار التونسي أولاد مفيدة مسللسل رائع
Maleeem",positive,kaggle_moroccan_sentiment,mixed
mch rajel w klb,negative,kaggle_moroccan_sentiment,mixed
تونسي أصيــــــــــــــــــــــــــل بالرغم إلي يتقال لكل نحييك على أخلاقك برافوووووو,positive,kaggle_moroccan_sentiment,mixed
"Kader
ماصط ويشنج اﻷصاب مذبية كيف يتكلم يسكت فيسع  وزادى نهضاوي لحد النخاع ونحب نقول الله يهديك ياسامي الفهري  إلي حليتلو قناتك وخدمتو
تعيس و مستواه صفر ما يصلح كان للسجون و الا قواد
قناة الحوار هي قناة الفساد
masat
كلب
mala 5orda siri (3)
ma5ibek
rajel kbir w mibouuuuuuuuuu......n
Mamestak
Masit wmerig wsa5if
بقو كان الكفرة اتبعو فيكم يا فجرة .
5wenji 9dim
Blablabla blabla  باين فيها سهرة مارقة ...نشوف التاسعة اش فمة
و زيد تكذب تقول سبلي أمي
 أمسط و أسقط و أتفه و أحقر و أنذل عباد ربي",negative,kaggle_moroccan_sentiment,mixed
Maset maydha7aknich jemla,negative,kaggle_moroccan_sentiment,mixed
Ce tahan ala baramjou ken 3annik tfouh,negative,kaggle_moroccan_sentiment,mixed
اعشق الشاشة المنحنية,positive,huggingface_darija_reviews,Arabic
ثمن ديالو طالع بزاف منعطيهش انا صراحة هذ الثمن  هربان ف الثمن بزاف كاع,negative,huggingface_darija_reviews,Arabic
"هكذا يكون الاباء, ربي يشفاها",positive,kaggle_moroccan_sentiment,mixed
حاجة واحدة مفهمتهاش علاش تجيبو فيه في البرامج التلفزية واحد ماسط لاسط  قعر موش متربي  ميجيش ربع  فنان,negative,kaggle_moroccan_sentiment,mixed
يا ميمتي كان يسيبوني عليها بشلاكة بلاستيك 44,negative,kaggle_moroccan_sentiment,mixed
بلا متتزعمي تخدي غرنيي,negative,huggingface_darija_reviews,Arabic
دورها في مسلسل موفيد ميعجبنيش,negative,kaggle_moroccan_sentiment,mixed
mamstik,negative,kaggle_moroccan_sentiment,mixed
M3allmiya Rabbi m3akom,positive,kaggle_moroccan_sentiment,mixed
tahiya kbira lsamira,positive,kaggle_moroccan_sentiment,mixed
tbarkahlh 3la weldi bledi rak bedenya ya kbir,positive,kaggle_moroccan_sentiment,mixed
بالعكس هو مجهد وزين هو لي تنستعمل,positive,huggingface_darija_reviews,Arabic
إمرأة تشرف تونس,positive,kaggle_moroccan_sentiment,mixed
حلقة اليلة ذات مستوي عالي برافو كلام ناس,positive,kaggle_moroccan_sentiment,mixed
ساعة زوينة بزاف مقارنة مع الماركات الاخرى ❤❤❤,positive,huggingface_darija_reviews,Arabic
بورجولية راجل وسيد الرجال,positive,kaggle_moroccan_sentiment,mixed
ربي يسترك ولله انموت اعليك,positive,kaggle_moroccan_sentiment,mixed
ملا ناتن,negative,kaggle_moroccan_sentiment,mixed
bravo ناجي جلول,positive,kaggle_moroccan_sentiment,mixed
ادا جاءك حديث الثورة و رايت شيخا في التسعين يحكم شبابا قامو بالثورة . و رايت سارقا للتلفزة التونسية اصبحت له تلفزة خاصة كسامي الفهري و رايت ممجدا لبن علي اصبح مليونيرا .معز بن غربية كمثال لا للحصر . فاعلم ان الشعب حقق كل مطالبه واستحقاقاته و لا يبالي بما حققه الفاسدون ... الثورة مستمرة يا ازلام شيبوب,negative,kaggle_moroccan_sentiment,mixed
Bou zinou ma7leh men a7sen mou8nin rap bnessba lya,positive,kaggle_moroccan_sentiment,mixed
اعوذ بالله هذه العاهرة لا تمثلني و لا تمثل نساء بلادي الشريفات ناكد الشرفات فقط ... ;) و ربي يسترناا دنيا و اخرة ..,negative,kaggle_moroccan_sentiment,mixed
Birjouliya lotfi ya3tik isa7a,positive,kaggle_moroccan_sentiment,mixed
tayaaaaraaaa karim el 8arbi ma9tla dho7ik wahdik 3sl <3,positive,kaggle_moroccan_sentiment,mixed
Ma7leh 9addech meziene w swayet 3andou yo9tol,positive,kaggle_moroccan_sentiment,mixed
wow raw3a,positive,kaggle_moroccan_sentiment,mixed
Ma7leha tafte9 heyy w southa barvo sami,positive,kaggle_moroccan_sentiment,mixed
نتروجينا ما فيهاش ايكخون,neutral,huggingface_darija_reviews,Arabic
ياخامج يمسخ يولد الحرام  امك جبتك تحت حيط كلام زايد متحشمش,negative,kaggle_moroccan_sentiment,mixed
بصراحه معادش يعجبني برنامجوا ولا من امسط البرامج,negative,kaggle_moroccan_sentiment,mixed
منافقين ڨبّي ڨبّي....!,negative,kaggle_moroccan_sentiment,mixed
Walid tounsi bravo farhatli à la 9albi ta réaction avec la jolie  fille,positive,kaggle_moroccan_sentiment,mixed
Amset momathel ritou fi 7yati naf5a moch nrml w Ma5yeb rasou,negative,kaggle_moroccan_sentiment,mixed
bravo yeser tahfouna,positive,kaggle_moroccan_sentiment,mixed
برشا.....تفوه,negative,kaggle_moroccan_sentiment,mixed
زبالة حشاكم  !!,negative,kaggle_moroccan_sentiment,mixed
متألق دائما  بالتوفيق,positive,kaggle_moroccan_sentiment,mixed
Mostfa bravo wasel,positive,kaggle_moroccan_sentiment,mixed
Fdhaya7,negative,kaggle_moroccan_sentiment,mixed
9immat El 3ar,negative,kaggle_moroccan_sentiment,mixed
tayara barcha bravo,positive,kaggle_moroccan_sentiment,mixed
معلم يرحم والديك برتلي على قلبي,positive,kaggle_moroccan_sentiment,mixed
ماااااااااسط حتى بالقارص ميتهضمش,negative,kaggle_moroccan_sentiment,mixed
معجبنيش بيرم كيفاش يأمر في أمو و يهدد فيها,negative,kaggle_moroccan_sentiment,mixed
قناة   قذرة   فلوس الامارات,negative,kaggle_moroccan_sentiment,mixed
كلب ديوث,negative,kaggle_moroccan_sentiment,mixed
زينة يا زينة,positive,kaggle_moroccan_sentiment,mixed
Meeeeeeeerrrreg,negative,kaggle_moroccan_sentiment,mixed
"لغة الحوار مفقودة
Kathrreeelllha blmsouuuutaa melé5errr :/
Masta
Hhhhhhhh ya asla3 ya kaleb
مسلسل أتفه من التفاهة
marmzouuu
حقا القاضي الرحموني لم يكن مقنعا في تبريراته حول سراح المشتبه بهم في قضايا ارهابية لذا كان عليه ان يصمت احسن
lkolkom 7othela
Maset laset
جاهل متاع راس لنبوط ...
اوووه ممسطو  وكان مشي عمل حاجة اخرى خير
ملا مجانين  وسامي معاهم
امسط انسان على وجه البسيطة تجمعي تعيس ماعندوش اخلاق وزايد جايبينو
Ou9sem bellah amsat menou  maritech fi kol chay 3amlin lih tawla warb3a krasi
عمري ما ريت قفة كيما ريتها اليوم برا ربي يخزيكم كيف ما خزى اليهود و يمسخكم كيما مسخهم
بصراحة يخوف يظهر كلوشار . حالة حليلة بالوشم
هز مارق جيب مارق
Maset laset
ماسطة برشة...
مخيبو مخيب وجهو هالاحول
Masta baaaarcha :(
الحمدلله مرتاحين من منذرو هل اسمو شكيب مرزن ملايكتو و طينتو
الكل ماسطين
La3nat allah 3lik hlel fik 9atl 9alou nheb 3la h9ou9i ha9ek houa rajm ya masa5
منحط لا تربيه لا ثقافه تو من قلة المسرحيين جايبينو هنكره و تو هذا تسميوه مسرحي من اصلو
بربي فيق شوية على روحك. إنت ماعندكش أغاني تتسمع أصلا، و راك أتعس نقابي عرفتو تونس و ماكش شيخ
Bleed kedheb w niffe9 8-)
t3ayeeff
Mriiiiiiidh w mahouch bech yabra Kdheb kedhbet w sadde9hol  3omri ma choft tounsi yasme3 fi 8neya mte3 mesbe7 el3affat
اكبر شعب منافق هو الشعب التونسي في الشارع بعد الثورة تسمع كلام يقشعر البدن و في التلفزة نوليو شعب كامل محافظ بربي يزيو من الريق البارد العيب في مقدم البرنامج اللي وضع تلك الصورة لامرأة شبه عارية
انا امي صفاقسية و محسوب صفاقسي مولود و عايش هوني في صفاقس اما الصفق خايبين عنصريين و حقارة و مسمامين و ما يحبوا حد و دينهم الفلوس و المظاهر
مش تسخف تتزعبن
لاعبتها قافزة و تتشنفخ راك مجيت شي و كيما قال كافون راك ماست راك لاسط شكون انت باش تحكي على احمد الاندلسي غير توصلو
مسقتها  إيناس  ومعجبتنيش  الحلقه
مسخة
Massssssstaaaaa
مكانش امصط منكم يا مصطا
Ti bara rawe7777777
rzin
ولاد الفساد وفلة الحياء وقلة المعروف والفجور والفسق والخروج عن طاعة الله في شهر كريم هذا نموذج من الإعلام التونسي الفاسد الرديء  والمشجع   رقم 1   للفساد  والفجور
Mamstha
masset  barcha :p
القوة الربي كل مرة أمسط ملي قبلها ,,,تي برا روح
خلط في خلط. حكاية فارغة و قصة سخيفة لوكان لهوفتوه المسلسل من عمناول خير مالطول الفارغ. سيناريو ردئ و فازات محروقة مسلسل بارد ماسط. قناة الحوار على قد ما عطيناكم ثيقتنا على قد ماقاعدين تخدلوا فينا. احنا مانكرهوكمش أما أنتم ماتحبوناش
tfih 3laik
Mamstou
راك ماسطة،راك لاسطة...🎤
Awled hram
Yaser 9let 7ya 3aylat ttfarej raw sltp
Belehi y'a. Chawket mathabik ma3adech tzid hata kelma . Tounes matetcharafch bik. Bara lben 3li yetcharef bik
Tafha fargha majat chay
مغرور وتافه لا يريد الا الاطراء والتمجيد ويكفي انه يشتغل في قناة السارق سامي الفهر غلام الطرابلسية لقد وضعته الصدفة ليكون في مشهد اعلامي لا يتربع على عرشه الا الاراذل ويني حلقة سامي الفهري الي باش تكسر الدنيا طولت برشا لكن في الأخير طلعت بصاص كيما معز بن غربية و البقية....
masta chwaya mouch kif el 3ada
9adash wsa5
5amja....sa9ta.....r5issa.....3afna....nadhla......7othella.....tfoooouuuh 3leha mete7chemch
فكر متشدد ديني نهضاوي خوانجي
Mamset ghneytou :p
صحيح الكلمة عيب و ما تجيش اما كيما قال يستفزو في الناس بصور خليعة يحترموا شوية الي قدامهم
mamsto brahim euffffffffffffff
ايكب سعدك يا قطعي  يا وبش يا وخياني اش نكرهم جماعة النهضة
الصورة التي عرضتوها عليه اوقح من الكلمة لي قاله عيب عيب
masete lasete wallah tes pas ricoloooooooooooooooooooooooo
بربي بية دقيقة دقيقتين و هي تهبط في المريول و ﻻ هي روبا  راك مرجتنا ...تحب تقول عزوزة و مازلت عندك ما توري ...بربي احشم شوية و اعطي شوية قدر لعمرك..راك غلبت علينا
9ahbe
ووووه اش كرهتو ها المسلسل",negative,kaggle_moroccan_sentiment,mixed
هاتف رائع يستحق,positive,huggingface_darija_reviews,Arabic
thabel <3,positive,kaggle_moroccan_sentiment,mixed
a9wa la9taaaaa bravo wlh  nestana fel 7al9a ejeya bd9i9a wdraj,positive,kaggle_moroccan_sentiment,mixed
برافو وليد برافو احمد والله رجال,positive,kaggle_moroccan_sentiment,mixed
الجبناء والسفهاء لا يصنعون التاريخ......وكذلك إعلام  العار لا يفهمه سوى السفهاء  مثللكم مكانكم في مزبلة التاريخ ارخص واوسخ منكم ومن برنامجكم مفماش...كلكم ماتجيوش فى ظفر الدكتور المنصف المرزوقي يا حثالة ...,negative,kaggle_moroccan_sentiment,mixed
سيتكوم عالمي...💖💖💖,positive,kaggle_moroccan_sentiment,mixed
M3llm ye Stoufa ch3liik fihom rak l king,positive,kaggle_moroccan_sentiment,mixed
mastin barcha barcha,negative,kaggle_moroccan_sentiment,mixed
Masta lfaza,negative,kaggle_moroccan_sentiment,mixed
بصراحة اسقط منك ماريتش ... المسيح و احترمو ديانتنا اقل شي ما يفطروش قدام المسلمين في رمضان .. و انت لخمج الكل ما تتفكرو كان في رمضان..,negative,kaggle_moroccan_sentiment,mixed
klab tinba7,negative,kaggle_moroccan_sentiment,mixed
ساقطات,negative,kaggle_moroccan_sentiment,mixed
"لا تربحك ا ساامي الفهري 😂😂""",negative,kaggle_moroccan_sentiment,mixed
ya miiiiiiimti mamistou wooh 3liya  manich 3arif chniya nochrib  bech nhathmou,negative,kaggle_moroccan_sentiment,mixed
الدلاجي واحد إمسخ عالفلوس إبيع دارهم,negative,kaggle_moroccan_sentiment,mixed
"ربي يوفقوو""",positive,kaggle_moroccan_sentiment,mixed
Y3tih l sa7a,positive,kaggle_moroccan_sentiment,mixed
MELA 7ALA,negative,kaggle_moroccan_sentiment,mixed
مراجعة رائعة كيف العادة و صراحة ساعة راقية و أنيقة 😊,positive,huggingface_darija_reviews,Arabic
Chbik go3r mamstek 😤😤😤😤👎👎👎👎👎👎,negative,kaggle_moroccan_sentiment,mixed
و الله معلم و راجل و عجبني كمسح القاعة بهكي التافهة و الله بردلي على قلبي قبل ميخرج مالبرنامج برافوووووو,positive,kaggle_moroccan_sentiment,mixed
te3jebni ma7lhaa,positive,kaggle_moroccan_sentiment,mixed
فيه ممثلين واعرين ولكن اخراج زيرو,negative,huggingface_darija_reviews,Arabic
Monafe9,negative,kaggle_moroccan_sentiment,mixed
Positive000 mabrouk iljawéyéz winchalah dima imnawer wémcharif tunis bravo :),positive,kaggle_moroccan_sentiment,mixed
Masseeeeeeeet,negative,kaggle_moroccan_sentiment,mixed
"malla mostawa si errahmouni tawa heda klem ""enti houa 9alil 7aye"" kelma hedi tet9al lwazir mahmé ken rahou femma 9dar w hibet dawla sama7ni challektouha el bled",negative,kaggle_moroccan_sentiment,mixed
Mas9etou bayrem,negative,kaggle_moroccan_sentiment,mixed
بصراحة انا مايعجبنيش هشام ماسط من قبل,negative,kaggle_moroccan_sentiment,mixed
"zrebty 3la l Camera , review dyal lemsemen",negative,huggingface_darija_reviews,Arabizi
Bsara7a tbarkala 3leha tsa5eeef,positive,kaggle_moroccan_sentiment,mixed
S7i7 nakrhek ama lila 3jbtni bravoo,positive,kaggle_moroccan_sentiment,mixed
ربي يجازيكم,positive,kaggle_moroccan_sentiment,mixed
انا بنسبة لي مروى هى تفلة او بالاحر مرا تونسية مزيانة و عندها خبرا برشا انا نشجعها و نقوللها واصل,positive,kaggle_moroccan_sentiment,mixed
لا يليق بابرنامج و لا يستطيع ان يكون صحفي السيد نهظاوي,negative,kaggle_moroccan_sentiment,mixed
barcha rkaka !!!,negative,kaggle_moroccan_sentiment,mixed
لهذا نادى العاقلون ان سياسة التًوجه الكلي نحو افريقيا هي مغامرة ومخاطرة غير محسوبة العواقب في الاستثمار والمواقف فهذه البلدان لا تتوفر على مقًومات وجود مؤسسات قارة بحيث تنقلب الاوضاع باستمرار وتضيع الاستثمارات وتتحول المواقف بين عشية وضحاها من صديق الى خصم ويضيع معه كل شيء فعلى المغرب الا يضع بيضه في سلة واحدة)التوجه الكلي لافريقيا ) فهذه مخاطرة معالمها واضحة وهي وضعية غير مستقرة لبلدان جنوب الصحراء لهذا دعى العقلاء منذ سنوات الى التريث وعدم الاندفاع الكلي لكي لا تضيع اموال الشعب هباء,neutral,hespress_manual_khalid,Arabic
شفتها تسكر في المندرة مع ناس كرز في سوسة...ملهط,negative,kaggle_moroccan_sentiment,mixed
Masmanha,negative,kaggle_moroccan_sentiment,mixed
راه تكلاسا هاد العام الرتبة الاولى عالميا ونتي تتقولي جوج مرات صنف من افضل فنادق العالم,positive,huggingface_darija_reviews,Arabic
عملت  العاااااااار.  لا ذات ولا صفات,negative,kaggle_moroccan_sentiment,mixed
قداش ممسطك و مرمزك,negative,kaggle_moroccan_sentiment,mixed
جعفور  متالق  وصل,positive,kaggle_moroccan_sentiment,mixed
منين جباه هل البقرة,negative,kaggle_moroccan_sentiment,mixed
bravo lotfi dima chab33a tho7k m3ak,positive,kaggle_moroccan_sentiment,mixed
انا اشك في اسلامه انه يهوهدي متطرف.يريد الفاحشة في المسلمين,negative,kaggle_moroccan_sentiment,mixed
الي الجحيم يا متثقف يا متاع اليونان,negative,kaggle_moroccan_sentiment,mixed
Tfattak mahleha,positive,kaggle_moroccan_sentiment,mixed
maset laset ken hetha motha9af wa 3ala donya salem w n9oulou twatha3 chwaya b rabbi,negative,kaggle_moroccan_sentiment,mixed
❤❤❤❤👍👍,positive,kaggle_moroccan_sentiment,mixed
ya mase55555,negative,kaggle_moroccan_sentiment,mixed
انسان جاهل و متخلف و من ابرز هيواياتوالتلحيس و هزان الطحين وزيد عندو الوبنى في قفلة الصباط نلوم عليكم انتم جايبين واحد رخيص و خامج كيفوا,negative,kaggle_moroccan_sentiment,mixed
hhh slee3,negative,kaggle_moroccan_sentiment,mixed
3emlet l3ar,negative,kaggle_moroccan_sentiment,mixed
Bravo kadouja abda3ti ......,positive,kaggle_moroccan_sentiment,mixed
La howa majhad kayhayad kolshi zwin,positive,huggingface_darija_reviews,Arabizi
wlah m3alm wlh mch nrml mch 3adi,positive,kaggle_moroccan_sentiment,mixed
Bravo walid yonser dinek,positive,kaggle_moroccan_sentiment,mixed
قالو سهرية سخونة مقرونة جارية هي ثبت روحك هذي مهزلة يا معلم,negative,kaggle_moroccan_sentiment,mixed
إنت معلم يا جعغور,positive,kaggle_moroccan_sentiment,mixed
مقداد السهيلي كم هائل من المساطة الفنية والفرينة السياسية...,negative,kaggle_moroccan_sentiment,mixed
bravooooooooooooooooooooooo walid (y),positive,kaggle_moroccan_sentiment,mixed
4200 درهم على تلفون فيه غا الديزاين و الشاشة القوية.... لا معالج مزيان لا صوت ستيريو لا بلاصة الكارط ميموار لا منفذ جاك 3.5 ملم... و بهاذ الثمن و حتى الكاميرات راه ديال الفئة الاقتصادية... هادشي بزاااااااااااف,negative,huggingface_darija_reviews,Arabic
مروى العقربي طفلة مزيانة او متخلقة او نقلها برافوا واصل,positive,kaggle_moroccan_sentiment,mixed
صراحة فيلم روعة وثنائي في القمّة .,positive,huggingface_darija_reviews,Arabic
Tfouuuuuuuh 3a rhout,negative,kaggle_moroccan_sentiment,mixed
خويا الغالي نحبك راني ..ربي يدوم هاك الضحكة المزيانة وانشاء الله ديما مشرفنا,positive,kaggle_moroccan_sentiment,mixed
فلم حااامض 🫣,negative,huggingface_darija_reviews,Arabic
mchallah 3lik rabi m3ak,positive,kaggle_moroccan_sentiment,mixed
bravo walid 3jebtni,positive,kaggle_moroccan_sentiment,mixed
الله يستر على فيلمات آخر الزمان تخربيقة صافي,negative,huggingface_darija_reviews,Arabic
نعزها و انقدرها برشا,positive,kaggle_moroccan_sentiment,mixed
M3alem.    Yetkalem,positive,kaggle_moroccan_sentiment,mixed
Bravo maître naji jalol rajel yokhed rajel,positive,kaggle_moroccan_sentiment,mixed
بصراحة الطفلة محلاها و مزينها و قداش صريحة و متربية,positive,kaggle_moroccan_sentiment,mixed
Tout simplement m3alem,positive,kaggle_moroccan_sentiment,mixed
3malty lfade7,negative,kaggle_moroccan_sentiment,mixed
تمن مبالغ فيه بزاف فدول اخرى راه داير غير 280 دولار,negative,huggingface_darija_reviews,Arabic
bourjouliya braaaavooo,positive,kaggle_moroccan_sentiment,mixed
yestehel mamset hal manther  raht ...,negative,kaggle_moroccan_sentiment,mixed
زوين  بزاف,positive,huggingface_darija_reviews,Arabic
لاااااكن راه سامسونغ مادامت غاديا تبيع الشارجور  بشكل منعزل عن الهاتف فهذا هو النصب بعينيه اللي تعلماتو سامسونغ من منافستها ابل. و شكون ضمن ليا غادي نشريه شارجور دوريجين باش غادي نعرفو انا هذا بغض لنظر على الثمن الزائد ديالو ايلا لقيتو؟؟؟؟؟؟؟؟؟,negative,huggingface_darija_reviews,Arabic
تقول ما نلبسش 2pièce في البحر و انت عريانه في الكليب عملتي العار,negative,kaggle_moroccan_sentiment,mixed
معلم و أنتم منوا تتعلم,positive,kaggle_moroccan_sentiment,mixed
Maaaaasat,negative,kaggle_moroccan_sentiment,mixed
يعطيهم.الف.صحة,positive,kaggle_moroccan_sentiment,mixed
a7la stopha dima m7afelha bravo wasel & bon courage (y),positive,kaggle_moroccan_sentiment,mixed
ltawa mafhemtech 3lach tjibou fih .karakouz,negative,kaggle_moroccan_sentiment,mixed
مرمز عبد,negative,kaggle_moroccan_sentiment,mixed
Tfo t77ana,negative,kaggle_moroccan_sentiment,mixed
ليس هناك فرق واضح مع سابقيه منذ s10 الى الآن. ليس هناك إبداع، سامسونغ اصبحت محبطة لعشاقها.,negative,huggingface_darija_reviews,Arabic
Jani Bhal S21 Ultra Bedlo Lih Seulement type de Camera ou Design dialo Bhl Note 20 Ultra,negative,huggingface_darija_reviews,Arabizi
لا حول ولا قوة الا بالله تشجعون على الفسق واللواط لعنكم الله لن نسمح بهذه الصورة التي تشوهون فيها صورة بلادنا ،تونس دولة اسلامية اعوذ بالله من هذه الاشكال ومن مشجعيها,negative,kaggle_moroccan_sentiment,mixed
HANEN CHOGRANI......yessir 3assoula...,positive,kaggle_moroccan_sentiment,mixed
"Rabi y5alilek akel tho7ka""",positive,kaggle_moroccan_sentiment,mixed
حتى هو بقاو كان كعبتين يذكرونا بزمن التمثيل الجميل,positive,kaggle_moroccan_sentiment,mixed
صويت عالمي برافواااااااااا ...مش نرمال .. سيبوااا شكيب هههه,positive,kaggle_moroccan_sentiment,mixed
Bravooo bent blediiii Nchallah mabrouk 3liiiik 🎉🎈,positive,kaggle_moroccan_sentiment,mixed
ma7laak,positive,kaggle_moroccan_sentiment,mixed
عيب كبير انو الإعلام يعطي فرصة لمثل هؤلاء الشواذ للظهور على الملأ و التعريف بنشاطهم و ميولاتهم و مطالبهم .... و اعطاءهم حق الرد و السماح لبعض الشخصيات العامة للدفاع عنهم و مهاجمة من هاجمهم ...عيب كبير كي ولينا نشوفو حاجات كي هكة في التلفزة,negative,kaggle_moroccan_sentiment,mixed
بالرجولية معلم,positive,kaggle_moroccan_sentiment,mixed
محلاها و مفينها...بوزينها :*,positive,kaggle_moroccan_sentiment,mixed
mahleeeeeeeeeeeeeeeeek hannen.bravooooooooo,positive,kaggle_moroccan_sentiment,mixed
لماسط نور  و برهان  هلاش مڨحفين بربي,positive,kaggle_moroccan_sentiment,mixed
مناااااااااااااااااااااااااااااااافقة كبييييييييييييييييييييييييييييييييييييييييييرة,negative,kaggle_moroccan_sentiment,mixed
Tfouuuh 3likoum enta w ben gamra mta3ek chabeb da5ltouh f 7it na3lett allah 3likoum w 3alii ytabe3 fikoum,negative,kaggle_moroccan_sentiment,mixed
راك ماسط راك لاسط راك سلعة متشيخش جملة.صاحبي موكش متع فكاهة,negative,kaggle_moroccan_sentiment,mixed
راجل كبير وميبون,negative,kaggle_moroccan_sentiment,mixed
Wajha dima mnawra,positive,kaggle_moroccan_sentiment,mixed
akkkid m3almaa,positive,kaggle_moroccan_sentiment,mixed
N7bhaaa,positive,kaggle_moroccan_sentiment,mixed
Bravo jaw  ta7foun,positive,kaggle_moroccan_sentiment,mixed
7silou wa7dik ya karim,positive,kaggle_moroccan_sentiment,mixed
محلاهم الزوز روعة!,positive,kaggle_moroccan_sentiment,mixed
جالغ برشة وبا يزبّل السّهرية,negative,kaggle_moroccan_sentiment,mixed
A3az raper 3endi ye3jebni kalamou,positive,kaggle_moroccan_sentiment,mixed
heylaaa,positive,kaggle_moroccan_sentiment,mixed
Amin 3sal idinya,positive,kaggle_moroccan_sentiment,mixed
جميع المصممين يستعملوا نفس الثوب في كثير من المودلات و كتجي الكلكسيون زوينة و عندها قيمة,positive,huggingface_darija_reviews,Arabic
chnowa ha elmsata pff,negative,kaggle_moroccan_sentiment,mixed
تافه وساذج ملا مستويات العيب موش منوا ملي مستدعيه,negative,kaggle_moroccan_sentiment,mixed
Bravo semi m3alem,positive,kaggle_moroccan_sentiment,mixed
Patron,positive,kaggle_moroccan_sentiment,mixed
كافون يا معلم هو حر اش يغني مزاطيل و لا شق شق و لا حوماني و لي موش عاجبو يضرب راسو على الحيط,positive,kaggle_moroccan_sentiment,mixed
ماسط كيف ولدو,negative,kaggle_moroccan_sentiment,mixed
Ana  te 3jebni barcha,positive,kaggle_moroccan_sentiment,mixed
Wallahi wallit 5ayfa le yejina i3sare yedamerna fi joret hal manather lem9alba tga3ed bara rawa7 tfouuuuh,negative,kaggle_moroccan_sentiment,mixed
نوفل قداه نكرهو,negative,kaggle_moroccan_sentiment,mixed
قبل مانعس ضروري نتفرج فهاد السلسلة مكانملش منها ، وااعر وااعر هاد كبور ههههه المووت د الضحك,positive,huggingface_darija_reviews,Arabic
Bravoo ta7foun barcha 😍😍👍👍,positive,kaggle_moroccan_sentiment,mixed
بلطىأحسن مغنى رأب فى تونس مفيش إكلام,positive,kaggle_moroccan_sentiment,mixed
Oui mahlaha,positive,kaggle_moroccan_sentiment,mixed
Mamsatha fel  mousalsel hedha,negative,kaggle_moroccan_sentiment,mixed
hedhi 7al9a behya (y),positive,kaggle_moroccan_sentiment,mixed
Hhhhhh 7al9a 3alamia elila😁,positive,kaggle_moroccan_sentiment,mixed
خدمة نقية  تبارك الله عليك,positive,huggingface_darija_reviews,Arabic
ماسط و دم رزين,negative,kaggle_moroccan_sentiment,mixed
شاحلكا تزيدو. فيه كان عندي مجموعة كلها والو عادي غي كا يرطب,negative,huggingface_darija_reviews,Arabic
dhamer,positive,kaggle_moroccan_sentiment,mixed
العاهرة تشتغل بمخور,negative,kaggle_moroccan_sentiment,mixed
Bravo sayed elwazir,positive,kaggle_moroccan_sentiment,mixed
maset maset,negative,kaggle_moroccan_sentiment,mixed
Jet bmechekel ema ma7leha,positive,kaggle_moroccan_sentiment,mixed
Sa7a lik,positive,kaggle_moroccan_sentiment,mixed
m3allim  jalloul,positive,kaggle_moroccan_sentiment,mixed
Ja3for eser tayer eliom,positive,kaggle_moroccan_sentiment,mixed
محلاك عيشوشة نموت عليك 😻😍😘,positive,kaggle_moroccan_sentiment,mixed
hhhhh ma7leeeee  j'admire<3,positive,kaggle_moroccan_sentiment,mixed
رجل دين لكنو منافق و مراوغ ربي يهديه غلى علينا الخبزه,negative,kaggle_moroccan_sentiment,mixed
wajiha zinet el7al9a bravooooooooooo,positive,kaggle_moroccan_sentiment,mixed
Oui bhal lmaa okay hayed Mali rqchitih L9ayti feh chi riha mjhda ??,neutral,huggingface_darija_reviews,Arabizi
هاتف زبالة,negative,huggingface_darija_reviews,Arabic
ظهور جيد جدا ولوك جديد حلو,positive,kaggle_moroccan_sentiment,mixed
بدون تعليق,negative,kaggle_moroccan_sentiment,mixed
يعطيكم الصحة,positive,kaggle_moroccan_sentiment,mixed
mo9ded jahel w yfalem,negative,kaggle_moroccan_sentiment,mixed
Momtaza,positive,kaggle_moroccan_sentiment,mixed
Tfouu mala marka Kol mra jaybine chlka 9adch mamstik,negative,kaggle_moroccan_sentiment,mixed
ماسيخ زايد تعيشو طول عمركم طحانة,negative,kaggle_moroccan_sentiment,mixed
M3aleeeeeeeeeeeem,positive,kaggle_moroccan_sentiment,mixed
من حلقة إل حلقة يتحسن واصل،و ردبالك يغلبك في الحوار لطفي،دافع على رايك,positive,kaggle_moroccan_sentiment,mixed
ا احلاهم لخوات كيف يتروجلوا في بعضهم,positive,kaggle_moroccan_sentiment,mixed
العام الكامل من غير رمضان الماكلة زوينة نقية بنينة، المحل نقي و سربيس فالمستوى 😍😋😋😋,positive,huggingface_darija_reviews,Arabic
Na3lbouh elkaleb hatahan,negative,kaggle_moroccan_sentiment,mixed
3sal denya e5dem 3la rou7k w rabi m3ak,positive,kaggle_moroccan_sentiment,mixed
marouma ahsen wahda,positive,kaggle_moroccan_sentiment,mixed
Machaallah aliha,positive,kaggle_moroccan_sentiment,mixed
mamsta 😓,negative,kaggle_moroccan_sentiment,mixed
يا سي مورو معلم ديما كلامك موزون,positive,kaggle_moroccan_sentiment,mixed
تعرف وقتاش تظهر وتعرف اش تحكي  وما عندهاش التجغجيغ كيف  برشا ممثلين,positive,kaggle_moroccan_sentiment,mixed
amsset rajol f tari5 elbachariya,negative,kaggle_moroccan_sentiment,mixed
Brcha 9lt hya,negative,kaggle_moroccan_sentiment,mixed
برا الله يلعن بوك  وبو أمك العاهرة يا سامي الفهري يا طحان ماكش راجل بايع شرفك يا عديم الأصل يا ديوث تفووووووه عليك وعلى الطحانة اللي تبع فيك,negative,kaggle_moroccan_sentiment,mixed
مقرف لايقبل الحوار الممثل او الفنان ملك الجميع انا مثلا في المستقبل معادش نتفرج فيه  شىء مقرف  قواد شعب  طحان  ميبون,negative,kaggle_moroccan_sentiment,mixed
جلابة  المغربية  عند ألمغاربة  الاصول   يعرفوها  الا المغاربة 🇲🇦🇲🇦🇲🇦🇲🇦👑,positive,huggingface_darija_reviews,Arabic
بالله بعدو علينا ها المارك كيفو كي لوريمي كي البحيري كي ديلو الماكي كي شورو كي اللوز من المنابر والتلافز هما سبب المصايب في البلاد ربي يهلكهم,negative,kaggle_moroccan_sentiment,mixed
Hhh wa7dk karim,positive,kaggle_moroccan_sentiment,mixed
يعجبني و محلاه ، و أحسن رابور  .. نشاله ربي يعطيه ما يتمنى,positive,kaggle_moroccan_sentiment,mixed
Masiit 3al a5ir,negative,kaggle_moroccan_sentiment,mixed
جعفور يا معلم :* نشاء الله نشوفوك ديما في أعمال جديد bravo (y),positive,kaggle_moroccan_sentiment,mixed
ماسط برش no comment,negative,kaggle_moroccan_sentiment,mixed
"نجلاء ممثلة و مذيعة محترفة , مزيانة برشا تصلح تكون رئيسة الجمهورية !!!",positive,kaggle_moroccan_sentiment,mixed
rabi yechfilik bouk ama enti masit w lasit,negative,kaggle_moroccan_sentiment,mixed
واش بيرا فابور 🤣🤣🤣🤣 وياه زوين تم غ هو غالي شوي هدا مكان ✌🏻✌🏻❤️,negative,huggingface_darija_reviews,Arabic
5it ma5yabhhha 9adech nakraha,negative,kaggle_moroccan_sentiment,mixed
mouch normal  m3allém semi l féhri,positive,kaggle_moroccan_sentiment,mixed
Barcha 9elet torbya w9let 7yaaaa 3ala9al e7tarm chehar eli a7na fih 5af men rabi kifech bech t9ablo raho maynf3ek chy gir fe3lek tayeb 👎👎👎👎👎👎👌👌👌,negative,kaggle_moroccan_sentiment,mixed
ربي معاك نشالله وربي ضهرلك حقك ونحيييك وحظ موفق,positive,kaggle_moroccan_sentiment,mixed
ya3taha saha,positive,kaggle_moroccan_sentiment,mixed
ya3tih saha rouhou 5fiifa w fadléék  bravo et bon courage amine <3,positive,kaggle_moroccan_sentiment,mixed
بففف ولا ماسط,negative,kaggle_moroccan_sentiment,mixed
ماسييييييييط لاسط,negative,kaggle_moroccan_sentiment,mixed
9anet kefra,negative,kaggle_moroccan_sentiment,mixed
ماسط ومن لاخر عورلها برشه و تحل في لعريض و هو شخصيه هزيله موش هزليه,negative,kaggle_moroccan_sentiment,mixed
الله يعطيك الصحة في المستوى عندهم ساعات زوينين,positive,huggingface_darija_reviews,Arabic
nnn7bkkk,positive,kaggle_moroccan_sentiment,mixed
film wa3rrr,positive,huggingface_darija_reviews,Arabizi
Bravo mariem birasmi bravo ;) :*,positive,kaggle_moroccan_sentiment,mixed
bravo wlh yaser thamriiinnnn,positive,kaggle_moroccan_sentiment,mixed
Mwahra tbarkallah mlit leblasa enti b 10 m'en chakib,positive,kaggle_moroccan_sentiment,mixed
A7sen momathel tounsi bravo,positive,kaggle_moroccan_sentiment,mixed
Vrmt 3alamii,positive,kaggle_moroccan_sentiment,mixed
Mamstek w mathkel mleyektek,negative,kaggle_moroccan_sentiment,mixed
<3 masset lasset amma kifna twanssa el kol,negative,kaggle_moroccan_sentiment,mixed
دائما في النزاعات مع الجزائر او مصر او السنغال.. نعطيهم هدايا بالجملة و بالمجان، مثل حادثة المنشفة يوم النهائي،  على المغرب والمغاربة التعامل بالصرامة مع هذه القضايا لانهم يستغلون كل صغيرة و كبيرة ونحن نيام في العسل….,negative,hespress_manual_khalid,Arabic
ليلى الشابي لازمها ما عادش تظهر في التلفزة و لا راديو عام آخر.. خلينا نهظمو المساطة اللي سيبتهالنا الجمعة هذي.,negative,kaggle_moroccan_sentiment,mixed
اختي التيد ديال بيم كيدير هكاك مازوينش,negative,huggingface_darija_reviews,Arabic
مااااسط,negative,kaggle_moroccan_sentiment,mixed
"كايطيب مزيان و كولشي
غير خصو الاستعمال مرة مرة حيت دغيا كايفسدو
مهم ديال الديباناج",neutral,huggingface_darija_reviews,Arabic
ahla ziinaaaaaaa te3jebni baaarcha wallah bravoo :*,positive,kaggle_moroccan_sentiment,mixed
ya si   Lotfi   mey charfnech   hdhourik  behdha hel  massa5,negative,kaggle_moroccan_sentiment,mixed
Fiat Tipo sedan ahsen menha b 21 millions,negative,huggingface_darija_reviews,Arabizi
بدون تعليق أقوى رجل سياسة و نقطة وارجع للسطر,positive,kaggle_moroccan_sentiment,mixed
A3OUDHou bellah mala rahtt :O,negative,kaggle_moroccan_sentiment,mixed
إعلام العار هذا هذااعلام يرحم فمك يا بن بريك والفاهم يفهم,negative,kaggle_moroccan_sentiment,mixed
منك لله يا علي المريض ويا غنوشي انتم السبب اتفووووووووه عليكم يا خونة  يا مرتدين,negative,kaggle_moroccan_sentiment,mixed
الانسان هذا يعجبني حدو وحد روحو برافو واصل,positive,kaggle_moroccan_sentiment,mixed
Ahsen 7al9a fi 2014 hhhhhhhhhhh,positive,kaggle_moroccan_sentiment,mixed
Bravo etbarkaleh e3leha rabi iwafekha,positive,kaggle_moroccan_sentiment,mixed
Mtkhalif nes win wislit w fech 9a3da tasna3 w nes fin raj3a hatta illi 3mlou hakka 9bal rabbi msa7hm m denia ti hatta lhayawanat mysirch fe,negative,kaggle_moroccan_sentiment,mixed
Rana fadina woooooh,negative,kaggle_moroccan_sentiment,mixed
جعفور انت احسن فنان وانسان قبل فنان نحبوك ياسر اما بيناتنا السروال لحمر زاد فيك الشطر هههههه,positive,kaggle_moroccan_sentiment,mixed
انسان يعرف شنوة يقول بصراحة يعتيه الصحة,positive,kaggle_moroccan_sentiment,mixed
انت معلم  خوي لكبير,positive,kaggle_moroccan_sentiment,mixed
"Kant lyom fi electroplanet 3lah kijibo fi s22 ultra o kidiro check reference, sawlt galo Liya bli lversion dial SoC hiya Exynos 2200 Mchi snapdragon",neutral,huggingface_darija_reviews,Arabizi
Bravo walid t le meilleur,positive,kaggle_moroccan_sentiment,mixed
الشيب والعيب !!!,negative,kaggle_moroccan_sentiment,mixed
"تي قناة ماتكون كان صهيونية , عمرها ماجابت حاجة تنصر الدين . مختصة في الإنحلال الأخلاقي",negative,kaggle_moroccan_sentiment,mixed
Mastaa,negative,kaggle_moroccan_sentiment,mixed
Ta7foun bravo samii 😚😚,positive,kaggle_moroccan_sentiment,mixed
Dyal neutrogena zouin bezaf ead salithom kay3tiw wahed la fraicheur lwjeh khatiraa,positive,huggingface_darija_reviews,Arabizi
رجل بكل معنى الكلمة ;),positive,kaggle_moroccan_sentiment,mixed
راك ماسطة راك لاسطة,negative,kaggle_moroccan_sentiment,mixed
Ka insana ta3jabni barcha bsara7a,positive,kaggle_moroccan_sentiment,mixed
Tfouh 3likom jboura,negative,kaggle_moroccan_sentiment,mixed
ياسر ياسر ياسر رزينة,negative,kaggle_moroccan_sentiment,mixed
مسلسل تافه لا علاقة له بالواقع فالواقع اسوء بكثير,negative,kaggle_moroccan_sentiment,mixed
7al9a  7lowa,positive,kaggle_moroccan_sentiment,mixed
طحان بقرونو,negative,kaggle_moroccan_sentiment,mixed
wallahi 3ib eli ta3melou fih zouze erjel edahkou fil ness 3alikom malla torbiya 3anna wallat fi tounnes la techedha la mel metakef walla mel mowaten el 3adi wallahi chay assef,negative,kaggle_moroccan_sentiment,mixed
chab3a dha7ek 3ala badi bravo bendir,positive,kaggle_moroccan_sentiment,mixed
سعر معقول,positive,huggingface_darija_reviews,Arabic
مزية مزية ماعادش تجيبهالنا ليلى الشابي راهي امسط من المساطة وتافهة فاشلة,negative,kaggle_moroccan_sentiment,mixed
Borjouleya Msatet L'émission Dima Politique Politique Offffff,negative,kaggle_moroccan_sentiment,mixed
ﻋﻠﻴﻚ ﻳﺎ ﻣﺎﻛﺶ ﺭﺍﺟﻞ ﺷﻬﺮ ﻋﺒﺎﺩﺓ ﻋﺎﻣﻞ ﺑﻴﻪ ﻫﻜﻪ,negative,kaggle_moroccan_sentiment,mixed
Ye3jibeniii barchaa ...ou rabii m3ah 😂😂😂,positive,kaggle_moroccan_sentiment,mixed
برافو  راشد الخياري,positive,kaggle_moroccan_sentiment,mixed
تو بربي هاذه عبد تحكيو عليه الراجل ظربو الزهيمر وزيد مستواه منحط يسب في الجمهور,negative,kaggle_moroccan_sentiment,mixed
Yhabeeeel,positive,kaggle_moroccan_sentiment,mixed
إنسان منحط و مسخ و تاريخو سابقو مع قحاب المسرح اللي بعد ما تعطي و يطلعلها الدور المسرحي معفط تولي تبكي و تشكي ..الحاصل كي سيدي كي جوادو كيف البرنامج كيف ضيوفو ..تاريخ الدهماني عند حبوبة و صلاح مصباح وأش كليتي لوح يا براكة..و صحافي المجاري لطفي سواد رغم أنه في بعض الأحيان يقول كلمة في بلاصتها إلا أنه قواد و صحافي البلاط و شكون يدفع أكثر و معروف عنه أنه متحيل و لحبيب جغام مدفون في الإذاعة على نفس النسق من عهد بورقيبة و يزيد يفرض على الإذاعات الخاصة نفس البرمجة لوغة ناس بكري في ناس ليوم نصيحة مني حاول قدم و هات شيء جديد ومفيد خير من الوحلة اللي واحلها و سمير ديلو أحد لصوص النهضة كرشو و صلعتو كبرت و تقلبت الفيستة يا عفاط و التاريخ لن يرحمك و الترويكا و شيخكم شيخ الوبنة الخريجي و هاك المقدم الباسل و الأسئلة الوبنية الفكرية شنية المغزى من إنك تجيب تصويرة كاترين زيتا جونز لواحد ليبيدو و تسألو تقلو شنية تقول ..أنا نقلك جاب ربي ما جاوبكش إنها تفكرو في أمك .. لستم أهل للحرية و إعلامكم عاهر و داعر و لستم أهل للحرية يليق بكم جائزة أعطي صرمك و هز ساقيك نعملك برنامج ليك .. كادوريم قزمت روحك بحضورك في برامج جايبينك باش ت...,negative,kaggle_moroccan_sentiment,mixed
Wlh chapeau lihm,positive,kaggle_moroccan_sentiment,mixed
Tayara fi tamthil bayrem.,positive,kaggle_moroccan_sentiment,mixed
بارشة افساد الحمد الله فسختها عندي مدة من الرسيفير,negative,kaggle_moroccan_sentiment,mixed
طحين و دخان,negative,kaggle_moroccan_sentiment,mixed
BGHINA TEST CAMERA 14 PRO MAX VS 13 PRO MAX,neutral,huggingface_darija_reviews,Arabizi
Ta7an bn 3li 9awed mzel ymed fi wejhou fi tv malla marek,negative,kaggle_moroccan_sentiment,mixed
انتي ممثلة بارعة و متالقة،وفرضت وجودك في بلادك،ومحبيتش تخرج خارج الوطن تلوج علي الشهرة كيما زملاء ك المومثلين برافو,positive,kaggle_moroccan_sentiment,mixed
ساعة تستحق,positive,huggingface_darija_reviews,Arabic
بربي علاش جايبينو؟ باش ينبر,negative,kaggle_moroccan_sentiment,mixed
ja3fourrrr boo zenkkk 😙😙😘😘😘,positive,kaggle_moroccan_sentiment,mixed
فوزي بن ڨمرة كان أحسن فنان شعبي و أصبح أحسن منشد ديني,positive,kaggle_moroccan_sentiment,mixed
Tbarkalah 3leha ta3jebni bent semi,positive,kaggle_moroccan_sentiment,mixed
Tbarkala alik wajiha fanana chamla w kamla w thohka 3sal,positive,kaggle_moroccan_sentiment,mixed
تحية الي الوزير التربية الي. دخل قلوب التوانسة بمواقفه ضد تبييض الارهاب حقيقة تقال لرجل صادق. يبحث عنه التونسيون ليكون مكان الصيد,positive,kaggle_moroccan_sentiment,mixed
ﻓﻴﻚ ﻳﺎ ﻛﻠﺐ ﻭﺍﻟﻠﻪ ﺗﺴﺘﺎﻫﻞ ﺍﻟﺬﺑﺢ ﻓﻲ ﻫﺎ ﺍﻟﺸﻬﺮ,negative,kaggle_moroccan_sentiment,mixed
عسسسسسسسسل,positive,kaggle_moroccan_sentiment,mixed
مسلسل خامج لعام جاي مسلسل فيه بنت سامي الفهري. تغتصب,negative,kaggle_moroccan_sentiment,mixed
Ya3tikom saha,positive,kaggle_moroccan_sentiment,mixed
Mahla zinek mariyouma,positive,kaggle_moroccan_sentiment,mixed
كلاب مرتزقة,negative,kaggle_moroccan_sentiment,mixed
تبقى أفريقيا ذات أهمية استراتيجية لنا نحن المغاربة، وسنظل كذلك، وعلينا أن نكون مبدعين في مواجهة الهجمات الإرهابية. يجب علينا الالتزام باللوائح، واستخدام البنية التحتية البحرية لمدينة الداخلة لنقل البضائع المغربية إلى الدول الأفريقية الساحلية (السنغال، غامبيا، غينيا بيساو، غينيا، سيراليون، ليبيريا، ساحل العاج، غانا، توغو، بنين، نيجيريا، والكاميرون) من ميناء الداخلة إلى موانئ هذه الدول. بهذه الطريقة، يمكننا التوصيل من ميناء إلى آخر، وبمجرد أن يصبح هذا النظام أكثر أمانًا، يمكننا استخدام طرق أخرى أيضًا. لا تتخلوا عن أفريقيا، فنحن ببساطة جزء منها.,neutral,hespress_manual_khalid,Arabic
قناة الفساد مسخييين والله أقلية مسخين كيفكم قعدو يتفرجوا فيكم ....اخيييت,negative,kaggle_moroccan_sentiment,mixed
لسانها طويل برشا سبحان الله رجلها كيفاش مزال صابر عليها,negative,kaggle_moroccan_sentiment,mixed
تقعد من خيرة الفنانات في تونس,positive,kaggle_moroccan_sentiment,mixed
احلى جعفور انشاء الله تكون قدوة لبرشا ممثلين و انشاء الله من حسن الى احسن و احلى تحية مني و من اهالي معتمدية بني خلاد الى جعفور :* ربي يكثر منك الناس :*,positive,kaggle_moroccan_sentiment,mixed
Bismelah wmachalah 3iniha hbel,positive,kaggle_moroccan_sentiment,mixed
baravo,positive,kaggle_moroccan_sentiment,mixed
ta7on,negative,kaggle_moroccan_sentiment,mixed
m3allma (y),positive,kaggle_moroccan_sentiment,mixed
تجار ومرتزقة الدين ، وكهان ودجالين آل سعود ومماليك الخليج ، ومنشطي قناة الخنزيرة وأخواتها ، ظهرت فضائحهم واضحة أمام العالم والأمة العربية والإسلامية ، العريفي أو بالأحرى إمام بلاط آل سعود ، فقد عقله وأصبح يهذي مزطول ، يجود كلام عادي مثل تجويد وقراءة القرآن الكريم ، ويقول هذه سورة التفاح ويقصد بها سورة المائدة،خيبك الله يا منحط ويا زنديق منافق عبد لأسيادك ونزواتك وشهواتك ، وكذلك القرضاوي من مخبر جاسوس لجهاز المخابرات المصري ، إلى إمام ومشعوذ يلهث وراء غرائزه الحيوانية ،إلي داعية وجاسوس لإسرائيل ومن يدفع أكثر، يفتي في كل شيء حرام حتى في قتل النفس التي حرم الله قتلها، فجامع الأزهر رغم أنه شيد من قبل الفاطميين على التقوى وحب الله وما أنزل على خاتم النبيين والمرسلين ،إلا أن الأجيال الأخيرة من خريجيه أصبحوا مرتزقة وتجار دين ، يحرضون المسلمين على قتل بعضهم البعض وتدمير أوطانهم بأيديهم ، والعمل على التفرقة بينهم ،والتشكيك في ما جاء به الدين الإسلامي ، وتحريف وتفسير القرآن الكريم على هواهم ،كما يريد الملوك والأمراء ، ليكرهوا الناس في الدين الإسلامي ، وما القاعدة وداعش وجبهة النصرة الإسرائيلية والجماعات الإرهابية ال...,negative,kaggle_moroccan_sentiment,mixed
hhhhh m3alim,positive,kaggle_moroccan_sentiment,mixed
من أفضل ممثلات تونس,positive,kaggle_moroccan_sentiment,mixed
تفوه ديوث وخامج وصحيح عين ويناقش كونسار ان شاء الله,negative,kaggle_moroccan_sentiment,mixed
برااااااااافو ناجح 1000%,positive,kaggle_moroccan_sentiment,mixed
لا يحشموا لا يجعروا توا ما يحشمش ها البهيم معناها فرحان عمل سلفي مع بطلة العالم في العهر تي روح ن.......،تفوووووووووووه فضحتونا يا خماج؟؟؟؟؟؟؟,negative,kaggle_moroccan_sentiment,mixed
Yaser bleda bourjoulia moch 7ob,negative,kaggle_moroccan_sentiment,mixed
ساصوت على الحزب الدى يعيد النضر في حرية الاسعار ومحاربة الفراقشية في جميع الميادين ابتداءا من فراقشية التعليم المدرسة الحرة و الساعات الإضافية  ثم الصحة وبالخصوص اثمنة الأدوية والتحاليل ووووالى اخر الفراقشية  الخضار الجزار الى الو صول الى صاحب الفاخر الله يسودها لهم جميع الفراقشية ولاكن للأسف الشديد حتى الاحزاب فيهم الكثير من الفراقشية وجدت الحل نخوي البلاد انا وولاداتي لا للرجوع,negative,hespress_manual_khalid,Arabic
دارو الدمج احسن حاجة,positive,huggingface_darija_reviews,Arabic
Em3almaaa,positive,kaggle_moroccan_sentiment,mixed
برفوا نور,positive,kaggle_moroccan_sentiment,mixed
Monafe9 w la7ass,negative,kaggle_moroccan_sentiment,mixed
Bravoo kolhom abd3ou,positive,kaggle_moroccan_sentiment,mixed
ana te3jebni en plus 5ademma,positive,kaggle_moroccan_sentiment,mixed
"ضايع فيييييييها و مصطك زاده""",negative,kaggle_moroccan_sentiment,mixed
9affef ennahtha,negative,kaggle_moroccan_sentiment,mixed
Massta lassta !!!!,negative,kaggle_moroccan_sentiment,mixed
و نعم الاب,positive,kaggle_moroccan_sentiment,mixed
ممثل هايل كرمك الله  rabi ifadhleeek,positive,kaggle_moroccan_sentiment,mixed
Bravo rajil,positive,kaggle_moroccan_sentiment,mixed
عجلات الخلفية صغااااار مقارنة لطموبيل مهزوزة و مشاداش الأرض... سطابيليزاسو و ماشي فيابل و بلا ميرقابح،معايا شي حد,negative,huggingface_darija_reviews,Arabic
تفيه علي مندرك معدنوس وحه الركبة,negative,kaggle_moroccan_sentiment,mixed
Nakrho,negative,kaggle_moroccan_sentiment,mixed
Mouch mennou Melli ijibou fih,negative,kaggle_moroccan_sentiment,mixed
Wa7dek ya hanona n7ebek barrrrrrrrrcha,positive,kaggle_moroccan_sentiment,mixed
برنامج متاع موبنا نعنبو زك أمكم يا خماج فيكم كان قحاب و موبنا والله نحلف عليكم تتبادلو بنساء و سامي الفهري ينيك فيكم يا خماج برامج و مواضيع متاع وبنا والله نحلف عليكم كلكم ناقصين عصبا,negative,kaggle_moroccan_sentiment,mixed
chbeha najla sayybouha malla niféééééé9,negative,kaggle_moroccan_sentiment,mixed
احلى صباح لاحلى بنوتة عسولة,positive,kaggle_moroccan_sentiment,mixed
برجولية تبركلا علاها,positive,kaggle_moroccan_sentiment,mixed
ya waliiiiiiiiiiiiiiiiiiiid ya m3alleeeeeeeeeeeeeeem raw3aaaaaaaaaaaaaaa...... ama maram n7eb n9olha rak0 0 0 0 0 0 w mostawek yeser mon7at tfiiiiiiiiiiiiiiiiiih,negative,kaggle_moroccan_sentiment,mixed
oui yhabil southa <3 <3,positive,kaggle_moroccan_sentiment,mixed
برجولية ماسط لاسط.,negative,kaggle_moroccan_sentiment,mixed
قداشو ماسط ورخيص,negative,kaggle_moroccan_sentiment,mixed
لا واجيهة جندوبي تعجبني,positive,kaggle_moroccan_sentiment,mixed
متعجبنيش لهي ولا صوتها,negative,kaggle_moroccan_sentiment,mixed
شكرا الأصحاب الشرطة على جميع الجودات اللذين يقومون بها لحفاضة المواطنيجب الضرب بيد من حديد علا هلآء المجرمين اللذين يخرجون شبابنا وشاباتنا من هاته الهلوسة الخطيرةاللتي قد تأدي بمستعمليها للقيام أعمال العنف والسرقة و قد ينتج عنها ضحايا,positive,hespress_manual_khalid,Arabic
taberkala 3lih taajebni fi jaabni ya wajiha jandoubi,positive,kaggle_moroccan_sentiment,mixed
"Tbarkala 3likom ma7lekom rabi yhanikom,wenti yessine bravo",positive,kaggle_moroccan_sentiment,mixed
بفففف شعندك غلية >_< ميبسك -_-,negative,kaggle_moroccan_sentiment,mixed
ما احلاها رحمة و ما احلى كلامها و ما احلى عائلتها و ربي يفرج عليهم و يحميهم,positive,kaggle_moroccan_sentiment,mixed
Hhhhhh a9wa la9ta :-P,positive,kaggle_moroccan_sentiment,mixed
ياجليل كملً هكا وربي معاك اما سيً. محمد  قل ردباك علي  قليبك,positive,kaggle_moroccan_sentiment,mixed
rojla,positive,kaggle_moroccan_sentiment,mixed
في كلمة أحسن وحدة bravo إلى الأمام,positive,kaggle_moroccan_sentiment,mixed
عجبتني الحلقة اخدم ربي يعينك,positive,kaggle_moroccan_sentiment,mixed
في كلمة واحدة : أبله,negative,kaggle_moroccan_sentiment,mixed
صراحة حوايجهم غاليين مع المقارنة مع الجودة مزال حوايج وليدات صغار والبيبي زوينين صبني ورد,negative,huggingface_darija_reviews,Arabic
"#أيمن + #مهدي 
3lech nakerhouha hata walaw tmatel chérira ena jamais nakraha moumatla spontané barcha w nmout 3liha
صوتو باهي مافيش ادنى شك
Tayara
يعطيه الصحة وين تحطو ما تخافش عليه
bravo
هههه ماعرفتش روحي نتفرج في دنيا اخرى ولا في اولاد مفيدة ههههه اما عفسة باهية bravooooo
صوتك روعه لكن الهي بروحوك الشويه   عرفينك الراجل دبرتيه
تحياتي لهاتة الاستاذة. <3
tfouuuuuuuuuuuuuuuuuuuuuuuh 3ala halmandher
wahid tayarraa
wa7dek ya nawfel
نوفل وحدو
مبنِّك ومحلاك يا بيَّة المرأة التونسية بإمتياز بالله ساعة ساعة اعملي علينا طلة نوريلنا القناة
جعفور يا معذبهم
Macchalah
Baravooo sami mousalsel tayara
برافو وليد عندك موهبة في الميدان
Zied Borji قمة في الإحساس فنان بأتم معنى الكلمة♡♡♡♡♡♡
برفوووووووووووووووووووووووووو
جعفر القاسمي من اكثر الكوميدين البارزين في تونس ....يضحكني برشاا
Bayyouta ma7lek temchi wtes4ar bou zink :*
tayyyyara , ya3tikom el sa7777a
Bsara7a ta7fouuuuuun barchaaaaaaa
soutek behi
راجل والله
.. تحفونة .. ويلي عليها
Malla sahirya
الحاذقة
a7la amna :*
برافو ياسين
Rajil (y)
Te3jebni barcha Iove bb 5adouja
بارك الله فيك يا وليد التونسي
Bonjour  .           Khalifa raowwwwwwwwww3a
Rawe3a
برشا جو او تشويق مسلسل حلو حقق اكبر نسب المشاهد توانس تتفرج في ليل او بعد يبداو اسب انا في بالي لي معجبوش المسلسل انجم ابدل
Chahloula
Bravoo semi
bravo walid
مزيانة بارشى و بالنسبة آش عملت بينها و بين الله
Bravo ja3four ya behii ya 7nin rak 9ima f insania ,hmd fama ja3four f tounes wlh
حلو
بصراحة bravo ناجي جلول والله كبرت في عيني كيف كشفت #هالكلب الي يبيض في #الارهاب شكون موافقني ...
Yaaaaaaa n7ebou barcha
ya3tihhhhh saha
bravo olfa
M3alem
بيه ديمه متألق
3saaal
Bravo m3allem
m3alam
Bravo 😘",positive,kaggle_moroccan_sentiment,mixed
مسلسل يحكي كان عالعار  و ههه كلهم ولاد في الحرام فضايح قداش نكرهو هالمسلسل,negative,kaggle_moroccan_sentiment,mixed
Barcha 9elet 7ya,negative,kaggle_moroccan_sentiment,mixed
اكبري اكبري مالا فضايح كان جيت تعرف راك متحجبة,negative,kaggle_moroccan_sentiment,mixed
محلاها ريم معناش منها برشة في تونس,positive,kaggle_moroccan_sentiment,mixed
M3alem ka3four,positive,kaggle_moroccan_sentiment,mixed
عسل هاجر هههه محلا زينك هههه توهبل,positive,kaggle_moroccan_sentiment,mixed
"من التعنيق و الاحضان محناش خارجين و ربي يحسن العاقبة""",negative,kaggle_moroccan_sentiment,mixed
تمثيل رائع برافو,positive,kaggle_moroccan_sentiment,mixed
سبحان الله ماسط و دمو رزين و مارڨ,negative,kaggle_moroccan_sentiment,mixed
L7wayj lbaydin makaysla7 lihom rir aryil ama lwan nas7k b flota makaykchfch l7wayj okay5arj mzn howa likandi ola kan lbyad kanzid m3ah javel,neutral,huggingface_darija_reviews,Arabizi
Enta m3alem w 7na menak net3alem,positive,kaggle_moroccan_sentiment,mixed
3sal  kafon habebtna fi rab ken intti,positive,kaggle_moroccan_sentiment,mixed
احلى شيخ تحيفة معلم و الله  <3,positive,kaggle_moroccan_sentiment,mixed
Bravoo walid klamek manti9i w wathe7,positive,kaggle_moroccan_sentiment,mixed
mamsitha maya pffff,negative,kaggle_moroccan_sentiment,mixed
مااااااسط,negative,kaggle_moroccan_sentiment,mixed
لطفي انا جزائرية اما نموت عليك شخصية توب ربي يحفظك,positive,kaggle_moroccan_sentiment,mixed
Te3jebni w n7enha,positive,kaggle_moroccan_sentiment,mixed
Vraiment bravo sami wrabi m3ak,positive,kaggle_moroccan_sentiment,mixed
Berjoulia bravo ahmed,positive,kaggle_moroccan_sentiment,mixed
"ناجي جهلول إنسان بهيم ياسر.. أستاذ التاريخ الذي ادعى أن أهل الجنوب تنقصهم الوطنية... وكأن بأستاذ التاريخ لم يقرأ في كتب التاريخ عن فرحات حشاد والطاهر الحداد وأبي القاسم الشابي ومحمد علي الحامي ولزهر الشرايطي وعبد العزيز العكرمي...وغيرهم 
Tfeeeeh 3al podeiet 5raw feh Ti o9tlo lehmom jemda w homa ya7kiw 3al insenia ama insenia ta7kiw 3liha te 7ata 7ayawenia matjiiiich l7ayawen we3i 3lik ya mrifh ya mo3a9 ya met5alef
Maskha
تفوووووه على المستويات
منافق كبييييير
سبب من اسباب التطرف الديني ان تستفز غيرك في دينه حتى عن غير قصد هذه ليست اخلاقنا .حنان وزينة والمثلية ولطفي العماري كوارث تونس ودعاة للكفر وسبب تدعيش العقول البسيطة
يستخف في دمو و بصراحة ظهر دمو رزين و عار على الحصة
Mamstou
7al9a 3al 7ittt
حسان من الجزاير تفوووووو
الدنيا أذواق وكل حد يجبدوا أصلو وإلي أصلو خامج أكيد يتفرج في الخمج ويعحبوا
يجيب كان في حثالة المجتمع ما يسمى بالفنانين، نعم فنانين في الانحطاط الأخلاقي، فنانين في الموضة و الدعارة، و صرف الشباب و البنات لمثل هذه الأشياء، لماذا لم يتكلم عن هذا اللباس و العري من قد تكلموا بالأمس القريب في الحجاب و النقاب، ياله من شعب تافه، منافق، كاذب، الا من رحم ربي، ولا حول ولا قوة الا بالله
Raw 5ra 5ra w amsat menou maritech
mamsto 
Maaaaaaareq eghiiiiiiiiit
Amsat mino ma famech
hhhhhhhhhhhhhhhhhhhhhh mala mousiba mnin tla3 hedha kother lham ydha7ek
yeser  mathrouba fi rou77a yeser mra hethi
انا نكرهو و نفد منوو كي نشوفو يعملي الجاير
mech 5arej 3lik el role
Loooooool mriiiiiiitha ....
قاطعوا قناة العهر و الفسوق يا قوم
برافو فوزي وعندك حق والله شئ يأسف ملا موضوع يحكي فيه سي لطفي ويقول ثقافة غربية  الدول العربية تعاني من الجهل وتونس تعاني من المثقفين  مثلك يا لطفي  انا نقلك هذه ثقافتك انت وحدك
Mousasel fasedetou wajihaw khmissa
شايب كلب طحان
قحبة من أكبر قحاب تونس
Yeser wala mareg il mosalsall :/
منافقين
اي ونبعد  وين تحب طوسل غريت الشلهقين في في شهر رمضان لفظيل يخي  مقطوعين من شجرة لا عندكم لا امالي ولا تالي والا غارينهم باللفلوس التمثيل سبحان الله ولا حولة ولا قوة الا بالله حسبي الله ونعمي الوكيل  كان فمي تافه احب يمدحك له المجال مفتوح الدنياه ليك
Maset barcha 👎
Maset barcha
Akbir kalb
أصبحت تستضيف من تراهم في بلاتو برهان عسيس.. أتفه و أرخص شخص هذا المسمى فريد الباجي... الصافي سعيد يستحق كل الأحترام كذلك سيف الدين
الله لا يفرج عليه",negative,kaggle_moroccan_sentiment,mixed
En7ebha barcha w tooooooop 3al e5er   😄💗,positive,kaggle_moroccan_sentiment,mixed
"bayrem mele5er e7tarim rou7ek kathartelha mel msata w el bléda,",negative,kaggle_moroccan_sentiment,mixed
Vraiment bravo,positive,kaggle_moroccan_sentiment,mixed
wou 9adech'ha masta w teeeefha ! ya77,negative,kaggle_moroccan_sentiment,mixed
بصراحة #نلوم على امين كيفاش جايبوا للبرنامج برجولية #ممسطو ..شكون موافقني يعمل جام خليه يفيق على روحوا هالمصباح ...بففففف,negative,kaggle_moroccan_sentiment,mixed
7ram 3likom,negative,kaggle_moroccan_sentiment,mixed
ديما دراما كتحط افلام مغربية واعرة,positive,huggingface_darija_reviews,Arabic
دهب  ناقص دبا. انت حتبيعى ب 900 درهم الغرام حشومة,negative,huggingface_darija_reviews,Arabic
ti3jibni...,positive,kaggle_moroccan_sentiment,mixed
لقطة تجمع احساس رائع شكرا,positive,kaggle_moroccan_sentiment,mixed
نهاية باهية ممتاز برافو انا ما نحبش نشكر أما كريت السبان علاش لا مسلسل كما المسلسلات العالمية الطرح ممتاز و النهاية روعة,positive,kaggle_moroccan_sentiment,mixed
بصراحة تعجبني خاطرها عاملة قدر ال خدمتها و تستاهل كل خير,positive,kaggle_moroccan_sentiment,mixed
mahlak♥♥♥♥,positive,kaggle_moroccan_sentiment,mixed
مقرزة و تافهة و وليد التونسي عطاه صرفها تحساب روحا جعبة و هي مجات شئ مكذبش وليد كي قلها إنت شكونك هههه,negative,kaggle_moroccan_sentiment,mixed
آسفي عليك يا تونس :( قمة العار و الجهل انو يتناقش موضوع كيما هكا في برنامج يتفرج فيه الشعب الكل.... ماللخر الشيء هذا حرام و منافي للأخلاق شئتم أم أبيتم و لازم الأطراف المعنية تتدخل باش توقف هل المسخرة والله عار على دولتنا الاسلامية,negative,kaggle_moroccan_sentiment,mixed
الفضل يرجع لأمهم الفاضلة اللي ربتهم تربية سليمة ة ما خلتهمش يهزو الغل لبوهم كيما بعض النساء اللي اول ما تطلق تكره اولادها في بوهم و اهله ....الله يحفظ البنات ما احنهم,positive,kaggle_moroccan_sentiment,mixed
binisbali min a7sin momathilat fi tounise,positive,kaggle_moroccan_sentiment,mixed
راك ماصط راك لاصط...راكم سلعه كلخه ما إتشيخشي الراس سخفاااااااااااااااء...,negative,kaggle_moroccan_sentiment,mixed
mala... atfooooooh,negative,kaggle_moroccan_sentiment,mixed
الله يهدي توا هذا فن ينعلبو الوقت,negative,kaggle_moroccan_sentiment,mixed
7al9aa 3alamiaa __❤❤❤,positive,kaggle_moroccan_sentiment,mixed
malla lokza hhh,negative,kaggle_moroccan_sentiment,mixed
ماشاء الله مادام محرزية نور واخلاق وتواظع انت رامز لكل مرأة مسلمة وتونسية انا نحترمك برشة وانت راك مناظلة لاكن في بلاد الغاب,positive,kaggle_moroccan_sentiment,mixed
Bravo halka tayara,positive,kaggle_moroccan_sentiment,mixed
Bravo amin w enchallah men hassan ila ahssan,positive,kaggle_moroccan_sentiment,mixed
Wajiha tmathel lemra tounssiya le9wiya barcha bravoo  wajihaa,positive,kaggle_moroccan_sentiment,mixed
amin motrobi,positive,kaggle_moroccan_sentiment,mixed
Besla wa masta,negative,kaggle_moroccan_sentiment,mixed
M3alam,positive,kaggle_moroccan_sentiment,mixed
Yeser hlouaa bravooooooooo,positive,kaggle_moroccan_sentiment,mixed
ماشالله عليها,positive,kaggle_moroccan_sentiment,mixed
موش بﻻسطو,negative,kaggle_moroccan_sentiment,mixed
offfffffffffff mamstou w matfho w ma9l torbitou,negative,kaggle_moroccan_sentiment,mixed
ممثلة متالقة ديما .تربية و ثقافة و جمال  قدوة للممثلين علاش لا,positive,kaggle_moroccan_sentiment,mixed
برجوليا عسل عسل عسل النحل أنشالله أنساء تونس كيفها,positive,kaggle_moroccan_sentiment,mixed
Teeefha,negative,kaggle_moroccan_sentiment,mixed
Tooooop de Toooooop 👍👏,positive,kaggle_moroccan_sentiment,mixed
tahane,negative,kaggle_moroccan_sentiment,mixed
مشالله عليه😘,positive,kaggle_moroccan_sentiment,mixed
لا ذات لا صفات عامل روحو متثقف وهو مستواه اولى د اما عندو دراية كبيرة في هزان القفة معلم هههههه,negative,kaggle_moroccan_sentiment,mixed
wallahi 7ram fik kelmet fennen,negative,kaggle_moroccan_sentiment,mixed
"ابقو دائما في حمام النساء والتفاهات
ديما بالبلادة متاعو ههه 
Ma5yebha
Tala3bouhech boulede1 mala so9at fi tounes 7esou benes pffffffffff
اللعنة  اللعنة اللعنة على هالرهوط إلي ما يحشموش  والأغرب من هذا ماد وجهه وما يحشمش لا خير لا فيه ولا في إلي إستدعاه
مسسسسسسخ
مارق وماسط وجايبها تمقعير على أسياده
3alamet ese3a
Lokza
masit lasit
Masta lyouuuuuum !
Tafah wahed fi lebes maaaaaamstou
بربي هل الكزى معادش تعملولو قيمة وتجيبوه في التلفزة
بععععععععععع من اولاد سالمة الزححح
دعاااااره  100%
Tfih 3lih tahan w lhas
يا سامي المرأة افضحتها في المسلسل بوس و تعنيق و كلام عذب و في الصباح افضحتها بالتصاور",negative,kaggle_moroccan_sentiment,mixed
tbarkala 3lik rod balek mil 3inin maysa :*,positive,kaggle_moroccan_sentiment,mixed
Wahdek…...hhhhhh,positive,kaggle_moroccan_sentiment,mixed
Bravo sami c'est une belle chaine vraiment. W mousalsel raw3a trés bien,positive,kaggle_moroccan_sentiment,mixed
ماسط.,negative,kaggle_moroccan_sentiment,mixed
أصبح مهرج مسكين,negative,kaggle_moroccan_sentiment,mixed
Yaambou zinou yhabbell,positive,kaggle_moroccan_sentiment,mixed
ساعة زوينة و إن شاء الله نربح,positive,huggingface_darija_reviews,Arabic
3azaaa nmout 3lihaa 😘😘😘,positive,kaggle_moroccan_sentiment,mixed
واااااوووووووو صنيدلات تع 199dh وااااعرين لي فيهم لوينات زوينين👍🏻👍🏻👍🏻👍🏻👍🏻👍🏻👍🏻👍🏻,positive,huggingface_darija_reviews,Arabic
كضحكونا كنتمنى تزيدو شي برنامج اخر كيعجبوني بحل هذه البرامج بنت صغير ومطورا,positive,huggingface_darija_reviews,Arabic
مستوى منحط,negative,kaggle_moroccan_sentiment,mixed
Ne7bha,positive,kaggle_moroccan_sentiment,mixed
لمين النهدي إنني إمبراطور المسرح و الضحك  في تونس,positive,kaggle_moroccan_sentiment,mixed
Tafeh 3ale5er,negative,kaggle_moroccan_sentiment,mixed
محلا ها ريم الرياحي مرا بأتم الكلمة تحسها صادقة وثابتة وتعرف حق قدرها,positive,kaggle_moroccan_sentiment,mixed
Rajil ya walid tbarid 3al 9alib,positive,kaggle_moroccan_sentiment,mixed
Rajellllll,positive,kaggle_moroccan_sentiment,mixed
حمزاوي محمد امين...ياسر رزين..,negative,kaggle_moroccan_sentiment,mixed
3asla,positive,kaggle_moroccan_sentiment,mixed
jbri mal mstw 3melt l3ar,negative,kaggle_moroccan_sentiment,mixed
Dima class w 3andha mat9oul fi rou7a mra wa3ya w mettha9fa bravo,positive,kaggle_moroccan_sentiment,mixed
Tefou,negative,kaggle_moroccan_sentiment,mixed
Lkolha 7elwa moch kan 3iniha,positive,kaggle_moroccan_sentiment,mixed
حثالة المجتمع.... شكونك إنتي تحكي علي الأندلسي الطيور علي اشكالها تقع .....ونسيتي رجال الي ملقييا صدورها الكرتوش باش ملهط كيفك تمد وجها في Tv....,negative,kaggle_moroccan_sentiment,mixed
"barcha dhohek surtout #karim  ,,bravo sami",positive,kaggle_moroccan_sentiment,mixed
a7la star w a7la mayouus <3,positive,kaggle_moroccan_sentiment,mixed
Ana Jessica non eandi peau mixte,neutral,huggingface_darija_reviews,Arabizi
Top merci,positive,huggingface_darija_reviews,Arabizi
شهبندر التجار ، يا معللللللم قداش تشوط,positive,kaggle_moroccan_sentiment,mixed
فين عندكم المحال عفاك,positive,huggingface_darija_reviews,Arabic
mamstou,negative,kaggle_moroccan_sentiment,mixed
ووه مامسطك ياتوفيق ياغربي.بالله اتفرج في الاعادة وشوف اكا التهريج الي عملتو.ياولدي السماح فيها الثقافة الي تمثلها انت.في الاخير نقلك الحق موش فيك امافي اللي جابك للبلاتو يامهرج. والله حتي كلمة مهرج خسارة فيك.,negative,kaggle_moroccan_sentiment,mixed
Marzen chekfou pffff mbayen alih sabab kif ladwar liyakhedh fiha fil mosalsalet,negative,kaggle_moroccan_sentiment,mixed
ma3jibnich dawrrik bsara7a w lanti mawatatikch jimla m la5r choix 4alit,negative,kaggle_moroccan_sentiment,mixed
لخوت أما حسن سنابدرغن ولا  اكسنس و شنو فرق بينتهم حيت هنا  ف اروبا حين غير اكسنس مبغيتش نزرب حتى نشوف  اشمن معالج حسن ممكن تجوبوني,neutral,huggingface_darija_reviews,Arabic
مرمم تبعتو شهرين مالقيت تاشي فرق,negative,huggingface_darija_reviews,Arabic
Masa9tou tfouhh 😝,negative,kaggle_moroccan_sentiment,mixed
قناة العار و الشواذ,negative,kaggle_moroccan_sentiment,mixed
Mala kalb !!!,negative,kaggle_moroccan_sentiment,mixed
Gafour ya behi tbarkalh 3lek...,positive,kaggle_moroccan_sentiment,mixed
توا هذا موضوع تحكوا فيه. ،حرام حرام الله لا تربحكم. وجايب واحد يدافع على روحوا ،يكب كبوبوا,negative,kaggle_moroccan_sentiment,mixed
Hhhhh😍😘😘😘😘,positive,kaggle_moroccan_sentiment,mixed
ملا متخلف تعملو مزية معادش تستدعيوه o_O,negative,kaggle_moroccan_sentiment,mixed
Me3edech netfarej 3lih klem enes sans newfel w maia wela maaaaset,negative,kaggle_moroccan_sentiment,mixed
شكيب أضعف شخصية في كلام الناس,negative,kaggle_moroccan_sentiment,mixed
من اتعس و احقر البرامج ةالتلفزية    فسحقا لسامي السارق و نوفل الديوث و لكل من قبل الدعوة   و عصبة للجمهور  الرديء,negative,kaggle_moroccan_sentiment,mixed
مشروع ذوقيمة رائعة,positive,huggingface_darija_reviews,Arabic
Bravo 👌,positive,kaggle_moroccan_sentiment,mixed
3afat,negative,kaggle_moroccan_sentiment,mixed
نجمة هذي السهرة بي عفويتها و لابقتها,positive,kaggle_moroccan_sentiment,mixed
بشرتي دهنية و جربتها غزاااااااالة مايدماتش ليا وجهي مافهمتش هههههه و بالعكس كتحيد كاع ليطاش و كتصفي الوجه,positive,huggingface_darija_reviews,Arabic
شعب طحاااااااااااااااان والله,negative,kaggle_moroccan_sentiment,mixed
لطفي من أحسن الممثلين في تونس وأفضل حاجة فيه هي لبلادة متاعو,positive,kaggle_moroccan_sentiment,mixed
حتى أنا ليوم عاد خديتو وباقي مجربتو,neutral,huggingface_darija_reviews,Arabic
لا تربح الي خمم و جابك !!!,negative,kaggle_moroccan_sentiment,mixed
الممثلة هذي تعيفْ 😬😬,negative,kaggle_moroccan_sentiment,mixed
قمت التفاهة !!! بري يعطيك وهف ليك و للشريف متاعك,negative,kaggle_moroccan_sentiment,mixed
Ya masaaakh,negative,kaggle_moroccan_sentiment,mixed
Mamsstek... Yesset masset.malla manta9 w Mala mostawé. Ti 9adem isti9altek w 5ali ness tekhdem 3la rwe7ha,negative,kaggle_moroccan_sentiment,mixed
برفوا وليد عرفت اش تحكي عجبتني,positive,kaggle_moroccan_sentiment,mixed
برااافو أستاذ يوسف واصل في تحسن,positive,kaggle_moroccan_sentiment,mixed
برشا تسوميم,negative,kaggle_moroccan_sentiment,mixed
Min à7sen el momathlet te3jebni barrcha rabi y3awenha w ya7miha,positive,kaggle_moroccan_sentiment,mixed
Maaaaaaaaaaset,negative,kaggle_moroccan_sentiment,mixed
تفوه علي جابك و إلي ربك يا جربوع,negative,kaggle_moroccan_sentiment,mixed
c'est trés joli marwa enti men a7sen enoujoum etwensa <3 <3,positive,kaggle_moroccan_sentiment,mixed
Ui 3ejbetni Yasser e5sousi bayrem 3ala omou,positive,kaggle_moroccan_sentiment,mixed
"nari 3lik ya bledi .... Choft fik la3jayeb",negative,kaggle_moroccan_sentiment,mixed
Ach bikom tafhine awlade lamine i5iiiiiiiiiiiiiiiiiiiiih,negative,kaggle_moroccan_sentiment,mixed
ma7léhom <3,positive,kaggle_moroccan_sentiment,mixed
Amseet w amreth menou mariiiiitchhh,negative,kaggle_moroccan_sentiment,mixed
Walid ettounsi ya m3allem. Sidhom,positive,kaggle_moroccan_sentiment,mixed
دخلت لواحد مسابقة غير ضحك وربحت هاذ s22 ultra وفاش قالولي صردي لينا عنوان بقيت غير نضحك وقولت كيتفلو وحتي الا داروها غدي يكون غير شي شياطة ديال تلفونات ولاكن ملي وصلني وجربتو واااو كاميرات طوب وكلشي فيه زوين,neutral,huggingface_darija_reviews,Arabic
Ani te3jeeeebni,positive,kaggle_moroccan_sentiment,mixed
Merci nawfel ki jibt a7la fanana fi starac a7la i7sas w a7la a5lak nchalah ta3mel haja kbira fi 7yatha courage ma puce,positive,kaggle_moroccan_sentiment,mixed
مايا الكسوري و لطفي العماري اللي حاسبين رواحهم مالكين للمعرفة و هما عنوان للتفاهة,negative,kaggle_moroccan_sentiment,mixed
Olfa ben romthan sout tayara barcha,positive,kaggle_moroccan_sentiment,mixed
شكرا الي السيد نعيم على التضحية والصبر الكبير الذي ابتلى به خاصة إلى ابنة رحمة التي تعاني منذ الصغر من المرض الذي جعل. من حياتها شبه محطمة إلا أنها قاومت هدا المرض و واصلت مسيرتها الدراسية.  وادعوا لها ومن كل قلبي أن يشفيها آلله تعالى أمين. لقد تأثرت كثيرا لحالتكي وأعجبت بطريقة كلامك الرائع ويبقى الأمل.,positive,kaggle_moroccan_sentiment,mixed
Bravo kadija,positive,kaggle_moroccan_sentiment,mixed
ibravo,positive,kaggle_moroccan_sentiment,mixed
amin dima mwahir wy93od toul 3oumro mwaher,positive,kaggle_moroccan_sentiment,mixed
صطوفه يا معقد هم معلم راك,positive,kaggle_moroccan_sentiment,mixed
لقد تم وضع الملف عنوة بوم الاثنين .. وذلك حتى لايتم التلاعب بالملف او على الاقل الاطلاع على محتوياته يوم الاحد الذي يكون عطلة . ..لاتنسوا هناك من بدفع رشاوي ..فقط كرها في المغرب,neutral,hespress_manual_khalid,Arabic
بالرجولية ماسط ويا سامي راجع الفريق متاعك,negative,kaggle_moroccan_sentiment,mixed
حسان من الجزاير تفووو داعش ارحم منك.تفووووووو,negative,kaggle_moroccan_sentiment,mixed
Mala jaw,positive,kaggle_moroccan_sentiment,mixed
Nari 3likom,negative,kaggle_moroccan_sentiment,mixed
كم انت تونسي يا وليد ...برافو وليد...,positive,kaggle_moroccan_sentiment,mixed
مقل حياه,negative,kaggle_moroccan_sentiment,mixed
رجل تونس الأول,positive,kaggle_moroccan_sentiment,mixed
مرحبا بيكم جميعا عندنا فالمحل ❤,positive,huggingface_darija_reviews,Arabic
ممسطو ملا رهوط,negative,kaggle_moroccan_sentiment,mixed
مرا classe,positive,kaggle_moroccan_sentiment,mixed
Nour Chiba a7la fannen nchallah dima m'en 7asan ils a7san wrabbi m3ak yq a7la fannen,positive,kaggle_moroccan_sentiment,mixed
Ena n7ebha,positive,kaggle_moroccan_sentiment,mixed
mastaaaaa pffffff,negative,kaggle_moroccan_sentiment,mixed
Hhhhhhhhhh bravo,positive,kaggle_moroccan_sentiment,mixed
ملا فضيح  ملا حشوم,negative,kaggle_moroccan_sentiment,mixed
rak ma3lem ya ci abed feteh,positive,kaggle_moroccan_sentiment,mixed
Hd sabona zwina bzzzf,positive,huggingface_darija_reviews,Arabizi
M3alma <3,positive,kaggle_moroccan_sentiment,mixed
ملاهط تونس,negative,kaggle_moroccan_sentiment,mixed
bsar7a momthla raw3a  wenchallaH  betawfi9,positive,kaggle_moroccan_sentiment,mixed
ya m3alem,positive,kaggle_moroccan_sentiment,mixed
"بلاد الهانة !!!! صاحب شهادة عليا و عمره عداه يقرى و حقه انه يخدم تجي الفنانة اللي جايبينها بش تتمزى عليه و توفرله الفلوس!!!!!!!!!!؛؛؛؛!!!!!""",negative,kaggle_moroccan_sentiment,mixed
داك التمن بزااااف وبلا شارجور هذا راه نصب بعينو من عند سامسونج مايستاهلوش داك الثمن,negative,huggingface_darija_reviews,Arabic
Yesser rzina w klemha ma39oul,positive,kaggle_moroccan_sentiment,mixed
تبقى الاسود أسود و الكلاب كلاب...والفاهم يفهم,negative,kaggle_moroccan_sentiment,mixed
مزيج بين الشجاعة و التلقائية و خفة الظل و قاعدة معلوماتية كبيرة  فيما يتعلق بكل المستجدات  خاصة منها الثقافية,positive,kaggle_moroccan_sentiment,mixed
ناضي 🔥🔥🔥🔥🔥🔥,positive,huggingface_darija_reviews,Arabic
Machalah 3aliha,positive,kaggle_moroccan_sentiment,mixed
أحلى جعفور...احلي تلقائية و احلي ضحكة ديما متميز و قريب للقلب 👍,positive,kaggle_moroccan_sentiment,mixed
Ana n7ibha,positive,kaggle_moroccan_sentiment,mixed
لطفي العماري حقيقة كلامه كلو مستفز للذوق العام وانا اعتبره داعم رسمي للارهاب رغم يقيني بقيمته الصحفية ....,negative,kaggle_moroccan_sentiment,mixed
Ma555yeb rasou w mar5sssou kenou rajelll,negative,kaggle_moroccan_sentiment,mixed
Malla manather tfouh 💩,negative,kaggle_moroccan_sentiment,mixed
ma7lah maryouma,positive,kaggle_moroccan_sentiment,mixed
ملّة زبور نشيخ علاهة عذي,negative,kaggle_moroccan_sentiment,mixed
ماااااااسط  يااااااااسر هههههههههه,positive,kaggle_moroccan_sentiment,mixed
تبارك الله خليقة و خلوق ٠,positive,kaggle_moroccan_sentiment,mixed
مرووته عسل الدنيا ماشاء الله .. بوزين المسرارة .. بالتوفيق و ان شاء الله من حسن الى احسن يا بنت مفيدة😘,positive,kaggle_moroccan_sentiment,mixed
معلم و تبقى ديما معلم,positive,kaggle_moroccan_sentiment,mixed
ahouwa echay eli karrahni fi touns,negative,kaggle_moroccan_sentiment,mixed
Ma7laha zinha wmahla zinha,positive,kaggle_moroccan_sentiment,mixed
9adech nakrhou,negative,kaggle_moroccan_sentiment,mixed
Mehdi Bouzoumita écoute,positive,kaggle_moroccan_sentiment,mixed
وجيهة الجندوبي هي سبب فشل نسيبتي العزيزة,negative,kaggle_moroccan_sentiment,mixed
nmout 3leha,positive,kaggle_moroccan_sentiment,mixed
"خيييييييت ....""",negative,kaggle_moroccan_sentiment,mixed
Mra o 3liha l klem (y) 3sal denya o sha5seya 9weya :D,positive,kaggle_moroccan_sentiment,mixed
شكرا على المسلسل,positive,kaggle_moroccan_sentiment,mixed
dnob lamgharba les fruits et légumes sont faites pour les marocain et vous avez laissé tombé vous frère et sœur et vous avez amené les fruits et légumes pour les africain c’est bien fait pour vous j’espère que la route sera fermé pour toujours,negative,hespress_manual_khalid,Arabic
صوتها حلو .. (ربي معاها ),positive,kaggle_moroccan_sentiment,mixed
M3allim raby y3inou w dmou3ek 4alin yé stoufa :*,positive,kaggle_moroccan_sentiment,mixed
فنان محترم  متالق و نجم تونس وتاج راسن في دول ااعربيه,positive,kaggle_moroccan_sentiment,mixed
لمين صريح ورزين في كلاموا على ذاك أنا نحبو.برافو لمين النهدي,positive,kaggle_moroccan_sentiment,mixed
هذيكا اجمل فنانة تونسية عبر التاريخ ان شاءالله ديما متألقة,positive,kaggle_moroccan_sentiment,mixed
tefhin barch,negative,kaggle_moroccan_sentiment,mixed
عندك الحق انا سافرت بزاف وكنرتاح غير بحال هاد المنتجعات وكنمشي بزاف لمارمرا فمراكش ملي كنرجع كيجيني اكتئاب,positive,huggingface_darija_reviews,Arabic
ياسر معدة ياسر و ديما يعيط يفدد,negative,kaggle_moroccan_sentiment,mixed
ملا لفعة بسبعة رؤوس,negative,kaggle_moroccan_sentiment,mixed
9athi emasa5,negative,kaggle_moroccan_sentiment,mixed
3salll,positive,kaggle_moroccan_sentiment,mixed
برافو عقلية الاعتذار ما فهموهاش جتهم صعيبة عباد خدمتها التنبير والبندير,positive,kaggle_moroccan_sentiment,mixed
حلقة مع المقدم الماسط اللاسط الفاشل اميييييييييييين !!!!!!!!!!!!!!,negative,kaggle_moroccan_sentiment,mixed
Yeser ma93aaar,negative,kaggle_moroccan_sentiment,mixed
Rajillllll,positive,kaggle_moroccan_sentiment,mixed
mamseto !!!,negative,kaggle_moroccan_sentiment,mixed
الله عليكي وعلى صوتي لك صوتك بجنن,positive,kaggle_moroccan_sentiment,mixed
Hhhhhhhhhh 9talni bel msatta malla 3okaa,negative,kaggle_moroccan_sentiment,mixed
شلاكة، تحكي عالفيلم قالت دخلت أمها تلقاه فوقها ( تو هذا مستوى تع حديث !!!! ؟,negative,kaggle_moroccan_sentiment,mixed
بيه الزردي كل شويه تهبط في سوريه  مش لازم توارينه كتفك شيب و عيب,negative,kaggle_moroccan_sentiment,mixed
برجولية معلم جعفور,positive,kaggle_moroccan_sentiment,mixed
قطوسة أجمل و أحسن ممثلة في تونس :-),positive,kaggle_moroccan_sentiment,mixed
ماسقطتكم ومابهم هذا الشعب المسطك اللي مازال يصدق فيك وفي أمثالك قالو مستوصف وقالو مدرسة هععععع تي الله يرحم أيامك يا بونا لحنين يا أكبر حشواجي على الأقل كنت تحشي فيه بالقوة والناس إلكل ساكته وإمبلعه موش توه شعب كامل إمزنك وسامي الميبون شايخ عليه زعمة زعمة مسابقات وأعمال خيرية والفاهم يفهم وحدو آماكنش يمشي يدفن روحو وحدو أشرفلو !!!!,negative,kaggle_moroccan_sentiment,mixed
Bravo naji jaloul,positive,kaggle_moroccan_sentiment,mixed
Yeser ma7leh المسلسل,positive,kaggle_moroccan_sentiment,mixed
والله بكاتني برافووووو,positive,kaggle_moroccan_sentiment,mixed
barcha 9o7b tfouh,negative,kaggle_moroccan_sentiment,mixed
a7lowa te3jebni :*,positive,kaggle_moroccan_sentiment,mixed
Mahouch metrobbi w bhiiiim,negative,kaggle_moroccan_sentiment,mixed
Ouiuuuuf vraiment tfadded,negative,kaggle_moroccan_sentiment,mixed
راجل باهي و تحفون و زيد ضامر ويفكىرنا بالضحك و الذمار و الاكثر يعرف يحكي شيخ تحيفا يا تحفون,positive,kaggle_moroccan_sentiment,mixed
كولشي غزال تبارك الله عليك دائما تتمتعينا بالجديد والعروض ❤,positive,huggingface_darija_reviews,Arabic
Msata sans commentaire ! Welfehem yefhem !,negative,kaggle_moroccan_sentiment,mixed
Madit lasit .3al 7it,negative,kaggle_moroccan_sentiment,mixed
Mamstouuuu....maya3rafch ya7ki,negative,kaggle_moroccan_sentiment,mixed
كذاب ونذل,negative,kaggle_moroccan_sentiment,mixed
nad7kou a7na tawa !!!!!!!!!!!!!!!!!!!!!!!!!!!!!!!!!!!!!!!!!!!!!!!!!!!! malla ri9,positive,kaggle_moroccan_sentiment,mixed
"Yeziini brebii chnya hal ham mamsthoum aman chbiha manel hkika m3ankcha fih t9oul far ma5yebha  Mamstha ohhh",negative,kaggle_moroccan_sentiment,mixed
7al9a raw3a bravo lebnet ma7lakem,positive,kaggle_moroccan_sentiment,mixed
Bou zinhom,positive,kaggle_moroccan_sentiment,mixed
مقداد السهيلي يوجع الراس أكثر من حشيشة رمضانمﻻ تافه 😠😠😠😠😠😠,negative,kaggle_moroccan_sentiment,mixed
السيد هذا الطحين بيدو لعنة الله عليك وعلي امثالك,negative,kaggle_moroccan_sentiment,mixed
Sout 7lou ahmed,positive,kaggle_moroccan_sentiment,mixed
maset a8anih el kol mathama feha 7ata ma3na,negative,kaggle_moroccan_sentiment,mixed
ماحالاها العائلة كي تحب بعضها و الأولاد يحبو والداهم و يدللاهم في كبرهم... ربي يطول أعمارهم و يطول عشرتهم و يهناهم ❤️💖,positive,kaggle_moroccan_sentiment,mixed
Mal manther pfffff,negative,kaggle_moroccan_sentiment,mixed
wallahi hedhi tetsama 9elet torbia w ne9es rjoulia zeyed frou5 fi talvza ...,negative,kaggle_moroccan_sentiment,mixed
واين الجهاز المتطور لتعقب اموال الشعب المنهوبة,negative,hespress_manual_khalid,Arabic
Achref we7ed fel 9a3da elkol,positive,kaggle_moroccan_sentiment,mixed
Rak maseta rak laseta  pfff  m5yb raseka,negative,kaggle_moroccan_sentiment,mixed
لا عيان شريتو مفاتش سمانة تقطع الضوء خسر دتو عند المعلم قال ليا ميتسايبش هد الماركة عيانة,negative,huggingface_darija_reviews,Arabic
Mashallah mashallah alikoum ❤❤❤❤,positive,kaggle_moroccan_sentiment,mixed
صراحة bravo أحمد الرحموني .,positive,kaggle_moroccan_sentiment,mixed
منااااااااافقين والله ناقصنا كان اضايا !!!!!!! ماكمش باش تترباو!!!! احكيولنا شوية عالالمانية,negative,kaggle_moroccan_sentiment,mixed
الفكرة زوينة و لكن مجاتش مع المغاربة أبدااا🤦🏻‍♀️,negative,huggingface_darija_reviews,Arabic
Bravo walid.,positive,kaggle_moroccan_sentiment,mixed
Nahdhawi kalib wlotfi tajamo3i kalib kifou,negative,kaggle_moroccan_sentiment,mixed
ساعة واعرة بي التوفيق,positive,huggingface_darija_reviews,Arabic
3assoulllaaaaaa,positive,kaggle_moroccan_sentiment,mixed
شلغوم شرق عليه لوك جديد,positive,kaggle_moroccan_sentiment,mixed
Alkalb fehom houwa rachd maset laset maji chay,negative,kaggle_moroccan_sentiment,mixed
عاهرة تافهة,negative,kaggle_moroccan_sentiment,mixed
نحبكم برشا,positive,kaggle_moroccan_sentiment,mixed
Ye3tihe sahe bravo,positive,kaggle_moroccan_sentiment,mixed
9o7b m3iz,negative,kaggle_moroccan_sentiment,mixed
لطفي العبدلي ممثل شامل كميديا تلقاه دراما زادا والحمد الله أحسن ممثل في مهرجان دبي و شماته في العداء. رانا إنحبوك.واصل يا معلم :*,positive,kaggle_moroccan_sentiment,mixed
3asba,negative,kaggle_moroccan_sentiment,mixed
mouch menek mencha3rek elli ki 9ofet el fleles hhhhh,negative,kaggle_moroccan_sentiment,mixed
Rabi m3ak واصل...,positive,kaggle_moroccan_sentiment,mixed
جعفور يا معلم كوميدي محترف و خدام و زيد محبوب ربي معاك ❤,positive,kaggle_moroccan_sentiment,mixed
Rabi m3ak,positive,kaggle_moroccan_sentiment,mixed
tabrkala a3lihe,positive,kaggle_moroccan_sentiment,mixed
Wahdek ya amin,positive,kaggle_moroccan_sentiment,mixed
"aliha w barvo  3liha 😍""",positive,kaggle_moroccan_sentiment,mixed
5alla rou7ou dho7ka yestehel ....,negative,kaggle_moroccan_sentiment,mixed
نحيتو راس بصل و جبتو راس ثوم 😑 ممسطو ولا حول ولا قوة الا بالله !,negative,kaggle_moroccan_sentiment,mixed
امصط (كمودي) واكبر طحان ومسخ,negative,kaggle_moroccan_sentiment,mixed
مرا باهية اما نقصها شوية مصدقية,positive,kaggle_moroccan_sentiment,mixed
معلم و منك نتعلم,positive,kaggle_moroccan_sentiment,mixed
ممتازة تبارك الله,positive,huggingface_darija_reviews,Arabic
حلقة ماسطة بخلاف بلطي,negative,kaggle_moroccan_sentiment,mixed
الشاحنة المحروقة على الحدود الموريتانية المالية وتعاليق تتهم الجزائر ما أعظمك يا بلادي صرت عقدت متلازمة للبعض,positive,hespress_manual_khalid,Arabic
عسسسسسسسلللل راك بجعفور 😍😍😍😙😙😙,positive,kaggle_moroccan_sentiment,mixed
Tafah pa +,negative,kaggle_moroccan_sentiment,mixed
Tfoooooooh,negative,kaggle_moroccan_sentiment,mixed
bravo  bravo ناجي جلول,positive,kaggle_moroccan_sentiment,mixed
فولة مسوسة طاح بيها غراب أعور,negative,kaggle_moroccan_sentiment,mixed
مغرور و ما يعجبنيش تفدليكو و الدنيا ادواق,negative,kaggle_moroccan_sentiment,mixed
tana 3andi ms ri jiha whda,neutral,huggingface_darija_reviews,Arabizi
بورجوليا يا سامي نكتلها امها بقلة الحياة,negative,kaggle_moroccan_sentiment,mixed
klemou logique w ya3ref ya7ki  bravo  :),positive,kaggle_moroccan_sentiment,mixed
مناورات الأسد الأفريقي بين الجيشين المغربي و الأمريكي أصبحت من أكبر المناورات العسكرية في العالم بحجم الدول المشاركة فيها و اختبار أنواع  الأسلحة الأكثر تطورا و هذا فخر للقوات المسلحة الملكية، مشاهدة طائرات F16 التابعة لسلاح الجو المغربي في استعراض مهيب مع المقنبلات الأمريكية الاستراتيجية B52 و هي تحلق في سماء كاب درعة بطانطان حدث يدعونا الى الفخر و الاعتزاز بجيشنا البطل و  قائده الأعلى رئيس هيئة أركان الحرب العامة جلالة الملك محمد السادس حفظه الله و رعاه.,positive,hespress_manual_khalid,Arabic
ياسر ياسر ياسر  رزينة من لخر  أرزن مالطفل عرفتوه إلي كانو قبل غسلو بيه روسهم,negative,kaggle_moroccan_sentiment,mixed
بالرجولية ابداع  برافوووووووووووووو واصلو يجمع بين الهزل و الدراما و تجسيد للواقع,positive,kaggle_moroccan_sentiment,mixed
اخخخ تفووووووه على هالرهط,negative,kaggle_moroccan_sentiment,mixed
محلاك و محلى صوتك ياسر دخلت قلبي,positive,kaggle_moroccan_sentiment,mixed
مثال للمرأة التونسية الأصيلة,positive,kaggle_moroccan_sentiment,mixed
enssen mrith w m3a9ed men 7aja esmha e5wen,negative,kaggle_moroccan_sentiment,mixed
ENA nakrahaa,negative,kaggle_moroccan_sentiment,mixed
pfffff malla moustawé wsolnelou f mousalslet,negative,kaggle_moroccan_sentiment,mixed
Hhh bravo,positive,kaggle_moroccan_sentiment,mixed
hhhh lotfi malla chleka,negative,kaggle_moroccan_sentiment,mixed
هاد الساعة دايرا ضجة كبيرة في السوق واحسن ساعة مقارنة مع الثمن,positive,huggingface_darija_reviews,Arabic
N7ebhaaaaa,positive,kaggle_moroccan_sentiment,mixed
كلام نزيه ومقنع ومحترم .,positive,kaggle_moroccan_sentiment,mixed
مساطة إعلامية و تكونيز في الفارغ,negative,kaggle_moroccan_sentiment,mixed
كلامه متضارب فقد مصداقيته,negative,kaggle_moroccan_sentiment,mixed
w hia hal lmarik likifha ta3raf siyam wla t9oum lisalat pffffffffffffff,negative,kaggle_moroccan_sentiment,mixed
برااااافو,positive,kaggle_moroccan_sentiment,mixed
السي وايكيكي ديال المحمدية ناقص مافيهش هاد شي,negative,huggingface_darija_reviews,Arabic
عجبتني حلقة اللية حسيتها رايقة برافو حسين الديك واصل هكاك,positive,kaggle_moroccan_sentiment,mixed
sawet w jamel w ane9a,positive,kaggle_moroccan_sentiment,mixed
برافو اولاد مفيدة........... برافو سامي الفهري,positive,kaggle_moroccan_sentiment,mixed
اول مرة استعملتو مرضني ضرني ف عينيا وايديا جاتني فحال الكزيمة كنبقى نحك وعينيا مكنتش كنعس بالحريق خديت جوج تقاطر وما وليت لباس حتا مشيت لطبيب الأخوات لي عندهم حساسية ردو بالكم منو,negative,huggingface_darija_reviews,Arabic
انا عجبتني برشا لرشا خاطر حقيقة و واقعنا التونسي برافو كي نبدا نتفرج نشيخ خاطر نحس روحي نتفرج في حقيقة مش في مسلسل,positive,kaggle_moroccan_sentiment,mixed
"مسلسل مظاهر  الخماج متاع رب توانسا الخماج 
Ma5yeb rasou ki sama7ni na3mel 8atsaa W bllid barchha
مسكين والله،لازموا يمشي يسمع بسيكوم فماش ميفيق شواي على روحة
ايناس اغضبتني
كمشة معاقين و طحانة
كذاب
هذا كلب اخواني .  وحرام يظهر في التلافز
Wajha mamstk
fibelou dhamer ema mehwech motrobi. yetkelem belghacha. wallah meye7chemch
Sel3a zbelaaa
Barcha 9o7 bouloujia
Ras lfakroun ch3amel.fi rouho
من فضيحة تتحول الكلمة إلى #فضوحة هههههه
Maset laset
برشا خمج و قلة حياء. واحد يحشم علي روحو عايلة ملمومك وانتي توري كان في الخمج متاعك.  الحق فلي يتفرج فيك
ممسطو. و مبلدو و متفهو
ماسط لاسط >:(
lmasset yestad3a lmasset en plus 7atta lemission chalektouha
9a7ba
Pppffff شى كبير فى المساطة
كلب نعلت الله عليك يا خمج
مرزن دمك لهم   صغيرا تصخايل روحك
ما يجي شي هو وتونس من 2011 لتوا
Ikazez
تافهة ومنحطة ووسخة وما تفهم شيء في الدنيا وخاسرة منسوبة للمراة التونسية
اسقط و انذل تونسي يدعي التمثيل و الانسانية و بداخله كره و حقد ايديلوجي اعمى
mala fsala far5 ta7an
نكرها برشااا و ڨدااش تيتزعبن و لعبتها فينااااس و هي معرسة بخنزير
Tfouhhhh
برشا قلة تربية وقلة أحياء
كراوك أخر الزمان
Mamstou zayed hathaya tjibou fih
bleda wrkeka
يا خويا أمسط منك ما راتش عيني 😒😒 يا خويا أمسط منك ما راتش عيني 😒😒
مساكن جماعت الحبس اوكلهم الي جا و امعيشينهم كما جا زيد عليهم توفيق ماسط ربي اعينهم
Masta lasta💩💩en plus kerda🙉🙉
انت لا تمثل رجال بلادي انت و امثالك .. صدقني مافماش فرق بينكم و بين الحيونات لا حول و لا قوة الا بالله !!!!!
Maset maset Maste
maaaaasta 3andha complexe ak lemra
تفاهة
Mriiiiiiiiiiiiiiiiidh w m3a9id w tji kol chay illllllllla fannnnnen hadha ken tnajjjem tji haja min aslou  a33333333 3leh yjibou fih min aslou .......meskina ma Tunisie :/
إنسان رخيص
كلب النداء
Ta7an kbirrr
انت احقر انسان انت حثالة المجتمع انت تتاسف منك تونس يا قبيح عيب عليك
Malla chleyek
يوتر الاعصاب ماامسطو اوووف
اخي تحب تشري تونس ب7000مليار تفيههههههههههه عليك و على والديك يا كلب يا ساقط يلي ما تحشمش
ماسط لاسط بجاه ربي اعطيو هملو ها زوز صوردى و قلو معادش يجى. ملا هم
TFOH A3LIK  MAY3JBK CHAY WBINESBA LIDIN NA3RFO 5IR MINK EBARCHA
قبح الله وجهه أكثر مما قبحه
Malla msata kifech tnajem ta3mel hakka ya wejiha ti howa nsibti la3ziza wfet flousou msat w zid 3lih dawrek enti youfa lahné
هذه نسخة من ثعالب تونس القحاب و الملاهط و حاشة بنات الاصل المتربين في حجاب و خمار و الزين و العين .
شقنوسة برشا و ناقصة غلوة
Sel3a zbela rak Ya maset ma amsatech menek fi belek tetthomer wenti raaak 5ariya w me s5oun e3333
سقوطيا
Tfouh alik ya kalbe
يعطيك كلب
chniya hadi manal 3mara mala fan f tounes hbat lel7adhidh
معناتها لعراء في تونس ولا جرأة و نتوما قناة اللواط الجنسي تعديولنا في هالرهوط و تحبونا نتفرجو...
mamsetk
marthlouuu
i5it
ماسط وساذج في تفكيرو ....كلمات تافهة من عبد أتفه
maaasta
مرزن ملايكتو.الشفاعة
massta fou9 lezeem
Allah lé tar7mou wahed kalb
yaser mast walh
الله غالب ما تعجبني في شيء
لعنة الله عليك **لادين**لاحياء** ولاحتى مجرد كرامة؟؟؟؟؟؟؟؟؟؟مستويات!!!!!
tfooh
اثقل من نهار الاثنين
Mamsathom. T9oul. Ma3adich 3ana. Rjelle  fi tounis
لحاس
طاح مالعين
ماستا برشا و النادي الافريقي اكبر منك يا طحان ماك كنت تخدم عندو سليم الرياحي يا ميبون
عملتو العار و الدوانة مع الشعب
تافه وجاهل وهذا الخطير....
lokza
كلب وخنزير كبير
نسيبتي العزيزة الكلها ماسطه وفما برشا ناس ايقواوا ايضحكهم الفاهم بلعكس انا عمري ماضحكني يا والله ايبكي. ..الضحك راهو فن ومش كل الرهود تقتنوا. ..آمين النهدي قبل ما يتكلم ومن غزرتوا بركا ايضحك الناس الكل
3ib ya chi5 👙👙👙👙👙👙👙👙👙
تفوا عليك عاملة روحها ممثلة ،تى وكان يهطونى مال الدنيا ويقلولى اتفرج. نرفض على خاطر فما وحدة خسيسة ،تفففففففففوا عععععععللللليييييك
احقر انسان ريت في حياتي تفوه عليه
Barcha 9elet tarebya
متاجرة بالدين من الصنف الأول و لها من الكذب و الدعارة السياسية و مرجع لتبييض الإرهاب و تمثل حزب متورط في الإرهاب و الإغتيالات السياسية",negative,kaggle_moroccan_sentiment,mixed
تحية عظيمة لهذا الأب العظيم، صور لنا الابوة بكل معانيها، وربي يشفي رحمة ويرجع اخوها بالسلامة ان شاءالله.,positive,kaggle_moroccan_sentiment,mixed
Mala 7ela metfhou wmamstou,negative,kaggle_moroccan_sentiment,mixed
m3lllem we3jebtni ki 7kit 3le methleyyn ltaw la 7Abbou yefhmou rana moslmin 9bal kol chay :o,positive,kaggle_moroccan_sentiment,mixed
كلك فاسد مسخ يافار لحبس عبيثة نعن زبور أمك ياطحان ياولد قحبة,negative,kaggle_moroccan_sentiment,mixed
maset ne9es mel7,negative,kaggle_moroccan_sentiment,mixed
الا مصورو ليك حتى واحد حتى الغدا ونصورو ليك ختي أنا بعدا تيطيب ليا يديا,negative,huggingface_darija_reviews,Arabic
كترشيه و تخليه واحد شوية عاد تكحيه ماتمسحيهش ديريكت.,neutral,huggingface_darija_reviews,Arabic
شنوة رجعوا يمدوا في وجوهم هالمارك النحس,negative,kaggle_moroccan_sentiment,mixed
خير من هاك الماسط متاع سلام مسيو,negative,kaggle_moroccan_sentiment,mixed
شعب تافه,negative,kaggle_moroccan_sentiment,mixed
bsara7a barvooo 9anet etounsia a7la 9anet dima dhou7ka mawjouda,positive,kaggle_moroccan_sentiment,mixed
WWwwhhh ma5ybou,negative,kaggle_moroccan_sentiment,mixed
Lokza :3,negative,kaggle_moroccan_sentiment,mixed
rak jabri mate3refech ta7ki,negative,kaggle_moroccan_sentiment,mixed
السلام كلشي كتبينوه الا الحلقات علاش مكاتوريوهمش لينا  الحلقات ديال ديما ماشي دلحضور,neutral,huggingface_darija_reviews,Arabic
Ya3tik esa7a ya amir dima em7afelha bravo,positive,kaggle_moroccan_sentiment,mixed
"مخيب سنيه مقدمين..تقول باش يهبطو ,محطة جاية..",negative,kaggle_moroccan_sentiment,mixed
Akmaj ma jabtou lelhissa tfouhhhh,negative,kaggle_moroccan_sentiment,mixed
Bjr ya 3asouuula,positive,kaggle_moroccan_sentiment,mixed
Blid w rkik,negative,kaggle_moroccan_sentiment,mixed
صلاح مصباح من ارقى الفنانين احساس و فكر,positive,kaggle_moroccan_sentiment,mixed
mra w a3liha liklem,positive,kaggle_moroccan_sentiment,mixed
Bravo..  برافو سيدة. محرزية اخلاق وعلم وموزونموزونة.نعم النساء قدمت تونس ..الجزائري,positive,kaggle_moroccan_sentiment,mixed
Maseeet bliiid...chbihom houma jebou m'en Hannibal w nessma ! Ye5i mafamech mounachtin jdod lezem dima nafss loujouh w zid taw wallew fi chaîne wa7da !!!,negative,kaggle_moroccan_sentiment,mixed
روعة في الاخراج و التمثيل,positive,kaggle_moroccan_sentiment,mixed
هذا   عار  تونس,negative,kaggle_moroccan_sentiment,mixed
Mabroukkkk mais ken kamlt 5ir w li sir isir,positive,kaggle_moroccan_sentiment,mixed
ماشاء الله,positive,kaggle_moroccan_sentiment,mixed
يااااااسر ماسط ........من محمد علي النهدي لمحمد الجبالي وبندرمان ......ربي يخفف علينا,negative,kaggle_moroccan_sentiment,mixed
vrai mon bravo yassin wlh yaser 7louwa la9ta,positive,kaggle_moroccan_sentiment,mixed
bravoooooooooo walid ettounsi yaatik alf sahha,positive,kaggle_moroccan_sentiment,mixed
هذاك المرطب نتاع نيتروجينا صغير سيمانة مايجيبهالكش,negative,huggingface_darija_reviews,Arabic
7lowa braaaaavo,positive,kaggle_moroccan_sentiment,mixed
Katheritilha bisara7aa,negative,kaggle_moroccan_sentiment,mixed
الخوار التونسي ناس منافقين .باعو رواحهم بالفلوس .تخلوا على دينهم و اخلاقهم و قيمهم ،و يا ليتا تسكر,negative,kaggle_moroccan_sentiment,mixed
أكبر لحاسة في تاريخ تونس هههههه,negative,kaggle_moroccan_sentiment,mixed
نحبها برشا,positive,kaggle_moroccan_sentiment,mixed
سيدة محترمة و ربي يوفقها في حياتها و نقلها تمنيتك تكون رئيسة المجلس. لأنك في نظري إمرأة قيادية و عظيمة.,positive,kaggle_moroccan_sentiment,mixed
عار على تونس ربي قدر الخير,negative,kaggle_moroccan_sentiment,mixed
Bravo amir,positive,kaggle_moroccan_sentiment,mixed
متربي برشا واصل,positive,kaggle_moroccan_sentiment,mixed
معلم نور شيبا,positive,kaggle_moroccan_sentiment,mixed
me houch fanen,negative,kaggle_moroccan_sentiment,mixed
Bravoo sami,positive,kaggle_moroccan_sentiment,mixed
مقداد السهيلي سيدي الشّيخ ياأكبر قفاف منافق في الجمهورية التونسية,negative,kaggle_moroccan_sentiment,mixed
Nmouuut 3liha,positive,kaggle_moroccan_sentiment,mixed
ja3four ya m3adhebhom,positive,kaggle_moroccan_sentiment,mixed
Ma7lek wajiha,positive,kaggle_moroccan_sentiment,mixed
Ahla amine <3,positive,kaggle_moroccan_sentiment,mixed
malla chleka jeybinou w malla mostawe,negative,kaggle_moroccan_sentiment,mixed
مقداد البلعوط عاد إليكم من جديد,negative,kaggle_moroccan_sentiment,mixed
مافديتوش منو  ، مايعرفش يناقش ، ماعندو حتى إضافة ...,negative,kaggle_moroccan_sentiment,mixed
Fannan wi3lih liklem Dalí Bach yanta7er houwa w bouh minja7ek 7asan wasel,positive,kaggle_moroccan_sentiment,mixed
m3alem ja3four lghali je t aime,positive,kaggle_moroccan_sentiment,mixed
قناة دعارة عملتو العار يا ولاد البزولة تفوه,negative,kaggle_moroccan_sentiment,mixed
Souto sem7 we lazmo ye5dem akther,positive,kaggle_moroccan_sentiment,mixed
Bravo lebnet wlh ajebtouni,positive,kaggle_moroccan_sentiment,mixed
Dar Liya l hbob,negative,huggingface_darija_reviews,Arabizi
"مع كل احترامتي ""اكبر جبري""",positive,kaggle_moroccan_sentiment,mixed
Bsara7a tayara barcha😍,positive,kaggle_moroccan_sentiment,mixed
Rak mast aa rak lasat aa,negative,kaggle_moroccan_sentiment,mixed
أمسط منشط شفتو في حياتي،,negative,kaggle_moroccan_sentiment,mixed
3asoula te3jebni,positive,kaggle_moroccan_sentiment,mixed
حثالة جرذ طحان,negative,kaggle_moroccan_sentiment,mixed
"7lwa ... mettha9fa ...ta3ref ta7ki 
Enta m3alem wahna minek net3alem .  Ana nhebou barch w nahtarmou barch nhessou ki baba allah yarahmou
Bravoooo
Dima 7low wld moufida
Ragel
bravoooo
سيدة تونس الاولى , كم احترمها
وحدك يا وجيهة حوت و حويتة عليك 😻
Bravo ‼ bien
صوت حلو  أيمن  خلقه وأخلاق ربي يعينو..
ساعة  محلاها كوثر بالحاج
Bravo Si jelloul
Bravou
Ya3tik esaha naji jalloul
ربي يحفظك يا عايشة اما رد بالك راك مازلت صغيرة و المستقبل قدامك 
Bravoooooo Walid
نموت عليه دخل الضحكة الديار التونسية
Rabby yahfedhha 😃
بالنشبة لامين باهي وعاقل ومتربي .. ونقى كان نقول ربي يوفقو
ياحسره فرحت كريتو
Bl3kis ENA 3ejbtni
Tbarkallah alik
برجولية  محلاها والله  علاش تبرو عليها  فنانة وعليها لكلام   ربي معاها  أخوك من الجزائر <3  ولي تقرى رسايل باهية برشة
hhhhhhhhh ahla wahda bravo
فنان كبير ،هههه   و برفو ربي   يعينو 
Thabal sitkom dinia okra chab3a dhohk ya3tik isaha sami bravo libranc karim bassam ilkol bravo
مروه نشالله ربي يوفقك في دربيك ونشاالله ديما عنديك الجديد
زايد الرخيص يبقى طول عمرو رخيص 😕
فاخر برشة
bkina wallah bravo
Bravo chakib 5alithom lkol fil hors jeux
فوزي معلم موقف ممتاز كنت أتوقعه منك فالرجال مواقف...
3azouztiii nmout 3liha
Vraiment bravo bakatni wallah
خلوقة وكلمة حق
3andou l7a9
m3lem dima 3endek  mawe9ef  7louwa  barcha
جعفراُنت اٍنسان بكل ما تحمله الكلمة من معاني
معلم وولدها
عجبني مال افكار يا سامي
Bravoooooo sami lfehriiiiiii
Bravo  amin
Bravo bravo bravo
mariouma mahlek
بصراحة هاو الضحك الصحيح ممثلين بارعين محلاهم<3<3<3<3
Mahlekom.  Brjouliya
حسين يااجمل و احلى فنان في العالم
يعجبني كلامها و أسلوبها .. من أحسن الممثلات في تونس حظ موفق وجيهة <3 :)
كفاءة معرفة و حرفية. 
Thabél
Rejeeeeeel
هانا نستناو فيكم !   بالتوفيق ان شاء الله !
نهارك فل لأحسن واحد في الدنيا الكل.
الصافي سعيد أكيد حلقة قوية
Raw3aaaaaa
جزائرية يعطيك الصحة و العافية يا علاء كيما فرحتها الله يفرحك و انا عجبتني منى و عجبني تعلقها بامها ربي يخليهالها و يا ريت كل واحد يحب امو كيما منى
Maktla dhohk... bravooo
محترمة
enti jawharat lbarnamej w rod belek t4ib wela te7remna men dho7ktek lebnina 5alina nadh7kou behi ya hanen
راجل
Vraiment braaaavvvooo :*
انا مالمعجبين بالشيخ تحيفة ونعتبرها زلت لسان
رجل باتم معنى الكلمة يرفض التعليق على موضوع هابط
Bravo walid  :)
Bravo lotfii
Bravo au couple :-*
Machallah
Maset yeser
<3
Braavoo, wlh baketni
نحن نعشق الحوار التونسي
أنت معلم واحنا منك نتعلم",positive,kaggle_moroccan_sentiment,mixed
الرجل المناسب في المكان المناسب,positive,kaggle_moroccan_sentiment,mixed
Stouufa yaa faneen e5deem weech 3liik yaa m3aleem !,positive,kaggle_moroccan_sentiment,mixed
Wa7dek ya semi 3andek tal3at hbel bravo,positive,kaggle_moroccan_sentiment,mixed
Rabbi ykather menha l'momathliin fi tunis bravo wajiha (y),positive,kaggle_moroccan_sentiment,mixed
Omomatic zwin kaykhli hâta riha zwin fi hwayj,positive,huggingface_darija_reviews,Arabizi
، زبالة,negative,kaggle_moroccan_sentiment,mixed
Hahahahahah 3alamiya,positive,kaggle_moroccan_sentiment,mixed
Bravo...,positive,kaggle_moroccan_sentiment,mixed
Maset laset w maydha7akech malla mostawayet :'(,negative,kaggle_moroccan_sentiment,mixed
I3lem el3ar,negative,kaggle_moroccan_sentiment,mixed
Brevooo,positive,kaggle_moroccan_sentiment,mixed
لمادا لايتم استيراده من موريتانيا الفحم الخشبي هناك زهيد الثمن يقدر ب 70 درهم للكيس الواحد,neutral,hespress_manual_khalid,Arabic
ولد حومتي 😍,positive,kaggle_moroccan_sentiment,mixed
a3333333    nkraha,negative,kaggle_moroccan_sentiment,mixed
"من مصر 
7lowa rahnan
انسان عنده نضرة باهية ومواقفه تعجبني
تستاهل طيارة يا لطفي.. لا طيارة شوية عليك، أحسن ممثل و كوميدي في تونس لطفي و ماغير تكريم يكفيك الناس الي تحب تمثيلك و ضمارك ؛)
جعفر القاسمي،  انسان خدم على روحو و ضامر و مايمثلش كيف برشا عباد يخرجو فالتلفزة.  تحياتي جعفور و رانا نحبوك.
مبدعة
ماشاء الله …
Mech nrml rabi ya5lehalek
يازينة يلحنينة
سيتكوم يااااسر حلو خدمة مزيانة
قناة قوية b1
هذه درس وقدوة للعباد اللي نفسهم ضعيفة
Yaser mahleh ina kol lila ntaba3 fih bravoo
Bravo folla wallit nmout 3lik
Rak 33soulllla
Brave
صوتك حلو وانتي محلاك وغناياتك محلاهم اما زيد اخدم اكثر انتي فنان باهي يا ايمن
احلا صوت حوماني
Machalah
عسسسسسل ماشاء الله
Walah a9wa mra fi tones ..Bravo madame camerji
M3allem !!!
Bou zink rabi ma3k <3
عبد الفتاح مورو معلم بسراحة مفماش كلمه خير من   forrrrrr
Rak m3aleeeeem w zid bravo 3al prog mt3 #etesi3a
خديجة برافو مستقبل واعد انشاالله
Ma7lek ja3four
te3jebni w n7ebha
الحمد لله يا ربي هاذي الحلقة تعدت خفيفة و تحفونة منغير الهرج متاع السياسيين يعطيكم الصحة ما فقتش بالوقت كيفاش تعداا
b3avooooo
A7la sahra walah m'a hssine deak walah 3malna Jaw bravo bravo
Marmour ya 3assoul
مسلسل عالمي
كوميدي مش عادي
Khamsa w khmis 3lik ya lamin el kef jebet rjel :)
Bravo khidma tayara
التونسية من أفضل القنوات
wwwwwww a3salllllll
ياااا معلم
Bravo faouzi
ta7founa ou m3lma
Bravo machala 3liha
Bravo Ja3four :)
الله يشفيها ياااارب . احلا طفلة واحلا اب واحلا ام❤ الله يقويهم ياااارب تفرجها من عندك وتفرحهم يااااا يا رحمان يا كريم. تحية لعلاء على وقفتو ومشاعرو 💖
برافو يعطكيم الصحه
Mraaa w 3liha lekleeem
صباح الخير يا معلم
M3alem
Rim riehi men a7sen elmoumethlin li ref3ou etemthil n7eb n9oulek bravo wasel haka
Tfatta9 l7al9a
مسلسل ممتاز روعه
Walid ya3tek saha baretli 3ala 9albi
hlowa
m3alllllim Hsin Dik rabbi m3ak
ma7lek wlah
te3jbni 5atrha men a7sen el momathlin♥♥♥♥♥♥
نحن نعشق الحوار التونسي
Wa7dek y'a zina
الشيخ عبد الفتاح مورو يمتاز بالفصاحة و سرعة البديهة و الوضوح في تصزيحاته
وجيهة ممثلة و عليها الكلام مش كي الجماعة لي مشاو للميدان في مصر
ضامر برشه
Beravo sami eklouleid yehebel
منور نور شيبه ودائما متألق
Hhh bravo ma7lekom tdha7kou :*
Bravoooo. Tayra. 🌹
راجل
Dhamer 💜
ولد وطربي    متخلق  معندوش كلام زايد   يرحم من قراء و ورى   يرحم لميمه اش جابت
Soutte w houdourre rai3
Tayara
Vrm sitkom raw3a dha7ek be dmou3
Tayara
N77eeeeebha yaser
Ya 3omriiiiii thebl
وليد التونسي راجل و سيد الرجال. الله يرحم امك
 !!!",positive,kaggle_moroccan_sentiment,mixed
mamstekkkkkkkkkkkkkkk,negative,kaggle_moroccan_sentiment,mixed
3aychouchti rani nmout 3lik !,positive,kaggle_moroccan_sentiment,mixed
Mamseethaaa,negative,kaggle_moroccan_sentiment,mixed
wajiha il jandoubi wa7adha fi tamthill :D,positive,kaggle_moroccan_sentiment,mixed
leeeeeeeeeeeeeeeee khayb ala hiit :p :p l,negative,kaggle_moroccan_sentiment,mixed
معلم و رايو يمثل اكثر من 90% من التوانسة ♥♥,positive,kaggle_moroccan_sentiment,mixed
Bravooo wlhhh,positive,kaggle_moroccan_sentiment,mixed
وحدك يا الفة,positive,kaggle_moroccan_sentiment,mixed
Kalb w mase5 tfouh,negative,kaggle_moroccan_sentiment,mixed
واصل ولايهمك,positive,kaggle_moroccan_sentiment,mixed
Bravoooooo 👍👍👍👍👍,positive,kaggle_moroccan_sentiment,mixed
باسل وماسط وركيك وتسكرة مايلة ورمز,negative,kaggle_moroccan_sentiment,mixed
يخدم عاى روحو ..ربي يعينو,positive,kaggle_moroccan_sentiment,mixed
ya a7la manou fi tunes,positive,kaggle_moroccan_sentiment,mixed
M3aaaaaalem,positive,kaggle_moroccan_sentiment,mixed
3ejbetni el song aman n7eb 3liha,positive,kaggle_moroccan_sentiment,mixed
"Meskina y tounes  Temlat kan bechlayek",negative,kaggle_moroccan_sentiment,mixed
تافه و حثالة وعار على تونس وثقافتها,negative,kaggle_moroccan_sentiment,mixed
"ﻓﻲ ﺍﻟﺨﻤﺞ ﻣﺘﺎﻋﻚ.  ﺍﻟﺤﻖ ﻓﻠﻲ ﻳﺘﻔﺮﺝ ﻓﻴﻚ""",negative,kaggle_moroccan_sentiment,mixed
انا نحبها و نمو ت عليها,positive,kaggle_moroccan_sentiment,mixed
T bhiiima 7eta lmathal 8alet,negative,kaggle_moroccan_sentiment,mixed
امضيت فيه اسبوعا العام الماضي فندق روعة ولكن التمن غالي بزاف بزاف بزاف,positive,huggingface_darija_reviews,Arabic
mella marek krahnekom,negative,kaggle_moroccan_sentiment,mixed
اودي على فيلم كيداير غي زاد فقصني و صافي لا ببداية لا نهايه  فين يامك أخاي سعيد ناصري,negative,huggingface_darija_reviews,Arabic
Vraiment motrba wa3leha leklem,positive,kaggle_moroccan_sentiment,mixed
سمرا عسلة مشبها,positive,kaggle_moroccan_sentiment,mixed
Massit lassit,negative,kaggle_moroccan_sentiment,mixed
كترشيه و تخليه بالعكس زوين مكيخلي تا طبعة,positive,huggingface_darija_reviews,Arabic
yser mjoudra w mouch 5arej 3liha idawer,negative,kaggle_moroccan_sentiment,mixed
يا تحيفة قداش تحكي اما تبارك الله عليك,positive,kaggle_moroccan_sentiment,mixed
Wasel rak mahsoud ya daleji,positive,kaggle_moroccan_sentiment,mixed
. wlh bravo Karim bon chance w wmwafe9 inchalla,positive,kaggle_moroccan_sentiment,mixed
Lokza ya saaaaahbi,negative,kaggle_moroccan_sentiment,mixed
تحفونة,positive,kaggle_moroccan_sentiment,mixed
راجل ...,positive,kaggle_moroccan_sentiment,mixed
Thabli nmout 3lik rabi ya7mik,positive,kaggle_moroccan_sentiment,mixed
Mnin jebouh mamstou,negative,kaggle_moroccan_sentiment,mixed
برافو احمد,positive,kaggle_moroccan_sentiment,mixed
Blid blid! Rkik!,negative,kaggle_moroccan_sentiment,mixed
amsit insat fil kora al ardhia,negative,kaggle_moroccan_sentiment,mixed
والله والله والله الشيب والعيب,negative,kaggle_moroccan_sentiment,mixed
A7lé amrio w n7eb ngolou e5dem 3ale rou7ak w rabi m3ak <3,positive,kaggle_moroccan_sentiment,mixed
في جرتك مشينا في العفس,negative,kaggle_moroccan_sentiment,mixed
"انا اتفرجت عليه ربع ساعة عرفته يكذب""",negative,kaggle_moroccan_sentiment,mixed
مرزنها ممصتها,negative,kaggle_moroccan_sentiment,mixed
نور التونسي الأصيل واحد ملي يحبو تونس بالحق ان شاءالله ديمه من حسن الى احسن,positive,kaggle_moroccan_sentiment,mixed
مكبر راسو ومااقل فهمو هالبهيم,negative,kaggle_moroccan_sentiment,mixed
Maset lasettttttttttttttttt,negative,kaggle_moroccan_sentiment,mixed
إسم الطاهر حرام فيه هذا النجس  كلب من كلاب اليسار الراديكالي,negative,kaggle_moroccan_sentiment,mixed
خشب جهنم,negative,kaggle_moroccan_sentiment,mixed
العشرين مليون قبل 2 مليارات و سبعمائة مليون ملا كارثة ههههههههههه,negative,kaggle_moroccan_sentiment,mixed
M3alma :-) :-) :-),positive,kaggle_moroccan_sentiment,mixed
مصاطة ولساطة تقطر اصل,negative,kaggle_moroccan_sentiment,mixed
ياسر كذابه نافخه شفايفها و شاحطه وجها و تقول منيش عامله ملا مريضه مناظر مقلبه,negative,kaggle_moroccan_sentiment,mixed
ما شاء الله,positive,kaggle_moroccan_sentiment,mixed
maaaaaaaaaaaaasit :/,negative,kaggle_moroccan_sentiment,mixed
e3aycheha lbanota ta7founa,positive,kaggle_moroccan_sentiment,mixed
yeeeeser maset laaaaaaset,negative,kaggle_moroccan_sentiment,mixed
ma7lek barhouma ya 3asoula,positive,kaggle_moroccan_sentiment,mixed
قول ياسر قلة حياء و قلة تربياه,negative,kaggle_moroccan_sentiment,mixed
حلقة عالحيط..منشط ضايع فيها..لطفي ساكت..الضيوف تشتم في بعضها هههه والله بالعمل هزني النوم :p :D,negative,kaggle_moroccan_sentiment,mixed
"Bravo Monsieur le ministre ,bonne continuation ya m3alem",positive,kaggle_moroccan_sentiment,mixed
ربي يوفقك ونشوفوك ديما ناجح ومتالق .,positive,kaggle_moroccan_sentiment,mixed
Oui tayra ;-),positive,kaggle_moroccan_sentiment,mixed
Ikhiitttt t9oul chitane,negative,kaggle_moroccan_sentiment,mixed
A3ssssal 3asl 💞💓💞💓💞💋💋💋💋💋,positive,kaggle_moroccan_sentiment,mixed
هديك فاسقة ربي يهديها جهنم وبءس المصير,negative,kaggle_moroccan_sentiment,mixed
بصراحه المخلوق هذا زاد اكدلي اللي جماعة الجنوب  ناس طيبه و راقيه موش كيف لفت العبدلي كان البلاده و الصياح في البلاتوهات,positive,kaggle_moroccan_sentiment,mixed
بنت بلادي فلة..,positive,kaggle_moroccan_sentiment,mixed
3alami kafon n7ebou barcha 😉😘,positive,kaggle_moroccan_sentiment,mixed
معلم والله ربي معاك,positive,kaggle_moroccan_sentiment,mixed
Film wa3r bzf,positive,huggingface_darija_reviews,Arabizi
Bravo! dima ljadid,positive,huggingface_darija_reviews,Arabizi
بارك علينا من ارسال الخضر والفواكه…إلى الدوال الافربفية عبر مورينانيا يجيب  ارسالها…عبر الجو بالطاءرات إلى حين استكمال ميناء الداخلة ..وهناك سترسل عبر السفن إلى الدوال التي اعترفت،بسبادة المغرب على صحراءه….اما عن الدوال التي لن تعترف عليها ان تعترف قبل طي ملف الصحراء وتصبح غير مرغوب فيها..من طرف المغرب..ُانتهى  الصحراء مغربية,neutral,hespress_manual_khalid,Arabic
كلشي راااائع جدا الأناقة والخياطة تتبان متقونة الله يعطيك الصحة تنتمنى ليك مزيد من التألق والابداع,positive,huggingface_darija_reviews,Arabic
MAHLAHA  KIFECH JABTAHA,positive,kaggle_moroccan_sentiment,mixed
ممثلة محترمة,positive,kaggle_moroccan_sentiment,mixed
مورو يا معذبهم,positive,kaggle_moroccan_sentiment,mixed
احتراماتي لجعفر و نور,positive,kaggle_moroccan_sentiment,mixed
3sla ja3four,positive,kaggle_moroccan_sentiment,mixed
بصراحة تحفونة وتضحك,positive,kaggle_moroccan_sentiment,mixed
دمت متالق دائما,neutral,huggingface_darija_reviews,Arabic
تافها جدااااا,negative,kaggle_moroccan_sentiment,mixed
Bravooooo,positive,kaggle_moroccan_sentiment,mixed
Bravooo,positive,kaggle_moroccan_sentiment,mixed
Akid bravo maryouma,positive,kaggle_moroccan_sentiment,mixed
A7la sahriya fi كلام الناس b a7la jaw mi3a rou7i hissin dik😘💖,positive,kaggle_moroccan_sentiment,mixed
فوفو يا معلم عندك صوت مشاء الله عليك :) و ربي معاك,positive,kaggle_moroccan_sentiment,mixed
M3alem 😍,positive,kaggle_moroccan_sentiment,mixed
هاد التيليفون ديال الحازقين ... العبت انك تشري تيليفون بهاد التمن من غير الا كنتي انت هو elon musk,negative,huggingface_darija_reviews,Arabic
Massta yessir,negative,kaggle_moroccan_sentiment,mixed
حركي القرعه عاد رشي,neutral,huggingface_darija_reviews,Arabic
Ti3jibni,positive,kaggle_moroccan_sentiment,mixed
لمخرج تاع هاد فلم فكرني عفدوك افلام هندية قديمة بيدون جودة واكثر حاجة مونطاج والو,negative,huggingface_darija_reviews,Arabic
حتى انا خذيت لقيتو زيرو ماحيد لي والو,negative,huggingface_darija_reviews,Arabic
Bravo #amin,positive,kaggle_moroccan_sentiment,mixed
M3alem badroch,positive,kaggle_moroccan_sentiment,mixed
haw el maalem nawartnaa,positive,kaggle_moroccan_sentiment,mixed
معلم كريم الغربي🐝🐝🐝🐝,positive,kaggle_moroccan_sentiment,mixed
Tfouh alih,negative,kaggle_moroccan_sentiment,mixed
ملا حالة قحب حتي في شهر رمضان لا حولة ولا قوة إلا بالله سمحوني علي كلام لازوني,negative,kaggle_moroccan_sentiment,mixed
تعجبني شخصيتها وشهلولة ماراهيش ماصطة الله يبارك,positive,kaggle_moroccan_sentiment,mixed
Malla look ya ryym mahlek w 3jebtniu ki rakzt 3la hkeyt yasine,positive,kaggle_moroccan_sentiment,mixed
Naaaadya ultra 22,positive,huggingface_darija_reviews,Arabizi
احسن ممثلة,positive,kaggle_moroccan_sentiment,mixed
برافو يا شيخ تدخلات في محلها و ردود مقنعة و خاصة مع المتنمر لطفي لعماري,positive,kaggle_moroccan_sentiment,mixed
والله كبر في عيني كيف عطى رايو في موضوع المثليين  والله راجل,positive,kaggle_moroccan_sentiment,mixed
go3raaaaaaaa,negative,kaggle_moroccan_sentiment,mixed
جبالك الرواسي و لا المنظر هذا,negative,kaggle_moroccan_sentiment,mixed
السامسونج الاصل و الباقي تقليد,positive,huggingface_darija_reviews,Arabic
mamsatkom,negative,kaggle_moroccan_sentiment,mixed
ميزالت البركة يا شيخ تحيفة لبلاد داخلة في حيت و انتي تلعب معا k2rim   في براد. ..فايد 😯لا حول و لا قوة إلا بالله .وشوفو آش يحكي لعنة الله عليه يا شيخ عندك بناتك 😡عيب عليك و تفوه علي جابك,negative,kaggle_moroccan_sentiment,mixed
واش هاد التلفون كيدخل الجنة,negative,huggingface_darija_reviews,Arabic
ooooww jaw 3lih,positive,kaggle_moroccan_sentiment,mixed
نعلة الله عليكم و على أولاد مفيدة على إلا يتفرج عليكم......,negative,kaggle_moroccan_sentiment,mixed
قرودة ..بالحق,negative,kaggle_moroccan_sentiment,mixed
Chirrira,negative,kaggle_moroccan_sentiment,mixed
ماأحلاك و مأضمرك و ماأعزك!!!! ❤️😘❤️😘😘,positive,kaggle_moroccan_sentiment,mixed
أمثال هذه التفاهة وجب سجنهم في سجن خاص بهم وسحب الجنسية منهم لأنهم عار علي الجنسية التونسية,negative,kaggle_moroccan_sentiment,mixed
Amsset mel mssaaata meli ritou hwa badalt el 9anet,negative,kaggle_moroccan_sentiment,mixed
mahlak,positive,kaggle_moroccan_sentiment,mixed
Hhh raw3a,positive,kaggle_moroccan_sentiment,mixed
Ja3fourrr,positive,kaggle_moroccan_sentiment,mixed
Welh m3alma,positive,kaggle_moroccan_sentiment,mixed
Bravo walid bravo barradti 3la 9albi,positive,kaggle_moroccan_sentiment,mixed
Ritou direct badelet chaîne maaaassseeettt laaaaassseetttt pffff,negative,kaggle_moroccan_sentiment,mixed
Tari9a eli ta7ki biha mawetethech,negative,kaggle_moroccan_sentiment,mixed
بربي نحيوه هاالممثل,negative,kaggle_moroccan_sentiment,mixed
3ejbetni surtout ki tahki english,positive,kaggle_moroccan_sentiment,mixed
امسط انسان ريتو في حياتي .. وشام و منقالة و خلعة و زيد يحكي ..مسكين والله 😒👍😊,negative,kaggle_moroccan_sentiment,mixed
برافو شيخ انتي اقوا شيخ في الشيوخة الكل,positive,kaggle_moroccan_sentiment,mixed
برافو وليد التونسي,positive,kaggle_moroccan_sentiment,mixed
مومو يااا ضاااامر بو زينك محلاك,positive,kaggle_moroccan_sentiment,mixed
Masssset,negative,kaggle_moroccan_sentiment,mixed
Tfouh 3lik ya massekh nadhel,negative,kaggle_moroccan_sentiment,mixed
Mastaaaaa bkoulhaaaaaa,negative,kaggle_moroccan_sentiment,mixed
طيارة و ولد اصل خذيت بلاصتك في كلام الناس اما نحي نقولك الي التجمع بح,positive,kaggle_moroccan_sentiment,mixed
bravo dorra <3,positive,kaggle_moroccan_sentiment,mixed
mamstou sa5ta,negative,kaggle_moroccan_sentiment,mixed
ساعة جميلة ومراجعة رائعة ونتمنى نربح إنشاء الله والله يوفقك ويسهل عليك,positive,huggingface_darija_reviews,Arabic
Bravo bravo,positive,kaggle_moroccan_sentiment,mixed
Rabi m3ak khoya Algérie kamea,positive,kaggle_moroccan_sentiment,mixed
ممسطكم يا زبيييييييييييييييي,negative,kaggle_moroccan_sentiment,mixed
تونسية و نصف يا الفة,positive,kaggle_moroccan_sentiment,mixed
ouuuuuh ech nekerhouuuu yesser yekel dhaww hhhhh,negative,kaggle_moroccan_sentiment,mixed
الحمد لله تونس مازال فيها رجال كيف أحمد ووليد,positive,kaggle_moroccan_sentiment,mixed
مقاطعة الكبش و الفاخر وكل ما يدور في فلكه..  ماغاديش نموت اذا ما شريتش الاضحية. هي شعيرة تقرب الى الله. ولكن غلاء فاحش بزاااف. ماخلوناش فين نصدو.اذن بلاش منو.منذ كورونا مابقيتش كنشري والحمد لله.  لاننا ولينا عايشين مع شناقة ومافيات.  ولهذا المقاطعة افضل حل ضد جشع والطمع ديالهم.,negative,hespress_manual_khalid,Arabic
matfahha ya dini,negative,kaggle_moroccan_sentiment,mixed
اكبر لحاس وطحان اعوذ بالله من منظرو,negative,kaggle_moroccan_sentiment,mixed
Negative0000 mamsteha,negative,kaggle_moroccan_sentiment,mixed
ma7lek wajiha nhebekk barcha .brabbi jiboulna 3abd l9ader mo9ded,positive,kaggle_moroccan_sentiment,mixed
TFOOOO 3LIKOM,negative,kaggle_moroccan_sentiment,mixed
Zina gasrineya ya m3alma ENA n7ebek barcha  w nchallah dima mnawra,positive,kaggle_moroccan_sentiment,mixed
mala mandher,negative,kaggle_moroccan_sentiment,mixed
wahra temchi w tasger rim mahlek ya rim,positive,kaggle_moroccan_sentiment,mixed
Ta7founa barcha,positive,kaggle_moroccan_sentiment,mixed
tfouh 3likom ya ta77ana,negative,kaggle_moroccan_sentiment,mixed
وجيهة الجندوبي هي الماسطة وفسدت المسلسل الكل,negative,kaggle_moroccan_sentiment,mixed
Mra wa3liha leklem 💜,positive,kaggle_moroccan_sentiment,mixed
سبحان الله La. ولات غير كتخربق و الغلاء. .....السنين الماضية كان عندها البسة أنيقة تليق بالموظفات الآن غير كور واعطي هذا هو اللي خلانا نشريو من محلات أنيقة في المول. ...حتي الاثمنة تستاهل مشي النيلو و لكرا ابتداء من 200 درهم وملي مااشره حتي واحد اديروا تخفيض 100درهم,negative,huggingface_darija_reviews,Arabic
Ta7et men 3inaya bsara7a...,negative,kaggle_moroccan_sentiment,mixed
ناجي جلول رجل في عصر تكاد تغيب فيه الرجال قال كلمة حق و لم يستبدلها بباطل...,positive,kaggle_moroccan_sentiment,mixed
barchaaaa lolllllllllllllllllllllllllllllllllll maste,negative,kaggle_moroccan_sentiment,mixed
Makhyeb rasseha 😑,negative,kaggle_moroccan_sentiment,mixed
شخصيا لم اصدق هذه الأكذوبة من الأساس لأنه لا يعقل أن يقوم مختص له إسم كبير وباع في المجال ان يرتكب مثل هذه الأخطاء البدائية، أضف الى ذلك أنه حتى ولو بين قوسين تأخرت الجامعة الملكية المغربية في تقديم ملفها فلا ننسى أن الكاف بدورها معنية بالموضوع ويتوجب عليها كذلك أن تضع ملفها في الآجال القانونية. فهل من المنطق والمعقول أن تقوم الكاف كذلك بنفس الخطا في نفس الموضوع وفي نفس الوقت؟!؟!!,negative,hespress_manual_khalid,Arabic
Moihra dima,positive,kaggle_moroccan_sentiment,mixed
تعجبني كيف تبدى تحكي,positive,kaggle_moroccan_sentiment,mixed
Bravo walid 3tithom 7a9hom wezyada,positive,kaggle_moroccan_sentiment,mixed
شكيب الدرويش أكبر منافق موش معقول في كل حلقة يخلق الفتنة و يتهكم راك إنسان تافه و مكروه تفكيرك داعشي .,negative,kaggle_moroccan_sentiment,mixed
أحلا حاجه في برنامج وجيه الجندوبي تباركله عليها  ♡♡♡,positive,kaggle_moroccan_sentiment,mixed
Maaaaaasssit,negative,kaggle_moroccan_sentiment,mixed
يعطيكم  ااصحة  برافواااا,positive,kaggle_moroccan_sentiment,mixed
فنانة. وعليها. الكلام,positive,kaggle_moroccan_sentiment,mixed
أشبيه ماسط هاكا إيقول لشكيب نهضاوي علاه ما يسألش لعماري أشبيه من النداء,negative,kaggle_moroccan_sentiment,mixed
Ya mimti mamsetha khit.whakha jat fi 2 pièces khir,negative,kaggle_moroccan_sentiment,mixed
Mamestou w marakou 😡😨😨,negative,kaggle_moroccan_sentiment,mixed
مبدعة ذكية و محترمة و نموذج تفتخر به نساء تونس..؟,positive,kaggle_moroccan_sentiment,mixed
M3alem amin,positive,kaggle_moroccan_sentiment,mixed
rana m3ak ya walid,positive,kaggle_moroccan_sentiment,mixed
borjoulia mo5i w9ef taw we7ed m3ah omou zeda bouh  zid 5wetou witfarjou fi jboura kif hadouma mouch normal tfouh 3lihom,negative,kaggle_moroccan_sentiment,mixed
M3aaaaaaaalleeem,positive,kaggle_moroccan_sentiment,mixed
hhhh bravoooooooo,positive,kaggle_moroccan_sentiment,mixed
A7la la9ta,positive,kaggle_moroccan_sentiment,mixed
فن صراحة رابع مرة كنعاودو ههههههههههه واعر,positive,huggingface_darija_reviews,Arabic
وليد التونسي احتراماتي,positive,kaggle_moroccan_sentiment,mixed
جعفور يا معذبهم زايد معاك ديمة الضحكة موجودة انا نحبك برشا و زدت حبيتك في برنامج يد وحدة بكيتنا برشا و فرحتنا برشا برافو و ربي معاك,positive,kaggle_moroccan_sentiment,mixed
مقداد قاهر القحاب :v,negative,kaggle_moroccan_sentiment,mixed
من اقوى الممثلات في تونس . تشبه غادة عادل,positive,kaggle_moroccan_sentiment,mixed
masta lasta,negative,kaggle_moroccan_sentiment,mixed
أحسن ممثلة في تونس 3 >,positive,kaggle_moroccan_sentiment,mixed
machabkom elotef,positive,kaggle_moroccan_sentiment,mixed
"Dawrha la 3ala9a ... 
Mamstha floooooop👎
حيوان
ماسط
n
الشيب و العيب
زنديق
9anett eta7anna
Méskinè
تفوه عليكم و علا سامي نشاالله نرو امك في موقف كيما هكا و لا ترحم ولديه المصور و الممثل قلت حيا
ثرثار
ما اكبر راسك يا مقداد
Wahda bhima w mehich fehma chay me thawra w rak tfit 9bal ma tala3 😂😂😁
Masta merga wyeser msad9a rou7ha
tfooooh
مسلسل تافه و يونس الفالحي تحسو معقد من الصفاقسية اسيادو.وكل شيء فيه مبدل لا اللهجة صحيحة وﻻ التصرفات وفوق هذا ماسط لاسط
مسلسل نسيبتي العزيزة كلو هايل بصح هذا الجزء كي زادو مرت المنجي الماسطة ماسطة ماسطة مع انو المسلسل هايل
wsa5
بياع كلام
بجااااااه ربي معادش تجيبوه
ابهيم حيحون
مستويات منحطة إيعايب في مرأة كبيرة ما يعرفش إلي هو باش إيجيه إنهار وولي راجل كبير
ena ma3jibnich n7is fi rou7i nitfarij fi sketchet lebes
rak massét rak lassét :p
Mas9at.ha l far5a
akber maset f tunis jomhoura kane f 7abes hhhhh
Mouch ishih .
mala tfaha...
منافق
الله لا تباركلكم.....وحسبنا الله ونعم الوكيل فيكم
تبقى الأسود أسودا والخنازير كلاب
يا كلب يا كاراكوز اتفوه عليك وعلى امثالك
maaaamstouuuu w 9adéch mi3aaa pfffff
مساكن المساجين:حبس وزيدهم مساطة توفيق الغربي !!ربي يفرج عليهم
مسلسل دعارة بفففف
ملا حيوان تتفرجو فيه تفوه علا شعب ارذل من الرذيلة
mamset rabou manakirhou
Tfouhhhh
ميعجبنيش خلاص معمري مريت كيفوا حكومة كلها غلطة .
عاهرة بو دورو..
شكيب راك ناكر في اصلك و ماينكر في اصلوا كان الكلب تونس الكل تعرف تاريخك مع بن علي و جماعتوا ماتلعبهاش بطل و تبكي ع حال التوانسة و ضد الجهويات خاتر مافماش شكون يحب يشعلها كيفك و ارجع اقرى الستاتي متع البارودي 10 مرات فماش ما تفهم المعنى متاعها اما اكيد ماكش باش تفهمها خاطر فكرك محدود و الجانب البهيمي فيك في نمو سريع  و قاعد يتغلب على عقلك و سيب عليك من لطفي راك ماتجي شيئ قدامو
tfouh 3lik dima ya ..............5ayba
مرزن مليكتو
عملتووو العارررر !! ملاااا شييخ شلاكه هاو عامل جواا عل معازف و الغناء !! سبحان الله كيفاه تقولو شيخ هههههههه   ااهههه يا تونس قداش فييك جهل و بهامة",negative,kaggle_moroccan_sentiment,mixed
3abitt hh mouch fahem wala 7aga,negative,kaggle_moroccan_sentiment,mixed
patron,positive,kaggle_moroccan_sentiment,mixed
خاااااييييييييييييييبببببببببب تعمل جاير من جرتك متفرجتش فى البرنامج,negative,kaggle_moroccan_sentiment,mixed
محﻻها السورية لنقني بنمشي سوريا نتزوج,positive,kaggle_moroccan_sentiment,mixed
Oui 3jbni 3ale5er bravoooo #Sami,positive,kaggle_moroccan_sentiment,mixed
مخيبها المرا عبارة سلعة,negative,kaggle_moroccan_sentiment,mixed
الناتنة هاذي موش معروفة جملة و زيد ولت مكروهة.ما رأيك ان اهديكي حصان تمارسين معه هواياتك التي افصحتي عنها بطريقة غير مباشرة.تحسبين نفسك فنانة و مثقفة.اريد ان اقول لك بأن الحصان الذي سأهديكي اياه فنان و مثقف جدا جدا كما تريدين انتي.لكنه فنان و مثقف ثفافة اخرى.و الفهيم يفهم,negative,kaggle_moroccan_sentiment,mixed
Hhhhhhhhhhhhh حلقة عالمية,positive,kaggle_moroccan_sentiment,mixed
"مفاجأة رائعة منكم""",positive,kaggle_moroccan_sentiment,mixed
lehak masseta,negative,kaggle_moroccan_sentiment,mixed
ma5yebha ines w zid 3andha 3am w hiya telbes fi nafs el veste,negative,kaggle_moroccan_sentiment,mixed
امير محلاه يعجبنى اما ادكان يبعد عن نقد ااجارح لى اخرين اتو يعجبنى اكثر ما يعجبنيش كى يبدا ينقد فى ضيوف هم باهم هم علاهم و كاينو هو انسان كامل وما عندو حتى عيب يا امير ااكوميدى ااناجح ما يشتمش و ما ينقدش لعباد بطريقة تحشمهم قدام ناس فى تلفزة,positive,kaggle_moroccan_sentiment,mixed
A7ssen moumatel.,positive,kaggle_moroccan_sentiment,mixed
w barcha fssééd tfffiih aalik,negative,kaggle_moroccan_sentiment,mixed
Mala marek,negative,kaggle_moroccan_sentiment,mixed
Mouharrij massit amssit minou el khertha gara,negative,kaggle_moroccan_sentiment,mixed
مرزن ملايكتو ...عص بالفلس,negative,kaggle_moroccan_sentiment,mixed
ماسط وفهمناهعا اما لاسط هل هي نوع من التسلط نسال لطفي العماري للاسط  متسلط متجبر على العباد,negative,kaggle_moroccan_sentiment,mixed
Ma7lakoum thamrine....,positive,kaggle_moroccan_sentiment,mixed
Anii nakraha,negative,kaggle_moroccan_sentiment,mixed
طبعا الشمطاء مايا اللي تنبح على الضصديق والعدو,negative,kaggle_moroccan_sentiment,mixed
ماااشي شي حاااجة,negative,huggingface_darija_reviews,Arabic
To9teell,positive,kaggle_moroccan_sentiment,mixed
mala karakozzz,negative,kaggle_moroccan_sentiment,mixed
الشيب و العيب يا حيفة,negative,kaggle_moroccan_sentiment,mixed
ma3allem,positive,kaggle_moroccan_sentiment,mixed
m3alim m3alim m3alim ma3ndi mn9oul enti ensen kamel wlh rabi ywaf9ik,positive,kaggle_moroccan_sentiment,mixed
Bravo 👏 walid baredtliii 3la 9albiii ya m3allemm.bravooooo,positive,kaggle_moroccan_sentiment,mixed
خييييت,negative,kaggle_moroccan_sentiment,mixed
مخيب رسك,negative,kaggle_moroccan_sentiment,mixed
بغيت نسول على ليبا و سروال أبيض مقاس 4 سنوات واش نلقاهم تماك,neutral,huggingface_darija_reviews,Arabic
بتوفيق ربي معاك وديما منورا إنشاء االه,positive,kaggle_moroccan_sentiment,mixed
#برفواااااااااااا,positive,kaggle_moroccan_sentiment,mixed
يعطيه زلزاااااال مامسطوووووووو وما ارزنوووووو. موش متربي ومش محترم ويتڨوعر برشاااا,negative,kaggle_moroccan_sentiment,mixed
شعب منافق,negative,kaggle_moroccan_sentiment,mixed
mastaaaaaaaaaaaaaaaaaaaaaaaaaaaaaaaaaaaaaaaaa kifekkkkkkkkkkkk,negative,kaggle_moroccan_sentiment,mixed
هذا كافر و الي دافع عليه كافر و بالحرام كان نتيح بواحد منهم الا ما نقتلو والبريما عرض,negative,kaggle_moroccan_sentiment,mixed
صحبي راجل والله,positive,kaggle_moroccan_sentiment,mixed
امااااااان شكون العريانة اللي يغني معاها هاذيكا ؟ خييييييييت ماشي ف بالو يكتب غناء باهي ؟ ولا صوتو باهي ؟ و هو نهار كامل معلق خمسة ف رقبتو ؟ ع شنوه باش نحسدوه ؟  ع الريق الماسط اللي يغني فيه ؟ قالو مكنتني شهيقة و انا مش مريgل بفففففففف تافه,negative,kaggle_moroccan_sentiment,mixed
kamcha hmel,negative,kaggle_moroccan_sentiment,mixed
ههه لطفي يا معذبهم,positive,kaggle_moroccan_sentiment,mixed
Kalib kalib kalib tmout kilkalib,negative,kaggle_moroccan_sentiment,mixed
عاهرة مراجل,negative,kaggle_moroccan_sentiment,mixed
Faneeeen ya fanen,positive,kaggle_moroccan_sentiment,mixed
اشكرك سيد مورو انت انسان تجسد الاخلاق انت شخص تبعث بداخلنا الاحساس انه ما زال في بلادنا رجال شرفاء.شكرا شكرا شكرا....,positive,kaggle_moroccan_sentiment,mixed
Lhal jowa t3ri 3la ktafk otchri lfraka olbstiliya,neutral,huggingface_darija_reviews,Arabizi
mizyena barrcha,positive,kaggle_moroccan_sentiment,mixed
Bravo moussalssal tayara,positive,kaggle_moroccan_sentiment,mixed
هذا التقدم ولا لوح مستوى المسلسل منحط,negative,kaggle_moroccan_sentiment,mixed
المنافق,negative,kaggle_moroccan_sentiment,mixed
Tahfoun  .....,positive,kaggle_moroccan_sentiment,mixed
Hhhhhhhh bravo karim 😂😂😂😂😂,positive,kaggle_moroccan_sentiment,mixed
BRAVO CHAKIB.BRAVO.,positive,kaggle_moroccan_sentiment,mixed
وجيهة هي المراة التونسية! من الممثلات القلائل في تونس الي تلعب الدور كيما يلزم! ضحكتني برشة في العفشة مون امور... نستناها في مسرحية اخرى من هذا المستوى,positive,kaggle_moroccan_sentiment,mixed
Marra hethi hasetha masta o moch waktha kderha kima lezem,negative,kaggle_moroccan_sentiment,mixed
ال كانو هاد المميزات كاملين فهي فعلا كتستحق الثمن ديالها,positive,huggingface_darija_reviews,Arabic
ربي يهلككم فسدتو الشباب,negative,kaggle_moroccan_sentiment,mixed
"Tfate9""",positive,kaggle_moroccan_sentiment,mixed
N7ebha.,positive,kaggle_moroccan_sentiment,mixed
أحسن لقطة في أخر المسلسل,positive,kaggle_moroccan_sentiment,mixed
توفيق يا تافه و الحاجات إلي تعمل فيهم ما يظحكوش كيف ما عملت وقت مدام يمينة تحكي أنتي ماتحترمش لعباد ولكن هي كانت أرقى منك و زادتك حقرة و تقزيم أحترم تحترم  و ةما يعطيوك دور العساس و الصباب على خاتر هاكي حقيقتك صباب  و بيوع,negative,kaggle_moroccan_sentiment,mixed
Machra9ch 3liha edawr,negative,kaggle_moroccan_sentiment,mixed
maya ma5ybek  ye cherfa ouuuhhhh,negative,kaggle_moroccan_sentiment,mixed
Maaasit laaasit,negative,kaggle_moroccan_sentiment,mixed
Ya m3alllam,positive,kaggle_moroccan_sentiment,mixed
bravooo amin w nch2alh rabi iwaf9o  :),positive,kaggle_moroccan_sentiment,mixed
كريم طياره,positive,kaggle_moroccan_sentiment,mixed
الإنسان مواقف وترك السمعة الحسنة هدف ينشده الجميع,positive,kaggle_moroccan_sentiment,mixed
Kolhoum mounaf9in,negative,kaggle_moroccan_sentiment,mixed
أما المذيع ظهرلي فيه مُتَخلَّق خير من برشة عُبَّاد كانوا موجودين,positive,kaggle_moroccan_sentiment,mixed
عزيزة بولبيار حايرة في عجب ربي درويش ومصطك,negative,kaggle_moroccan_sentiment,mixed
raw3a,positive,kaggle_moroccan_sentiment,mixed
جاهلة حقيرة متخلفة منحطة بلانا بيها ربي كيفهم كيف كهنة معبد امون يسرقو وياكلو و يرقدو ما رينا منكم كين الهم و الهول من نهار ااي جيتو حتى البلاد ضاربا فيها000D_ الزما اطنابها و وجوه اللوح,negative,kaggle_moroccan_sentiment,mixed
كان شد دارو وسهر مع دارهم خير من المهزله الي عاملها,negative,kaggle_moroccan_sentiment,mixed
bravo .,positive,kaggle_moroccan_sentiment,mixed
Machallah,positive,kaggle_moroccan_sentiment,mixed
Ma7lek wasel <3,positive,kaggle_moroccan_sentiment,mixed
bravo Ms rahmouni,positive,kaggle_moroccan_sentiment,mixed
عديم الأخلام و كذاب حتى لكلام إلي تقول فيه حافظينو ،يا مريض,negative,kaggle_moroccan_sentiment,mixed
من أحسن ما فما في تونس,positive,kaggle_moroccan_sentiment,mixed
أكثر انسان مقبول من قبل التوانسة,positive,kaggle_moroccan_sentiment,mixed
mahlak wmahla sotak,positive,kaggle_moroccan_sentiment,mixed
بنديرمان مقعار من قعر الخابية,negative,kaggle_moroccan_sentiment,mixed
معلم واحنا منك نتعلم,positive,kaggle_moroccan_sentiment,mixed
اكبر طحان واكبر ساقط هو القاضي مهوش متربي وبايوع كيف جدو الرحموني امتاع تالة كان يمسح في صبااط المرزوقي اتفوه علي مستوا السراح وينك يا بن علي التلفزة ولت مرقصة بالطحانة,negative,kaggle_moroccan_sentiment,mixed
مخيب منضرو..شوف ربي كفاه ماسخو تو نورمال اللي قاعد يصير ولخرا تقلي حرية شخصية..وهف ليك و ليك و لهاك الشيبة معاكم اش خلاها لبلاد لتالي لاهيين في الحكايات اللي ك صرومكم تفووو,negative,kaggle_moroccan_sentiment,mixed
بفففف نكرها ماسطة هذي تمثل على روحها موش ممثلة ربي يهديها وتمشي تقراء على روحها خير,negative,kaggle_moroccan_sentiment,mixed
Sincèrement ba9i ma kherjatch chi 7aja li tkhallini nbeddel Note 10+ diali,positive,huggingface_darija_reviews,Arabizi
Ya mast,negative,kaggle_moroccan_sentiment,mixed
Zin Ana sakna fe espania ou bghit chi apartamento hotel zwina hda lbhar ila 3arfti chi haja siftiha lya,positive,huggingface_darija_reviews,Arabizi
hhhhhhhhhhhhh m3allem ya karim hhhhhhhhhhh bravo bravo,positive,kaggle_moroccan_sentiment,mixed
5wenji monafeg,negative,kaggle_moroccan_sentiment,mixed
wahdek ya olfa bravoooooooooooooooooo,positive,kaggle_moroccan_sentiment,mixed
كملاحضة كانو كيديرو شلاضة بفواكه البحر مزيانة ولكن مؤخرا مبقاوش كيديرو الفرش كلشي ظثلج والطعم مزوينش وحتى نوعية السمك مزويناش,negative,huggingface_darija_reviews,Arabic
3ALAMI,positive,kaggle_moroccan_sentiment,mixed
Yesser ji3ana,positive,kaggle_moroccan_sentiment,mixed
بصراحة ماسط المسلسل و معجبنيش حتئ ترف,negative,kaggle_moroccan_sentiment,mixed
اعز رابارات في تونس بلطي و كافون,positive,kaggle_moroccan_sentiment,mixed
راه مع غلاء الاسعار مبقيناش كنفكرو واش نبدلو تلفونتنا ولا لا  الله إدير شي تاويل ديال الخير يارب,negative,huggingface_darija_reviews,Arabic
bravo sami el mouselsel yasser mezyane,positive,kaggle_moroccan_sentiment,mixed
Barhoum <3,positive,kaggle_moroccan_sentiment,mixed
BRAVO BRAVO OOOOOOOOOOOOOO,positive,kaggle_moroccan_sentiment,mixed
حالة معاك,positive,kaggle_moroccan_sentiment,mixed
تحكي ياسر بيداها و معندهاش شخصيه و عمرها مكانت فنانه و زيد تتمعجن تتعلم فشويه  تشقنيس و تزعبين ذري حافضه كلمتين جايه تمصمص فاهم و اخيرا اذهبي وهف يهزك,negative,kaggle_moroccan_sentiment,mixed
Chab3a do7k,positive,kaggle_moroccan_sentiment,mixed
Marajey a3mlou pub chneya bech tjibou el 7al9a jay 5atter hedha bethet mantsawrech fama chkoun i7eb ytfarej fih 5iiiiiiiiiiiiiiiiiiit,negative,kaggle_moroccan_sentiment,mixed
برافو راجل و كلامو محترم و الرجلة مواقف,positive,kaggle_moroccan_sentiment,mixed
ya3tihhh 9asa fi cha3rou m5ybou,negative,kaggle_moroccan_sentiment,mixed
ماااااااااااااااسط يدخل بعضو كي يجبدولو على النهضة تاااااااااااااافه و لا يليق ببرنامج كهذا,negative,kaggle_moroccan_sentiment,mixed
جعفور عسل  حتى الميت يسمعو يفز خاطر جعفر مولا العز ربي يخليه للناس اللي يحبوه :*,positive,kaggle_moroccan_sentiment,mixed
Rabi am3akom,positive,kaggle_moroccan_sentiment,mixed
سلعة زبالة.,negative,kaggle_moroccan_sentiment,mixed
Southe beeeeeeeeehi,positive,kaggle_moroccan_sentiment,mixed
Machallah rabi ye7miha 3sal,positive,kaggle_moroccan_sentiment,mixed
Ynarvez,negative,kaggle_moroccan_sentiment,mixed
baaaarcha tha7k hhhhhhhhhh,positive,kaggle_moroccan_sentiment,mixed
sout 7lou,positive,kaggle_moroccan_sentiment,mixed
Y3tikom saha elkoul mhlekoum brvooooooooooou,positive,kaggle_moroccan_sentiment,mixed
Jaafour lim3alem,positive,kaggle_moroccan_sentiment,mixed
Amset menek maratech 3ini,negative,kaggle_moroccan_sentiment,mixed
Bravo aymen...,positive,kaggle_moroccan_sentiment,mixed
ممثلة متألقة و ﺷﺨﺼﻴﺔ ﻛﺒﻴﺮﺓ من أحسن ما عندنا في تونس ﻓﻤﺎ ﺇﺑﺪﺍﻉ ﻓﻲ ﺃﻋﻤﺎﻟﻬﺎ ﻭ ﻫﺬﺍﻙ ﻫﻮ ﺍﻟﻨﺠﺎﺡ ﺍﻟﺤﻘﻴﻘﻲ ﺭﺑﻲ ﻣﻌﻚ و جيهة,positive,kaggle_moroccan_sentiment,mixed
bravo amir,positive,kaggle_moroccan_sentiment,mixed
wa7dek 3aychoucha bravo 3and'ha mosta9bel kbir nchllh tkamel haka m3a eni m3ardhek 3al masra7ya eli bech ta3melha :),positive,kaggle_moroccan_sentiment,mixed
"خمسة و خميس عليك يا صطوفا""",positive,kaggle_moroccan_sentiment,mixed
كم انت ظعيف و جبان و برنامجك ضعيييييييييييف و مكنك الغرور   يا ابن الواقي  ههههههههههههههه,negative,kaggle_moroccan_sentiment,mixed
يعجبنييي,positive,kaggle_moroccan_sentiment,mixed
Oui barcha 9ou7eb,negative,kaggle_moroccan_sentiment,mixed
استري روحك قبحك الله,negative,kaggle_moroccan_sentiment,mixed
كرمك الله يا منانة دائما في الذكريات الجملية,positive,kaggle_moroccan_sentiment,mixed
kolek mrakba,negative,kaggle_moroccan_sentiment,mixed
Thabbil moto,positive,kaggle_moroccan_sentiment,mixed
تافهة و ماسطة و اغانيها اتفه منها 👎👎,negative,kaggle_moroccan_sentiment,mixed
Chou ma7lek wenti mastoura ya5tyyyyy,positive,kaggle_moroccan_sentiment,mixed
تحية وتقدير لك يا ناجي جلول,positive,kaggle_moroccan_sentiment,mixed
Sabar mamestou w mafeklou,negative,kaggle_moroccan_sentiment,mixed
fdhaya7 fi romdhan mala 7ala tfiiiiih 3likom,negative,kaggle_moroccan_sentiment,mixed
ma7lah,positive,kaggle_moroccan_sentiment,mixed
ديري تيد في ساشي تاع خضرة وحزمها وليحها وسط لحويج,neutral,huggingface_darija_reviews,Arabic
مع احلى نجوم و احلى امين  :*,positive,kaggle_moroccan_sentiment,mixed
انا عجبتني برشا و مازالت مبتدئة لازم نشجعوهاا ..... ربي معااك محلاك,positive,kaggle_moroccan_sentiment,mixed
ماشاء  محل كلشي زوين شكرا اختي,positive,huggingface_darija_reviews,Arabic
Tbarkllah Dakchi zwin,positive,huggingface_darija_reviews,Arabizi
"العرى و الكلسون الراعي الرسمي للرمضان سنا 
الطحين لا دين له -_-
قاعدين نتفرجو في الخمج و في الفكرة باش تاخذها الناس لخرة على التوانسة و موش مسلسل رمضان هذا
Samahni fik wallah la3ad netfaraj 3lik wallah ma yji nhar w tarja3 leswesra w tfakarni . chnouwa be3telhom ya samir
maaaaaaaaaaasssssit 3alli5ir
راك ماسط
Tfih 3lih tahan w la7as
برا روح
Mela fdhaye7 walat fi ha dawla masatouha l3iiiicha m3akm
لوكان  سترتي روحك خير
Karrrrrrrrrrzetni
3jbkm klemo..malla mant9 ..mas5 5amej..f tv w ya7ki akeka
ماسط لاسط و قفاف و الطحين يجري في دمو -_-
Mamsetha behima
Mala wa9aha
Malla m3afet
SADKOUNI AKTHAR WEHID NAKRHOU FI TOUNIS MOUCH ILGHANOUCH WILKLEB MTA3OU. mais ITTAHHHAAAN LIKBIR ILKABOUL SAAAAMI IL FEHRI  ILKELIB ISSSAKIT. TMA3ACH KIMA HAB FI 3AHID BEN ALI WITRABILSIA. OUTAWA HAOU WELLA WILID KAH........... FI 3AHID INNAHDHA.  TFOUH 3LIH OU 3ALLI DAYRINE BIH MIN SAMIR INNEKIS IL NAOUFEL ILBOUHEL
تفوه عليكم خماج
me5ybouuuu
Tfihh alihhh mala #mostawayet",negative,kaggle_moroccan_sentiment,mixed
zero zero zero ka3ba la w maaaaaaaast laaaaaaaaaast,negative,kaggle_moroccan_sentiment,mixed
Dz  قالولي متجيش   .... وشنو هاذي الغنية الماسطة  ؟؟؟,negative,kaggle_moroccan_sentiment,mixed
bsara7a edha7ek wtfarhid m3ak ya ja3four wbelahi raj3elna barnemej chrik la3mor,positive,kaggle_moroccan_sentiment,mixed
😅😅😅😅😅😅نكون غا كنحلم هههه,negative,huggingface_darija_reviews,Arabic
يا لطيف ياربي اتقوا الله راهو رمضان.يزيكم من التقطيع والترييش ومس اعراض الناس.كان الغيرة والحسد والكره والشماتة.الناجح عندكم مجرم.شنوا هذا؟شيء ياسف والله شيء يحزن.الواحد لازموا يتجاهلكم ويتجاهل أعمالكم وافعالكم وشتيمتكم .استغفرالله ولا حول ولا قوة الا بالله.يظهرلي الي شفتوا وعرفتوا في الفايسبوك .انوا التونسي للتونسي نقمة مش رحمة.ارحموا من في الأرض يرحمكم من في السماء.,negative,kaggle_moroccan_sentiment,mixed
Mast laset belehi 3awena besletk enti bdhet,negative,kaggle_moroccan_sentiment,mixed
M3alem (y),positive,kaggle_moroccan_sentiment,mixed
Hhhhh yezi mel kethb ya Ahmed 7ram 3lik t8alat fil 3bed nsit rou7ek ki kont menhom loooool Wala 9a7ba tebet 9alet nhar mchoum 3al 97ab,negative,kaggle_moroccan_sentiment,mixed
مشاءالله على صوتك وانت بكلك محلاك يا اميمة بالتوفيق انشاله,positive,kaggle_moroccan_sentiment,mixed
عارفه يا يقينو انا حابه اخرج معاكى مشوار مشتريات اكيد عندك زوق عالى❤,positive,huggingface_darija_reviews,Arabic
Kanshkom tshriw honor 70 rah r9i9 3lih wa3errr 3lihhhh w camera fih ya salaaaaaam batterie facilement tlchi m3ak nhaaar kamel w atb9a fiha 30%9bel latn3es snapdragon 778g plus wlah ta hsen ln hada ana bzez bach l9ito dy3oh f ichhar hawlo takhdoh bon occasion w b chargeur dyalo ''' kitcharga bzrba 66w,positive,huggingface_darija_reviews,Arabizi
من صغري وانا كانحماق على هاد الفيلم,positive,huggingface_darija_reviews,Arabic
عيشة  نحسها تتفينس برشا  و ضربتوا    فيروحها برشا و تحسها تزوي برشا كي تبدى تحكي,negative,kaggle_moroccan_sentiment,mixed
lem3allem :* tbarkallah 3lih :D,positive,kaggle_moroccan_sentiment,mixed
"Vraiment ya3tikk sa7a semmi :)""",positive,kaggle_moroccan_sentiment,mixed
"برشا فنانين قدمو و إنت ديما اللتالي ليس القدام فيق على وضعك""",negative,kaggle_moroccan_sentiment,mixed
امرأة محترمة جدا,positive,kaggle_moroccan_sentiment,mixed
جعفر يفكرني بسفيان الشعري الله يرحمو إنسان ذو أخلاق عالية ... إلي في القلب في القلب ... ربي يثبتك,positive,kaggle_moroccan_sentiment,mixed
"ياسر مبدع و عندو الجديد, لكن فرحان ياسر بدعوته للبرنامج مما خلّاه مفرفش في حديثو وتصروفاتو و ماوصللنا حتى شي",positive,kaggle_moroccan_sentiment,mixed
Bravo maryouma c vrai 9wiya fi tamthil,positive,kaggle_moroccan_sentiment,mixed
Irhabi,negative,kaggle_moroccan_sentiment,mixed
Noir ou lbida ou lhamra,neutral,huggingface_darija_reviews,Arabizi
زينة ماحلاها بنت بابالله,positive,kaggle_moroccan_sentiment,mixed
mamsettt,negative,kaggle_moroccan_sentiment,mixed
Raw3a hhhhhhhh,positive,kaggle_moroccan_sentiment,mixed
ja3four mwaher ya 5ouya rak a7la ka3ba ;)<3<3<3<3,positive,kaggle_moroccan_sentiment,mixed
نور على نور يا نور شيبة محلاكم و محلا جوّكم,positive,kaggle_moroccan_sentiment,mixed
Moselsel  raw3a wala mouch 3ajbou mayetfarajech 3lih w haka Ali sayer fi mojtama3. :p,positive,kaggle_moroccan_sentiment,mixed
Ena 3jbtni fkra mta3ou ya3tih sa7a ♡♡♡♡♡,positive,kaggle_moroccan_sentiment,mixed
ارمستا راك فووووووور ربي يوفقك تحيا من الجزائر,positive,kaggle_moroccan_sentiment,mixed
Raw3a bravo karim,positive,kaggle_moroccan_sentiment,mixed
Chlaka,negative,kaggle_moroccan_sentiment,mixed
rak masta rak lasta,negative,kaggle_moroccan_sentiment,mixed
Kathertoulha mel msouta,negative,kaggle_moroccan_sentiment,mixed
إعلام العار يمشييو فيكم بالفلس الرخص و الذل,negative,kaggle_moroccan_sentiment,mixed
جعفر القاسمي فنان إنساني بأتم ما في الكلمة من معاني ... ربي يفضلو ويجازيه كل خير,positive,kaggle_moroccan_sentiment,mixed
أذهب فأنت أحد الأغبياء,negative,kaggle_moroccan_sentiment,mixed
برافو ناجي جلول,positive,kaggle_moroccan_sentiment,mixed
كراكوز ياغربي,negative,kaggle_moroccan_sentiment,mixed
الجهل مصيبة و التقوعير زادة ما عندك فيه ما تقول أففف الصبر و برة 👎👌,negative,kaggle_moroccan_sentiment,mixed
ديما تمثل دور العاهرة .. حتى هو يخرج عليها,negative,kaggle_moroccan_sentiment,mixed
Tahh mn 3ini,negative,kaggle_moroccan_sentiment,mixed
nour inchl min hasan ile ahsin bravooooooo,positive,kaggle_moroccan_sentiment,mixed
محلاها امنة فاخر اني نحبها برشة وصوتها ياسر يعجبني بالحق فنانة وعلاها الكلام ان شاء الله بالتوفيق........,positive,kaggle_moroccan_sentiment,mixed
ماسط برشة,negative,kaggle_moroccan_sentiment,mixed
حن تدوم لمدة يوم واحد,neutral,huggingface_darija_reviews,Arabic
هادشي خارج غير للخيبوعات باش يبانو زونين,negative,huggingface_darija_reviews,Arabic
Yesser tefeh...jamais da7ekni kifech hede moubde3 w yessme3ech y7eb ken yehki???,negative,kaggle_moroccan_sentiment,mixed
Mala tafahaaaaa,negative,kaggle_moroccan_sentiment,mixed
غارنييه لا غير غتخرجي على وجهك و لخرين معرفتش صراحة,negative,huggingface_darija_reviews,Arabic
يا سامي يا فهري التوا ما فقت بيه.. راهو ماااااصط ماصط.. ولله كي يبقا ينكت ال غدوة لا يضحكني,negative,kaggle_moroccan_sentiment,mixed
نصيحة ليك خودي هادا كيناسب جميع انواع البشرة و رخيص اتلقايه فمرجان,positive,huggingface_darija_reviews,Arabic
اريل احسن,positive,huggingface_darija_reviews,Arabic
respect الله يرضي عليك لوالدين كلامك كل مقياس و موزون و اكثر حكاية عجبتني انك قلت تونس مدنية مسلمة لو انهم قاطعوك  bravo,positive,kaggle_moroccan_sentiment,mixed
Wajih ejandoubi m'en a7la elmomathlin ou tounes tetcharef bik :*,positive,kaggle_moroccan_sentiment,mixed
كعورررررر...واعطى للاعورررر,negative,kaggle_moroccan_sentiment,mixed
ahawa rajel,positive,kaggle_moroccan_sentiment,mixed
مقتلة ضحك برافو كريم,positive,kaggle_moroccan_sentiment,mixed
Toop khouya,neutral,huggingface_darija_reviews,Arabizi
ربي يوفقو و الله برافو,positive,kaggle_moroccan_sentiment,mixed
اش لزك,negative,kaggle_moroccan_sentiment,mixed
لا عاد مسطها خاطر كان يقول فاهم في لباس مش جديدة لحكاية,negative,kaggle_moroccan_sentiment,mixed
أقسم بالله أمسط منو لا ريت. نحب نقلو حاجة و يتفكرها طول عمرو. والله لا عمرو باش ينجح في الفكاهة. اخيييييت,negative,kaggle_moroccan_sentiment,mixed
hram 3lik,negative,kaggle_moroccan_sentiment,mixed
Beyen Mn wejhou la7asss w maset tfihhh 3a rojla tneket tounes,negative,kaggle_moroccan_sentiment,mixed
ماشاء الله الله يكمل عليك بالخير,positive,huggingface_darija_reviews,Arabic
"الفرح في عيناها ربي يفضلك بنتك ورمضان مبارك عليك وعلى كافة أعظاء الفريق إلي يعمل معاك""",positive,kaggle_moroccan_sentiment,mixed
بلعوط,negative,kaggle_moroccan_sentiment,mixed
ياسر ثقيل وماسط وبلاسطو في الراديو,negative,kaggle_moroccan_sentiment,mixed
Sa5afni miskin la wja ya7ki inconsciemment 9al siyedit ra2is 3la ben ali hhhhhhh 😂😂😂😂,negative,kaggle_moroccan_sentiment,mixed
T loin y'a amin lmsata tmchi 3la sa9iha,positive,kaggle_moroccan_sentiment,mixed
مسلسل تافه تفاهة قحب قناة الحمار التونسي تفوه,negative,kaggle_moroccan_sentiment,mixed
نحبها خاطرها ممثلة صادقة,positive,kaggle_moroccan_sentiment,mixed
Chbik 3saal bou zink,positive,kaggle_moroccan_sentiment,mixed
"Ah la sami,elfehri,wahla,fananin,mahlakom",positive,kaggle_moroccan_sentiment,mixed
Mahleha 3aycha n7ebha barcha,positive,kaggle_moroccan_sentiment,mixed
يزي من التنوفيق متع النهضاوية.مرمد للطحانة و الشعب معاك.,negative,kaggle_moroccan_sentiment,mixed
لعب ماسط وفكرة تافهة أيا كان تحصل مرا حبلا وإلا راجل عندو سكر ولا قلب .....خيت .....,negative,kaggle_moroccan_sentiment,mixed
3ssaaaaal denyyyyA nhebkk lelllah #5ouya #ja3four,positive,kaggle_moroccan_sentiment,mixed
انت احسن فنانة في تونس ربي معك وراني نحبك برشششششش,positive,kaggle_moroccan_sentiment,mixed
m3alem bourjilia w illi ma yefehmouch yelzmou ya9ra 5 ans plus le bac,positive,kaggle_moroccan_sentiment,mixed
انا السامسونج عندي احسن من الايفون,positive,huggingface_darija_reviews,Arabic
أكبرمنافق و كذاب الرجاء الإستغناء عنه باش نرجعوا نتفرجوا في البرنامج,negative,kaggle_moroccan_sentiment,mixed
معلمة❤❤,positive,kaggle_moroccan_sentiment,mixed
بلطي راك معلم,positive,kaggle_moroccan_sentiment,mixed
حتا انا الماكينة دالماعن فيها الصداع والله معرفت ماندري ليها,negative,huggingface_darija_reviews,Arabic
maya akid!!!! nekrahaaaaaaaa!!!,negative,kaggle_moroccan_sentiment,mixed
برافو أحمد الأندلسي 👍,positive,kaggle_moroccan_sentiment,mixed
جلطام .,negative,kaggle_moroccan_sentiment,mixed
مسلسل لوبن هذا ما نتفرجش فيه,negative,kaggle_moroccan_sentiment,mixed
Ya go3er,positive,kaggle_moroccan_sentiment,mixed
May3jebnich,negative,kaggle_moroccan_sentiment,mixed
#m3allem,positive,kaggle_moroccan_sentiment,mixed
Dakchi zwine,positive,huggingface_darija_reviews,Arabizi
زوالي في مخو,negative,kaggle_moroccan_sentiment,mixed
"قليل تربية و متشرفش تونس و كان في بالك تكبر على قاضي خاطرك وزير راك غالط. هو بضراعو ولى قاضي و تبرك الله عليه و انت بانتخبات مزورة وليت وزير و بحزب الكلو تلحيس و إنت تعرف يا وزير. اه يا بلادي موجة و تدعدى انشا الله و رب يجيب خير. 
Khorda
Ena matfarajtech mai na3rfo yeeesir irzin wmasit nawfil 5ir mafhemtech chya3mil ghadi moch blasto
هذا المهرج الابله الماسط جاي باش يسب النهضة فقط . قريت التعاليق الكل ولا واحد قال فيه كلمة باهية طلع مكروه بنسبة 100%
Teeefeh
Nawfil malla miboune w  manel 9ahba kbira
Ma3ijbitnich barcha
Bilhag nsibti la3ziza sna mastetha
Jabri ou mejee chay
سلعة زبالة وكاذب
حرام عليك ياسي سمير تستضيف هذا الشيء الذي اسمه مخلوف و هو متخلف و ليس مخلوف
اوفففف ممسطه ومثقل دمه الفرجة فيه ثواني توجع الراس
ناجي يا تكركيرة راك لحاس ميبون و محڨور اقعد لحس للحكومة القحبة اما راك كي الكلب باش يطيشوك على قريب
احمد الرحموني خوانجي متخفي مهمته تبييض الارهاب الاسلامي
kalab 7achakom
بروو الله يهلكم  كيما ناوين تهلكو عايلاتنا .شكون مازال يتفرج فيكم لاله لا يربحكم انشاء الله
ماسط لاسط :3
Mosalsel tefeh
Tfouh 3lik w3la lijebik
منافقين حتى النهضة باعت. رجالها.   يوم لا ينفع مال ولا بنون.     يا ويلكم. يا نهضاوية
انسانة تافهة برشة ..وممثلة شلاكة برشة في فيلم تاعب برشة وعاملة روحها ماتعرفش احمد الاندلسي مع انها هي النكرة ....غلط في الدخلة عزيزتى وفوت عليك الطرح ...هههههه
ya choumi
Yeeeeeeser fechel
ملا حالة تقول اماريكان مش بلاد مسلمين عيب عليكم  وحرام تروجوا في الفساد
massat wallah
بصراحة عيب من زوز مسؤلين
mamestou winou naoufel 5ala blastou
الكلب اشرف منك يا راس البصل
أعوذ بالله من الشيطان الر جيم
رجل تافه يحكي بعقلية تجاوزها الزمن
Tfouuuuuuuuuuuuuuuuuuuh

ربنا لا تأخذنا بما فعل السفهاء منا ....",negative,kaggle_moroccan_sentiment,mixed
"وزير تربية موش متربي""",negative,kaggle_moroccan_sentiment,mixed
Gadech nakrha ha toufla,negative,kaggle_moroccan_sentiment,mixed
والله حتا كنصحكم بأنفنكس لحقاش هيا شركة لوحيدة لي كتقدم قيمة مقابل سعر,positive,huggingface_darija_reviews,Arabic
Bravooooooo rajel,positive,kaggle_moroccan_sentiment,mixed
Ma7lah 3sal,positive,kaggle_moroccan_sentiment,mixed
Mezyana,positive,kaggle_moroccan_sentiment,mixed
hhhhh mala mgareb3a,positive,kaggle_moroccan_sentiment,mixed
hssin dik ma7lekkkkkkkkkkkkkkkkk,positive,kaggle_moroccan_sentiment,mixed
naji jaloul 9alil al7aya2,negative,kaggle_moroccan_sentiment,mixed
Cha9noussa foug lezem,negative,kaggle_moroccan_sentiment,mixed
محلاها الجاااست بكاوني الهموم   :'(,positive,kaggle_moroccan_sentiment,mixed
الله يرحمسي عبد الجبار الوزير ولالا  فاطيمة 🌹🥀🌹🥀,neutral,huggingface_darija_reviews,Arabic
بف بف شكيب مرزنووووووووو !!!,negative,kaggle_moroccan_sentiment,mixed
ملاا مسااااطة ياا زااحي بففففففففف :3,negative,kaggle_moroccan_sentiment,mixed
Bravo aychoucha👍,positive,kaggle_moroccan_sentiment,mixed
ماسطة ال توة ما فهمتش روحها الي هي عمرها ماتجي فنانة تعوف اصل .....,negative,kaggle_moroccan_sentiment,mixed
محلاها.السمري,positive,kaggle_moroccan_sentiment,mixed
bsara7a tayara,positive,kaggle_moroccan_sentiment,mixed
يا جعفور يا غالي، إنتي الوحيد إلي تخدم وتفدلك بنيتك ومتخدمش مخك و محلا تلقإية متاعك,positive,kaggle_moroccan_sentiment,mixed
جعفور انسان خلوق و متربي و ولد عايله,positive,kaggle_moroccan_sentiment,mixed
راك ماسط,negative,kaggle_moroccan_sentiment,mixed
ماسطه لحقيقه,negative,kaggle_moroccan_sentiment,mixed
wajiha inhsha 3ala 3sabha chwaya was3 belkk ya wajiha,negative,kaggle_moroccan_sentiment,mixed
maset laset ki lakhra,negative,kaggle_moroccan_sentiment,mixed
rak nadiii abro,positive,huggingface_darija_reviews,Arabizi
nmout 3alik..bara rabi y3alik 3ali y3adik...hedha ken thama chkoun y3adik aslan...rabi ywaf9ek..,positive,kaggle_moroccan_sentiment,mixed
Mamestou Pff,negative,kaggle_moroccan_sentiment,mixed
a3az mosalsil kolo dho7k,positive,kaggle_moroccan_sentiment,mixed
"bahbar , farte9",negative,kaggle_moroccan_sentiment,mixed
سلام مسيي مارق و رزين وماسط,negative,kaggle_moroccan_sentiment,mixed
ريم الرياحي محلاك محلاك محلاك مللخر هذي المرا التونسية.,positive,kaggle_moroccan_sentiment,mixed
m3alem wlh bravoooooooooo karim,positive,kaggle_moroccan_sentiment,mixed
صحه جعفور راك عالمي,positive,kaggle_moroccan_sentiment,mixed
ماسطة لاسطة,negative,kaggle_moroccan_sentiment,mixed
ena 3jebni barcha 3mal haja jdida fel musiqua,positive,kaggle_moroccan_sentiment,mixed
Kamcha 7outheela tfiih,negative,kaggle_moroccan_sentiment,mixed
صادق عللخر,positive,kaggle_moroccan_sentiment,mixed
Tahan bil bala,negative,kaggle_moroccan_sentiment,mixed
وجيهة الجندوبي تعتبر من الممثلات المتميزين حقيقتا انا شخصيا من ملاحظتي لاعمالها الدرامية.في عدة مسلسلات تونسية مثل ( منامة عروسية ) وعودة المنيار ) الخ ...تبدع في اتقان الدور  والشخصية حقيقتا انا شخصيا   احترم هاته الفنانة المبدعة وتحية وتقدير لذاتها وشكرا,positive,kaggle_moroccan_sentiment,mixed
شيخ تحيفة تحفة حفة,positive,kaggle_moroccan_sentiment,mixed
Maset chway walit ..,negative,kaggle_moroccan_sentiment,mixed
mnawer 5oya sa7bi oui 3andna rjel,positive,kaggle_moroccan_sentiment,mixed
Beeehiii,positive,kaggle_moroccan_sentiment,mixed
حيوان  المسخ تفووه على جد والديك الكلب,negative,kaggle_moroccan_sentiment,mixed
Film wa3r,positive,huggingface_darija_reviews,Arabizi
blidaaaaaaaaaaaaaaaaaaaa,negative,kaggle_moroccan_sentiment,mixed
Metfhkom 5iiiiiiiit,negative,kaggle_moroccan_sentiment,mixed
masset lasset kilklaset,negative,kaggle_moroccan_sentiment,mixed
يا توفيق العيب موش فيك ، العيب كل العيب في اللي جابك للبلاتو,negative,kaggle_moroccan_sentiment,mixed
من اروع ما قدم استاذنا الكبير حسن الفذ عملاق الكوميديا المغربية و غ بالفن و بذكاء ماشاء الله عليك كل الحب و التقدير 😇😇😇😇❤❤❤❤❤❤❤,positive,huggingface_darija_reviews,Arabic
لاأظنها ستنجح كالنسخ الأولى,negative,huggingface_darija_reviews,Arabic
أحسن فيلم مغربي شفته و ما شاء الله على ناس المغرب نبغيكم بزاف,positive,huggingface_darija_reviews,Arabic
الثمن خيالي مقارنه بالمعالج اللي فيه لاعلاقه,negative,huggingface_darija_reviews,Arabic
حلقة عالمية علخر خاصة كي بدر خطف بدر الصغير ههههه,positive,kaggle_moroccan_sentiment,mixed
مرأة فاظلة,positive,kaggle_moroccan_sentiment,mixed
Tbarkallah,positive,kaggle_moroccan_sentiment,mixed
Mezyena,positive,kaggle_moroccan_sentiment,mixed
Ana endi serum dial garnier vitamin c houa w crème du jour 3la chhal 3ad Kiban l’effet,negative,huggingface_darija_reviews,Arabizi
ماسطه,negative,kaggle_moroccan_sentiment,mixed
مايعجبنيش تمثيلو ياسر مبالغة في لكلام,negative,kaggle_moroccan_sentiment,mixed
Mahlak,positive,kaggle_moroccan_sentiment,mixed
يهبلون ماشاء الله,positive,huggingface_darija_reviews,Arabic
وخفة دم و روح ...,positive,kaggle_moroccan_sentiment,mixed
Mela faza yesser 9wia,positive,kaggle_moroccan_sentiment,mixed
Bon produit,positive,huggingface_darija_reviews,Arabizi
Maja chayyyý,negative,kaggle_moroccan_sentiment,mixed
7cha 5li9ett rahmen sidek ja3four ya bhim ya msattek ya blidd,negative,kaggle_moroccan_sentiment,mixed
اداء رائع.. ابداااع قول حقيقة👌👌👍,positive,kaggle_moroccan_sentiment,mixed
برافو احمد الاندلسي راجل وابن راجل وموقفك كله رجوله,positive,kaggle_moroccan_sentiment,mixed
برشة  مساطة واسقوطية وحط  في بالك رانا نتفرجو  عائلات,negative,kaggle_moroccan_sentiment,mixed
مهضوم ومنشط روعة تحياتي,positive,kaggle_moroccan_sentiment,mixed
شعب يعشق الفساد !!!!!,negative,kaggle_moroccan_sentiment,mixed
Rabi yehanik yesin abda3t w enchallah min 7asan li a7san(Badr) ya m3allllem,positive,kaggle_moroccan_sentiment,mixed
شعب تافه و ساذج  و قناة تافهه,negative,kaggle_moroccan_sentiment,mixed
Bravo sami,positive,kaggle_moroccan_sentiment,mixed
"فضائح قناة الحمار التونسي ... كلام زايد في المباشر !!
شكيب نقص شويا من الكلام #الفارغ
ya3tikom   kleb   elkol  3la  b3athkom
شعب تافه
hhhhh mala hbal
Massat lassat
اولاد القحبة
شلاكة لا أكثر لا أقل
يا مسخة ناس بكري قالوا الدڨلة دڨلة والعليڨ عليڨ""..صعيب ياسر باش تفهموه المثل يا جماعة التونسية المثلية",negative,kaggle_moroccan_sentiment,mixed
maset fachiltniii  Issam Taleb Uč Ěf pffffffffffffffffffff,negative,kaggle_moroccan_sentiment,mixed
Mousalsel behi barcha bravo,positive,kaggle_moroccan_sentiment,mixed
مايصلاحش للبشرة الدهنية,negative,huggingface_darija_reviews,Arabic
ma7la7a  hanen rou7a 5fifa,positive,kaggle_moroccan_sentiment,mixed
Wooh 9adè nakirhou ma5yibou,negative,kaggle_moroccan_sentiment,mixed
9alou barcha 7ob,negative,kaggle_moroccan_sentiment,mixed
Bravooo semi tayara kif l3ada,positive,kaggle_moroccan_sentiment,mixed
tfouh 3alikom,negative,kaggle_moroccan_sentiment,mixed
"حاشاهم الڨوابسية منك يا تافه 
Yeser maset
انا منحبحاش و متعجبنيش
Masta
يا ناس اتّقو الله في انفسكم رااااااهو عييييب وحراااام تناقشو حاجة كيف هاذي. هذا يستاهل السجن بلا قلّو اقلية ومن حقنا....
البلاد داخلة في حيط السراق يسرقوا والفساد بركها الدولة والشعب لاهي بدغيج واولاد مفيدة
mamsatha
nafs rozen dali nahdi
masettttt .. laseeeeet nakrhou pffffff
ma5yeb lounou
amset zouz filhal9a
كرهتونا في المسلسلات 😵
مشكلت شكيب مع بن علي هي إلتقاطه للنساء كم أنت تافه يشكيب إنشاء الله تتعلم من عند لعباد إلي عمرها ما نكرت في أصلها مش كيفك نكرت في إنتمائك للنهضة
تاااااااااااااااافه ومااااااسط لاااااااسط ومنحط ومااااااارق ومساكن كان هاك المساجين ...هم الحبس وزادوا جابولهم هالشلاكة وماشي فيبالو يعمللهم فالمسرح !!!! اخخخخخيت اخخخيت
يجيب الرداد
Marzen mleyiktek w ma9al 7yek tfouh 3la hal mandher
ماصطة
ki zibla fi poubella
قرد و عطوه موزة.
مرييييييييييييييييييييييض
العيب فالي جابو واستدعاه باسم حرية التعبير اما قنات الحوار ضهر شكون اللوبي الي وراها .يا متاع المثلية يا سامي الفهري.العربي موش متاع حرية رجعولنا الدكتاتوريه
maset barcha kyarou fil radio w maya wini ? w rihem ben aliya masatha fi klamha b rjouliya kif maken klem ennes kir barchaaaaa
كلام الناس برنامج مختص في لمان الشلايك
Masta lasta tournage 3l 7ite
ya 5amej ya masa5
Chnakerhou halbhimmm
dharbitou edda3wa
ياسر مضروب في روحو
Pffff matefhek w mamestek 😒
إنسان ماسط برشا و ما يعجبنيش
مريض بمرض اسمه النهضة
Mala marek
امسط مخلوق على وجه الأرض
راك ماسط راك لاسط يا أمير و الله مالي بديت تظهر و لا عمري نتفكر مرة ضحكتني مالإخر ماكش ضامر بالكل
Molhed wild kalb
بصراحة جبري باااااارشا
mamstou  gdiiiiim
5wenji...............demou th8il
Ye w5ayeni mamstou w malkzou mehadhamtouch :/
ممسطها
Ma2sat
كلام الناس ومايا العاه‍رة ولطفي العماري المنافق ، ونوفل الديوث المايع ، وبوغلاب المرتزق.. دون ان ننسى سي علاء لمشاكلم الجنسية على اله‍وا ه‍ذه ه‍ي
خاطر فيه الزناء والفحشاء والشعب احيب يتفرج مع دارهم فى النفاق شعب غبى
يعطيكم هبطة الناس الكل جهنم و بؤس المصير
mahouch metrobi
تاااااااافهة و مستوى منحط فعلا خسارة فيها الجنسية التونسية
5mej w wsa5 rcd 9a3ed yo5roj.mala ntouna
ملا تفاهة
Etfouh 3likom elkol 7ata enachid lwatàni raj3ouh bil mezwed chay y2assef
mas lasit mahouch  idahek idahik ken fil jamhour mtaou bil flous
عورتو ي اماسيخ
ممسطه ومثقل ملايكته هل بدر عملولي منه بطل والبنات الكل هابلة عليه وهو كي الجحش
اتعيف مبلدك
Mossiba ta3 tounas
Tfooh
صعلوك بإمتياز
ماحلاكم
Ma5ybha tawa dahra rala 78i9tha bsmlaih mnha Ma5ybha ou haiya kiii chitan
توفيق الغربي ممثل فاشل و فكاهي ماسط لاسط
Tfouh
W7ed maset ki zebi
خخخخخخ تونس عندكم كلش محلل
Meskine chakib 3a9douh
Yesser masset
Wa7da 5amja we imas5a ou mtmathel 7ata mra tounsia lemra itounseya el 7ora ichrifa ili itala3 irjal wel 7rayer
مخ  الهدرة تحبوا عاللواط والسحاق والشذوذ ....باهي برشة!!!!!! الله يهلكم نحستونا وذليتونا بين البلدان تفو عليكم
Tfouh
مضروبة في روحها، مصطنعة و مخها  فارغ بدون تعليق
chay y3ayef eli ya3jbek fil7keya fi tounes ye5dho flous 3almsata
حمار سياسي
ياسر ماسط و رزين
صوتها خشين و يفجع !!
مخيبها هك
سلع مقلبة ... اذا خلى لك الجو فبيضي و فرخي
استغفر الله العظيم. جايبين شراب و ملهى في سيدي رمضان.!! تفووه عليكم خماج.!!😈
mella rahet mamistou
off marzan masrik inti willi  jebik
ممصطك ياحمزاوى  وبلله نقص من الهشاشة
mast ou blid barcha nans7ek bara trena sine7a 5ir
Ma555yeb rasou w mar5sssou kenou rajelll
Ppppffff
منافق و ماصط لاصط و جبري و تجمعي و طحان
كافون : ماسط و دمك رزين و مافيك ما يعجب هههههههههه",negative,kaggle_moroccan_sentiment,mixed
غالية بزاف. هادي جهدها 13 مليون لا أكثر.,negative,huggingface_darija_reviews,Arabic
لا عاد عند صوت بصراحة روعة,positive,kaggle_moroccan_sentiment,mixed
لو أن المغرب أرسى صناعة عسكرية متطورة في العقدين الماضيين مثل تركيا لكان قادر على دعم مالي بقيادة غويتا في حرب بالوكالة مع الجزائر و لكان أنهكها و استنزفها لكن…,neutral,hespress_manual_khalid,Arabic
احسن اوطيل هو المامونية وروايال منصور وكيتواجدو بمراكش وهذا تصنيف من طرف المختصين عالميا,positive,huggingface_darija_reviews,Arabic
تفوه عليك راك عملت الريحة,negative,kaggle_moroccan_sentiment,mixed
Mahlaha lfaza wallah <3,positive,kaggle_moroccan_sentiment,mixed
pffffff mamsatha ye5ii mete7chemich te3mel hekeke walah chey ybahet  malla wa9a7a O.o,negative,kaggle_moroccan_sentiment,mixed
مسلسل ماسط لاسط .. ما عجبنيش,negative,kaggle_moroccan_sentiment,mixed
زيدو علمو الشباب الفساد,negative,kaggle_moroccan_sentiment,mixed
nawfeuil bravooooooooooooooooooooooo,positive,kaggle_moroccan_sentiment,mixed
برفو سي  الناجي,positive,kaggle_moroccan_sentiment,mixed
Bravo !!!!,positive,kaggle_moroccan_sentiment,mixed
Ensan tafeh,negative,kaggle_moroccan_sentiment,mixed
مستويات منحطة,negative,kaggle_moroccan_sentiment,mixed
Masset lasset asslen houwa nahthawi maghchouch w mahouch metcharef baha just entihazi. Fi 7al9a elli fatet houwa 9al mayetba3ech  ennahdha mais fi les videos wa9et enti5abat houwa loul fi minassat ennahdha w ymajed faha. Bon oumourou ta3ba assel. W 5ssara ja fi blasset maya kssouri mra mettha9fa barcha 3liih,negative,kaggle_moroccan_sentiment,mixed
Ma5yebk,negative,kaggle_moroccan_sentiment,mixed
كيما عودنا باش يقطعنا ضحك,positive,kaggle_moroccan_sentiment,mixed
اذهب وهف يهزك العيب مش فيك فلي عاملك قيمة و قدر و جايبك تحكي قالو حقوق لا يحقلك حق ، انت ليك واحد يحكلك الفلفل فماشي ما تولي امك تقول جبت راجل و خسرت عليه طهارة، اللهم لا تاخذنا بما فعل السفهاء منا,negative,kaggle_moroccan_sentiment,mixed
الله يبارك تحياتي ليك,positive,kaggle_moroccan_sentiment,mixed
"أنتم شعب جاهل فكيف تحكمون على "" أحمد الرحموني "" و تعملون له ألف حساب ( تي هو أحمد الرحموني واحد ميبون  ديوث من أكبر الطحانة و النياكة هو من القصرين  تفووووه عليه",negative,kaggle_moroccan_sentiment,mixed
bkol bassata mast last,negative,kaggle_moroccan_sentiment,mixed
محلاااااااااااه صوتها تقولش طفلة صغيرة كلها احساس ..بصراحة الاصوات القوية موجودة برشة لكن الاصوات الي فيها الاحساس العالي نادرة وقليلة حبيتها,positive,kaggle_moroccan_sentiment,mixed
شلايك,negative,kaggle_moroccan_sentiment,mixed
اصل الزين في العينين والعينين في السمره,positive,kaggle_moroccan_sentiment,mixed
Thabbeeeeeeel 3jbetni,positive,kaggle_moroccan_sentiment,mixed
محلاها تستأهل اكثر اما مبروك عليها,positive,kaggle_moroccan_sentiment,mixed
امسط مل المساطة,negative,kaggle_moroccan_sentiment,mixed
"بالتمهبيل انتاعها...الله لا تربحك ياخميسة...والله يرحمك ياالمرحوم..""",negative,kaggle_moroccan_sentiment,mixed
Maaaaasiiiiiittttt barrrrrchhhhhha,negative,kaggle_moroccan_sentiment,mixed
تفوه على زك أمك يا منيك...,negative,kaggle_moroccan_sentiment,mixed
Wajiha te3jebni,positive,kaggle_moroccan_sentiment,mixed
Yarhem weldik si naji yonsrek,positive,kaggle_moroccan_sentiment,mixed
هادي اللهفة ماشي المكلة،هادا انتقام فاالفقراءباالعلالي.,negative,huggingface_darija_reviews,Arabic
يعطيك الصحة سامي برافو,positive,kaggle_moroccan_sentiment,mixed
5îr makà nawfél lmaaaaàset :p,negative,kaggle_moroccan_sentiment,mixed
amin m3alim :p,positive,kaggle_moroccan_sentiment,mixed
Rak motrb ou dima tzid t7ali 8nek,positive,kaggle_moroccan_sentiment,mixed
Momteza,positive,kaggle_moroccan_sentiment,mixed
Ya wildi zeid  il bogos bogos,positive,kaggle_moroccan_sentiment,mixed
Ja3four ya bahi ma7lek w ma7la taltek nch rabbi eywaf9ak il fi3al il khir,positive,kaggle_moroccan_sentiment,mixed
saraha bravo mahleh sidkom tayara wchab3a thahik,negative,kaggle_moroccan_sentiment,mixed
Mela mandher!!,negative,kaggle_moroccan_sentiment,mixed
Bou zink ma7lek ♥♥♥♥,positive,kaggle_moroccan_sentiment,mixed
Sa9ta,negative,kaggle_moroccan_sentiment,mixed
M3alem entii ja3four rak k3aybaaaa,positive,kaggle_moroccan_sentiment,mixed
5amej ta7an,negative,kaggle_moroccan_sentiment,mixed
Tal3a moumathla ta7founa 7atta 3aychoucha zeda ma7leha,positive,kaggle_moroccan_sentiment,mixed
Mamstou w lé hadhmtou,negative,kaggle_moroccan_sentiment,mixed
Hhhhh yhbeeeel 😉😉,positive,kaggle_moroccan_sentiment,mixed
حتا انا جربت بزاف كلهم كينوضو لي الكزيما من غير هاد,positive,huggingface_darija_reviews,Arabic
wlh akber sa9et,negative,kaggle_moroccan_sentiment,mixed
هاك آللحاس لطفي لعماري بدلو وجيب راجل,negative,kaggle_moroccan_sentiment,mixed
تعجبني برشا وياسر متألقة انشاء الله تكملي هكاا  ♥  :*,positive,kaggle_moroccan_sentiment,mixed
vraiment amine masset yeser elbarnemej wtaffhou barcha,negative,kaggle_moroccan_sentiment,mixed
Se3a ena te3jebni etofla litsou9 moutoue'r,positive,kaggle_moroccan_sentiment,mixed
نكرها من شوفلي حل موش من اولاد مفيدة -_-,negative,kaggle_moroccan_sentiment,mixed
Massatha lyoum salelm mr,negative,kaggle_moroccan_sentiment,mixed
مشاء الله عليك خويا ديما النضى,positive,huggingface_darija_reviews,Arabic
floucek wfét yessr tetfoura5,negative,kaggle_moroccan_sentiment,mixed
يا منافق ثما صراع في نداء تونس احكو عليه شويا و جيب زقزوق ولى ولد الباحي يا قواد,negative,kaggle_moroccan_sentiment,mixed
Il m3alma,positive,kaggle_moroccan_sentiment,mixed
Mahlakom thaaaaaablou rabi yohroskom Mel 3in wemel hasdin,positive,kaggle_moroccan_sentiment,mixed
رغم صغر سنه خدام ربي اوفقوا,positive,kaggle_moroccan_sentiment,mixed
و الله لا شيء جديد على قناة الحمار التونسي سوى انهم يستضيفون ارذل الماركات التونسية,negative,kaggle_moroccan_sentiment,mixed
صراحة غير دفشة عطاوو كثر من قيمتو انا شخصياا جاني لاعلاقة و اصلا ماشي كريم ايدغاطون,negative,huggingface_darija_reviews,Arabic
واش يصلاح للبشرة الدهنية,neutral,huggingface_darija_reviews,Arabic
اميرو ❤❤,positive,kaggle_moroccan_sentiment,mixed
Ta7founa,positive,kaggle_moroccan_sentiment,mixed
ردا على شيوحدين اللي كيقولو باش يكون تنوع في الاختيار هو ملي يكون شي ثوب واعر في الجودة والالوان أنيقة موشي ثوب رخيص   ويبقاو يجلطو بيه السوق. والثمن طالع,negative,huggingface_darija_reviews,Arabic
ah ya kleib RCD,negative,kaggle_moroccan_sentiment,mixed
Mamsatha w marakha,negative,kaggle_moroccan_sentiment,mixed
يعطيك الصحة وليد بردتلي قلبي لبارح,positive,kaggle_moroccan_sentiment,mixed
brjlya a5yb wa7d fi blto,negative,kaggle_moroccan_sentiment,mixed
واحد الصديق سولتو علاش كيجيب الجزار هو للي كيدبح ليه ؟ قالي بأنه مكيصليش و بالتالي الذبيحة ديالو مديزاش ! حلل و ناقش %%%,negative,hespress_manual_khalid,Arabic
masset lasset mayefhem fi 7ata chay ou nahdhaoui mchala9 3la rou7ou,negative,kaggle_moroccan_sentiment,mixed
كولشي غزال بتوفيق إنشاء الله,positive,huggingface_darija_reviews,Arabic
حسين الديك كريزمة وفنان فريد في فنه,positive,kaggle_moroccan_sentiment,mixed
Tayaaaaaara. 👍👍👍👍👍👍👍,positive,kaggle_moroccan_sentiment,mixed
marzen mleyektou,negative,kaggle_moroccan_sentiment,mixed
Tayra,positive,kaggle_moroccan_sentiment,mixed
Rabbi m3ah,positive,kaggle_moroccan_sentiment,mixed
هذيكا لمعلمة شكون كيفها وحدك و برا يا وجيهة,positive,kaggle_moroccan_sentiment,mixed
Tberkalah 3leha,positive,kaggle_moroccan_sentiment,mixed
Nikraha w ma5yebha pffff,negative,kaggle_moroccan_sentiment,mixed
m3allim  zawwali    w nas tayba    .. top,negative,kaggle_moroccan_sentiment,mixed
الى ساليتو من الفخر مور العيد زيدو فالصابون البلدي,negative,hespress_manual_khalid,Arabic
Sitkoum yfata9,positive,kaggle_moroccan_sentiment,mixed
Bkatni m3aha wallah bravo,positive,kaggle_moroccan_sentiment,mixed
55555555555555555it wakahaw,negative,kaggle_moroccan_sentiment,mixed
besreh ma3lem 😂😂,positive,kaggle_moroccan_sentiment,mixed
Ya m3aaaaaaaàaalem,positive,kaggle_moroccan_sentiment,mixed
يعطك داء علي منظرك خول وسخ,negative,kaggle_moroccan_sentiment,mixed
Ya333 ma5ybou t7essou tajer mo5adrat,negative,kaggle_moroccan_sentiment,mixed
كالعادة ديمة متالقة وهذا موش جديد عليك برافوا,positive,kaggle_moroccan_sentiment,mixed
هههه انت المعلم و احنا منك نتعلم Chapo liik ;) <3,positive,kaggle_moroccan_sentiment,mixed
ملاّ مستوى متاع وزير,negative,kaggle_moroccan_sentiment,mixed
معجبني كان ديدجي في وهرة و لكلام  و خاصتا لينات ... لحاصيلو وحدك يا كوستا,positive,kaggle_moroccan_sentiment,mixed
Mamsstou :/,negative,kaggle_moroccan_sentiment,mixed
شوف الحجاب قداش يزين البنية,positive,kaggle_moroccan_sentiment,mixed
خايبة خديتها 5شهور وخصرات لية,negative,huggingface_darija_reviews,Arabic
محلاك <3,positive,kaggle_moroccan_sentiment,mixed
اويلي مكيعمل والو هاهاااااخهههه,negative,huggingface_darija_reviews,Arabic
Ma5yebhom,negative,kaggle_moroccan_sentiment,mixed
سلام اختي الله يحفظك في عندك المحال الله يعطيك الصحه بغيت وحدا ،👍👍👍👍👍👍👍❤️❤️❤️❤️❤️❤️❤️❤️❤️,positive,huggingface_darija_reviews,Arabic
Hasbi Allah w ni3ma wakil fik,negative,kaggle_moroccan_sentiment,mixed
boulissia klab,negative,kaggle_moroccan_sentiment,mixed
صوت جميل تبارك الله...,positive,kaggle_moroccan_sentiment,mixed
مايعجبنيش,negative,kaggle_moroccan_sentiment,mixed
عسل سي عبد الحميد نتمني نراك في مسلسلات رمضان العام هذا,positive,kaggle_moroccan_sentiment,mixed
ماشاءالله الذوق الرفيع,positive,huggingface_darija_reviews,Arabic
ممثلة تهبل,positive,kaggle_moroccan_sentiment,mixed
Aho lelm3alem w la blach ya3ref kifai yetkalem w yo5rej men kol l2as2la bkol arya7iya bsara7a bravo,positive,kaggle_moroccan_sentiment,mixed
Bravo 7aja 7lowa,positive,kaggle_moroccan_sentiment,mixed
من احسن الممثلين في تونس بالتوفيق انشاء لله المسرح فن راقي  وابدع فني  انشاء لله بالنجاح في كل الاعمال bravo  <3,positive,kaggle_moroccan_sentiment,mixed
waa3r,positive,huggingface_darija_reviews,Arabizi
ma7leeehom lbnet rabi ywafa9hom,positive,kaggle_moroccan_sentiment,mixed
محلاها نحبها برشااااا ♡♡♡♡,positive,kaggle_moroccan_sentiment,mixed
وحدك يا جعفور هههه,positive,kaggle_moroccan_sentiment,mixed
A7la ja3four,positive,kaggle_moroccan_sentiment,mixed
Mchlh 3lih bsarah ensen yhabell,positive,kaggle_moroccan_sentiment,mixed
لطفي العبدلي فنان كبير برشة برشة,positive,kaggle_moroccan_sentiment,mixed
"هههه والله تحفونة الفازة 
انتي الراجل
fawzi ya m3alem klamek mo9na3 wsari7 ya ben gamra
Ma7la zinhom bech nkaberha w na3milha poster fy dar
ياسز حلوة
jaafour nhebek yesser ama chbik  ma tjich* lkerkennah*
الحوار التونسي باهية في كل شي
Raby y5alilnaa barhoum
N7ebha mout
a7la wa7ed fihom sid a7med khotab 3al bab!!!!!!!
Wahdek ya sami ilfhri
راااجل
Bravo
بنية باهية
Bravo layla w twa7achna bentek khalineha tmathel m3ak wini ?
Ja3four m3allem haka rabi yawf9ou inchala
معلم الشيخ مورو
7louwa w mezyena w yéééésser FINOU""",positive,kaggle_moroccan_sentiment,mixed
3ejbetni barcha ema bakeni barhoum meskin,positive,kaggle_moroccan_sentiment,mixed
ربي ايوفقك,positive,kaggle_moroccan_sentiment,mixed
maset laset kil klaset tefeh ou mereg,negative,kaggle_moroccan_sentiment,mixed
Chkara w fil b7arr.w Amine ka3ba lé fi tv,negative,kaggle_moroccan_sentiment,mixed
ياخي مفما حد قالو راك ماسط لاسط مقداد هذا وكيفاش يجي مسؤول,negative,kaggle_moroccan_sentiment,mixed
Bravooooooooo,positive,kaggle_moroccan_sentiment,mixed
Ma7lekom,positive,kaggle_moroccan_sentiment,mixed
التليفون رائع,positive,huggingface_darija_reviews,Arabic
ممسطو ومرمزوً,negative,kaggle_moroccan_sentiment,mixed
صراحة ساعة زوينة او أنيقة تستحق ثمنهاالله يسر ليك اخويا,positive,huggingface_darija_reviews,Arabic
Oppo reno 8t 5G hesen meno,negative,huggingface_darija_reviews,Arabizi
فوزي بن كمرة يا معلم,positive,kaggle_moroccan_sentiment,mixed
افففف توقيت الفطور بالظبط خسارة,negative,kaggle_moroccan_sentiment,mixed
جاهل متاع راس لنبوط ...,negative,kaggle_moroccan_sentiment,mixed
اللقطه حسيتها وكانها واقعيه من كثر ماابدعت مفيده فيها برافو وحيده الدريدي ممثله عالميه,positive,kaggle_moroccan_sentiment,mixed
A7laaaaaa ja3fouuuurrr bravooo💟💟💟💟,positive,kaggle_moroccan_sentiment,mixed
masettt lasettt,negative,kaggle_moroccan_sentiment,mixed
"طحان""",negative,kaggle_moroccan_sentiment,mixed
Ka7ba,negative,kaggle_moroccan_sentiment,mixed
3asel 😙😙,positive,kaggle_moroccan_sentiment,mixed
ENA ya3jebni barcha bsara7a,positive,kaggle_moroccan_sentiment,mixed
و كيما قال شكسبير : ماسط لاسط,negative,kaggle_moroccan_sentiment,mixed
hhhhh m3alééém,positive,kaggle_moroccan_sentiment,mixed
صورة راءعة تعبر عن رفعة الانسان التونسي وخلقه الرفيعة اخوكم رسيم من الزاءر,positive,kaggle_moroccan_sentiment,mixed
قداش برشة عباد تافهين,negative,kaggle_moroccan_sentiment,mixed
Waaaaaaaaak mamestou w akther wehed 9lil torbiya  pffffffffff,negative,kaggle_moroccan_sentiment,mixed
Masta ma4ir lilya w ines,negative,kaggle_moroccan_sentiment,mixed
hhhh dhamra,positive,kaggle_moroccan_sentiment,mixed
a7taremou barsha w tbarkalla 3lih,positive,kaggle_moroccan_sentiment,mixed
و تتواصــــــــل الإيحــــــــاءات الجنسيّـــة و الكلام الفاحـــــش على ماخــــــورالدعــــارة...قلناها و لا نزال نقولها راكم ماخـــــــــور موش قناة تلفزية...,negative,kaggle_moroccan_sentiment,mixed
قوة في القحب والوسخ تفوووه,negative,kaggle_moroccan_sentiment,mixed
ارزن من ملايكتوا ما فماش,negative,kaggle_moroccan_sentiment,mixed
كنعودها شحال من مره ومكنملش منها,positive,huggingface_darija_reviews,Arabic
استاذة من خيرة الاساتذة الموجودين في كلية الحقوق بصفاقس،استاذة عظيمة،برافووو,positive,kaggle_moroccan_sentiment,mixed
لباهي فيك انك ولد جمعية,positive,kaggle_moroccan_sentiment,mixed
اتف من التفاهه,negative,kaggle_moroccan_sentiment,mixed
Bravvvvvvvvo  tayarrrrrrrrr   lawled,positive,kaggle_moroccan_sentiment,mixed
النهضة خانة شعب خلي ابناءها. جبناء انتهازين و لاكن لامفر يوم محاسبتها ....,negative,kaggle_moroccan_sentiment,mixed
men ahlaa el kanoit fi tounes,positive,kaggle_moroccan_sentiment,mixed
تافه كي عاتو...ماهوش متربي,negative,kaggle_moroccan_sentiment,mixed
وجيهة تعجبني وتشرف التمثيل والمسرح في تونس ربي اوفقها,positive,kaggle_moroccan_sentiment,mixed
بليدمان :-B,negative,kaggle_moroccan_sentiment,mixed
ممصتو راهو مايتهضمش,negative,kaggle_moroccan_sentiment,mixed
mala chlaka,negative,kaggle_moroccan_sentiment,mixed
كل التقدير و الاحترام لوليد التونسى,positive,kaggle_moroccan_sentiment,mixed
بليد ماسط حثالة زبالة كلوشار .....,negative,kaggle_moroccan_sentiment,mixed
Tbarkala 3lik dima te3jebni enti a7sen moumathla,positive,kaggle_moroccan_sentiment,mixed
ماشاء الله الابداع,positive,huggingface_darija_reviews,Arabic
نحسو يضحك الناس من غير مجهود و تهريج .. كيما يعملو برشا .. برفو جعفر,positive,kaggle_moroccan_sentiment,mixed
5aybaa bsara7sa,negative,kaggle_moroccan_sentiment,mixed
عادي صراحه,negative,huggingface_darija_reviews,Arabic
#اعلام_العار,negative,kaggle_moroccan_sentiment,mixed
لطفي العبدلي  أحسن ممثل كميديا,positive,kaggle_moroccan_sentiment,mixed
معلم لطفي,positive,kaggle_moroccan_sentiment,mixed
بربي يزي متنوفيق  مبعد معتيتها بطاقة الاحتراف توا ولات مش فنانة ماك تعرفها من قبل,negative,kaggle_moroccan_sentiment,mixed
Ja3four rak tayer rak m3alem,positive,kaggle_moroccan_sentiment,mixed
ماسط لاسط..عاد نوفل الفرطاس خير منو بااارشا,negative,kaggle_moroccan_sentiment,mixed
5iiiit i5it i5it,negative,kaggle_moroccan_sentiment,mixed
تليفون فخم صراحة هيبة,positive,huggingface_darija_reviews,Arabic
:p tefha barcha kifkom,negative,kaggle_moroccan_sentiment,mixed
W 3inik enti ya sami ma7lahom hhh,positive,kaggle_moroccan_sentiment,mixed
hhhhhhhhhh BRAVOO,positive,kaggle_moroccan_sentiment,mixed
تونس بريئة منك ومن امثالك يا مسخ الشيب والعيب نهايتك مشومة كي وجهك يا متاع المعدنوس موش منك من قناة الحمار التونسي اللي تشجع في امثالك برة يزيك اليوم,negative,kaggle_moroccan_sentiment,mixed
احلى صباح مع احلى ابتسامة تشع من وجه طفولي بريء.عيشوشة البشوشة يا احلى بنوتة يخليكي يارب ومايحرمناش  من ضحكتك العسل.,positive,kaggle_moroccan_sentiment,mixed
Mamstek e mabldek mocjh metrobi,negative,kaggle_moroccan_sentiment,mixed
brabi tsami fi rou7ha momathla n7eb nes2lha win mathlet w ela 3la tleth adwar fachlin kifha radet rou7ha momathla w ta7ki 3la ahmed landolsiii nsi7a t7el hanout mlewi 5ir etamthil mech mt3ek w barbi la3ad t9olou 3lha moumthla 5ater Artiste kima 9alt hiya avec un grand A mech mte3 enes eli kifek w kima 9al karim rahi t8iiiiidh rahi tbakiiiiiii wa7da kifek t7seb rou7ha Artiste,negative,kaggle_moroccan_sentiment,mixed
Manel ken mchiti chofti 7aja o5ra ta3mleh 5irlk malla sel3a pffff,negative,kaggle_moroccan_sentiment,mixed
yesser masta ma jet chay !!!,negative,kaggle_moroccan_sentiment,mixed
Salam khoya 3afak bghit ne3raf wach i phone 13 pro max f camera mzyan hsen mn samsung ultra awla samsung li hsen,neutral,huggingface_darija_reviews,Arabizi
M3aaaaaalllem W rajel,positive,kaggle_moroccan_sentiment,mixed
Bravoooooooooo tbarkala 3liha,positive,kaggle_moroccan_sentiment,mixed
لطفي كمل إخدم على روحك <3,negative,kaggle_moroccan_sentiment,mixed
Bsara7a ma7leha w ma7la southa,positive,kaggle_moroccan_sentiment,mixed
أحسن حاجة عملها سامي الفهري حاجة متوقعة,positive,kaggle_moroccan_sentiment,mixed
chay y3mel il3ar,negative,kaggle_moroccan_sentiment,mixed
yaaaaaa amoun 3ssaaaaal :D,positive,kaggle_moroccan_sentiment,mixed
أكثر حاجة خايبة في كلام الناس هي ما يا القصورى و عار على تونس أتحداكم كان تعديو كلامى,negative,kaggle_moroccan_sentiment,mixed
مايا البهيمة هههههههههه كالسردوك.. صدقوني ماهي فاهمة شيء,negative,kaggle_moroccan_sentiment,mixed
"سبحان الله شعب راضع طحين شعب يموت على القمع ههه بربي عطوني سبب واحد يخليكم تسبّو النّهضة علاش ما تسبّوش الأحزاب لي متسمية على التجمّع ؟؟
ماسط لاسط ماسط لاسط ماسط لاسط... اخر واحد يحكي ع الثقافة. فاقد الشیء لا يعطيه
ماسط عتيتوه اكثر من قيمتو ضيع الوقت ماااااااسط
يا ناااااااس بالله زيدو ثبتو معايا 
بصراحة شئ يحشم...عيب والله ... فما حاجات عيب... قلة احترام و تجريح للطفلة
maset laset
استغفر الله في شهر رمضان شياطين الجن مسلسلة قعدولنا شياطين الانس عفانا و عفاكم الله
Baya ana mata3jibnich wi manich 3arif chibaha tharba tharbtin tirikil bi roubitha rabi isabar 3alina la3 9al
Ya7ki 3lla torbya w houwa mouch motrobi
Malla mahezla 7sibkom rabi idaf3ou 3al ihoud i5it a3likom
تي شبيك ماسط حاقهم يحطوك تخدم في مكتب العلاقات مع المواطن
من قلة وجوه اللوح شديت لينا في ها الخشبة؟
حشاكم خرية وريحتو خرجت مالتفزة  . هو مش محترم ومش متربي ويحكي عالتربية كينو الوحيد في تونس متربي . وهو بالعكس الوحيد مش متربي في تونس هو مقداد السهيلي
كرهني في البرنامج
نحي راس بصل حت راس ثوم
شبيها ديما مخها خامج و ماشي كان للفساد بفففففففففففففففففففففففففففففففففف  
Masta lasta w majet chay bsara7a
Kalb ihodi ta7an 9awed tfoh 3lih
والله تمنيت القاضي كان زاد بزق على الكلب ناجي جلول
وبربي للجماعة الي يقولو هذا واقعنا..(معادش تعاودوها )",negative,kaggle_moroccan_sentiment,mixed
يدعي العلم وهو جاهل,negative,kaggle_moroccan_sentiment,mixed
أمسط واحد في تونس,negative,kaggle_moroccan_sentiment,mixed
Barcha fsed ya semi el fehri,negative,kaggle_moroccan_sentiment,mixed
Mahlekoum rab ya5lkoum le ba3thkoum,positive,kaggle_moroccan_sentiment,mixed
#maset_lasset,negative,kaggle_moroccan_sentiment,mixed
"عبد الفتاح مورو عندو فصاحة, سرعة بديهة و قدرة على المراوغة و هذا اللي يخليه ما يتشدش",positive,kaggle_moroccan_sentiment,mixed
احسن مخرج في تونس حاليا سامي الفهري قوة في الافكار والسيناريوهات شكون موافقني !!,positive,kaggle_moroccan_sentiment,mixed
"#الدنيا_حظوظ 😒""",negative,kaggle_moroccan_sentiment,mixed
السنغال سوف تسحب الاستئناف وبذلك المغرب بطلع افريقيا لسنة 2025,positive,hespress_manual_khalid,Arabic
Ya3tih douda ma7leh hhhhhh,positive,kaggle_moroccan_sentiment,mixed
لا مجال للمقارنة بين واجهة ريلمي المستقرة وواجهة أنفنيكس المليئة بالإعلانات,neutral,huggingface_darija_reviews,Arabic
khamej w 9lil ettorbia naoufel amset makhlou9,negative,kaggle_moroccan_sentiment,mixed
Wahra lnessha,positive,kaggle_moroccan_sentiment,mixed
يا طحان,negative,kaggle_moroccan_sentiment,mixed
Rajel 👏,positive,kaggle_moroccan_sentiment,mixed
أروع الممثلين إتوانسة أو يستحق الجائزة,positive,kaggle_moroccan_sentiment,mixed
bravo hiya mounachta naaaaaaaaaaachta............,positive,kaggle_moroccan_sentiment,mixed
حاشه خليقة ربي هالصباح خنافرو كي خنافر البهيم واللهي عندو لحق لطفي يمزبلك انتي و خوك ملا امارك,negative,kaggle_moroccan_sentiment,mixed
Rahmouni miboune wa irhebi,negative,kaggle_moroccan_sentiment,mixed
Wlhi ta7foun 5ir m'en 3arbi mezni el Marty,positive,kaggle_moroccan_sentiment,mixed
Maya Kssouri <3 BRAVO !,positive,kaggle_moroccan_sentiment,mixed
Hhhh heyl w yda7ek bravo :-P,positive,kaggle_moroccan_sentiment,mixed
ياسر ماسط يا مقداد  نحب نعرف شكون لي عينوا نقيب للفنانين بلاهي,negative,kaggle_moroccan_sentiment,mixed
برسمي محلاهم اول مرة نرا خوات كيف منهكا روح وحدة  تحسهم هه عينايا دمعت اصل خخخخ,positive,kaggle_moroccan_sentiment,mixed
nhibhaaa barcha mariyouma,positive,kaggle_moroccan_sentiment,mixed
ﻣﺎﺳﻂ..,negative,kaggle_moroccan_sentiment,mixed
برافو جعفور واصل إنشاله ااتوانسة ااكل تخمم كيفك وكلنا يد وحدة و نغزرو لورانا (y),positive,kaggle_moroccan_sentiment,mixed
La laa laaa laaaa laaaaaa,negative,huggingface_darija_reviews,Arabizi
صوت حلو...,positive,kaggle_moroccan_sentiment,mixed
Masit,negative,kaggle_moroccan_sentiment,mixed
Amset menou meritch,negative,kaggle_moroccan_sentiment,mixed
maseeeeeettt,negative,kaggle_moroccan_sentiment,mixed
hhhhhhhh wahdik ya hanouna,positive,kaggle_moroccan_sentiment,mixed
Te3jebni w mahich masta kif barcha minhom inti,positive,kaggle_moroccan_sentiment,mixed
لا  تمثل المرأة التونسية,negative,kaggle_moroccan_sentiment,mixed
Yesir te3jibni <3 <3,positive,kaggle_moroccan_sentiment,mixed
Tebarkallah 3liha wlh bakteni la9ta 😢,positive,kaggle_moroccan_sentiment,mixed
"ما يجيي شيييييييي""",negative,kaggle_moroccan_sentiment,mixed
ها كفون وخي راك تحفون و عسل,negative,kaggle_moroccan_sentiment,mixed
اقوى لقطة بصراحة مااحلى لعم وابن الخوه,positive,kaggle_moroccan_sentiment,mixed
hhhhhhh ma7la zinou <3 <3,positive,kaggle_moroccan_sentiment,mixed
موش حضاري وزيد تجمعي باز دفعولوا باش يحكي مستوي منحط,negative,kaggle_moroccan_sentiment,mixed
أحبك حتى النخاع يا علاء الشكر والتقدير ربى يحفضك يا أحسن منشط في كل العالم ويقدرك على فعل الخير خاصة مع االزوالي,positive,kaggle_moroccan_sentiment,mixed
إمرأة قوية,positive,kaggle_moroccan_sentiment,mixed
mala sel3a,negative,kaggle_moroccan_sentiment,mixed
Tfouhhh,negative,kaggle_moroccan_sentiment,mixed
اه راه ديال البشرة الذهنية ولكن داك المرطب ديال noreva راه جوج كاين légère هو ديال البشرة الذهنية ماتشريش اللي riche,neutral,huggingface_darija_reviews,Arabic
كلشي غزال مشاء الله جولة غزالة,positive,huggingface_darija_reviews,Arabic
N9adarha barcha,positive,kaggle_moroccan_sentiment,mixed
yazina min chlaykk,negative,kaggle_moroccan_sentiment,mixed
حنان الشقراني .. احسن منشطة في تونس اليوم..,positive,kaggle_moroccan_sentiment,mixed
Yhabel raw3a,positive,kaggle_moroccan_sentiment,mixed
للطحين عنوان هو منصف السويسي,negative,kaggle_moroccan_sentiment,mixed
Masiiiitttt lasittttt,negative,kaggle_moroccan_sentiment,mixed
#ممصطووو 😝😝,negative,kaggle_moroccan_sentiment,mixed
Hasbi Allah fikom,negative,kaggle_moroccan_sentiment,mixed
3assoulll 😍😍😘😘,positive,kaggle_moroccan_sentiment,mixed
Bravoooo,positive,kaggle_moroccan_sentiment,mixed
متكبره وانا منحبهاش,negative,kaggle_moroccan_sentiment,mixed
"allah yehlekom rana faykin bikom wino il pétrole""",negative,kaggle_moroccan_sentiment,mixed
فنان عنصري و غبي,negative,kaggle_moroccan_sentiment,mixed
kil 3ada amin bil wahraaaa ;),positive,kaggle_moroccan_sentiment,mixed
Mnawrin,positive,kaggle_moroccan_sentiment,mixed
فضحتونا مع العايلة يعتكم فضحة,negative,kaggle_moroccan_sentiment,mixed
مسلسل فضايح,negative,kaggle_moroccan_sentiment,mixed
معرفتيش اشمن ماركة اختي,neutral,huggingface_darija_reviews,Arabic
هذا الرقاصة يدلي بدلوه في شان القاضي احمد الرحموني !!!!عاهرة تتكلم عن الشرف !!!!,negative,kaggle_moroccan_sentiment,mixed
البرنامج مصات عالخر لا يقبل فدلكة لا يقبل نقاش و لاعبها هو الكل في تونس بفف ربي يهديك يا امين,negative,kaggle_moroccan_sentiment,mixed
3asoula rabi ya7fadhha,positive,kaggle_moroccan_sentiment,mixed
3al 7itt,negative,kaggle_moroccan_sentiment,mixed
ja3four yaser tayara rou7ou 5fifa ma7leh,positive,kaggle_moroccan_sentiment,mixed
معلم وراجل ةسيد الرجال,positive,kaggle_moroccan_sentiment,mixed
Pffff baktni,negative,kaggle_moroccan_sentiment,mixed
Le kalba mafrouth tesm7 o5tha.,negative,kaggle_moroccan_sentiment,mixed
Ahsen halka.,positive,kaggle_moroccan_sentiment,mixed
mahleh,positive,kaggle_moroccan_sentiment,mixed
"قل أعوذ برب الفلق من شر ما خلق""",negative,kaggle_moroccan_sentiment,mixed
وزيد عليها فيروس “هانتا” حتى هو,negative,hespress_manual_khalid,Arabic
k2rym bravo ou rabi i3niik,positive,kaggle_moroccan_sentiment,mixed
Tfou 3le ha rhouth,negative,kaggle_moroccan_sentiment,mixed
a7la toufa :*,positive,kaggle_moroccan_sentiment,mixed
الايفون 14كلو عيوب بلى متشروهش واحد صاحبي شراه لصاحبتو مبقاتش كتجاوبو😂😂😂😂و من جهة تانية متقولش شريتو ما شريتو كلشي على جوجو فون  ملك الايفون  الخبار في راسك 😁كولابي لي مع راسك بصحتك,negative,huggingface_darija_reviews,Arabic
بربي قولولي     ياخي شكيب درويش وجهو مقزدر الي يجي ينبزو و هو مزال مقحف و جهو في التلفغزة بربي يا شكيب برا شوف حل لحياتك   راهو معادش فاها وراس خويا,negative,kaggle_moroccan_sentiment,mixed
zayd m3a nawfel,positive,kaggle_moroccan_sentiment,mixed
محلى زينك ... كل يوم حبك يزيد .. كل يوم و جمالك يزيد ... نورة الحلقة والله ... أنا نحبك و نقلك واصل .. #Bravo 💋😘😇❤,positive,kaggle_moroccan_sentiment,mixed
mra w 3leha leklam .,positive,kaggle_moroccan_sentiment,mixed
اني قابسي و ما نتشرفش بيه جرذ كيف هذا و ما يشرف حتى قابسي و ما يشرفش قابس يعمل في succès على حساب العباد يجبد في العجرودي تي منين تعرفه العجرودي راك عملت العار ليبيا تستنا فيك,negative,kaggle_moroccan_sentiment,mixed
لمعلم يتكلم,positive,kaggle_moroccan_sentiment,mixed
malla mandhar a7raf 5iiitt 3asbééé7 tga3ééd ma5ibék :/,negative,kaggle_moroccan_sentiment,mixed
ممصطوا ومقل ربايتو والحق موش فيه الحق فلي جابو خسارة فرعس مسار الحلقة ومسطها,negative,kaggle_moroccan_sentiment,mixed
Machaallah 3lih :),positive,kaggle_moroccan_sentiment,mixed
بالتوفيق ان شاء الله ياحبيبتي ومن نجاح لنجاح دايما يارب العالمين,positive,huggingface_darija_reviews,Arabic
عسولتين ربى يحفضكم,positive,kaggle_moroccan_sentiment,mixed
هشام الخلصي ماسط منحبوش يكره الجزائريين,negative,kaggle_moroccan_sentiment,mixed
مامسطها هالجلطة مخيب منظرهااااا,negative,kaggle_moroccan_sentiment,mixed
أسد وسط قطيع من النعاج,negative,kaggle_moroccan_sentiment,mixed
تفوووووو,negative,kaggle_moroccan_sentiment,mixed
ماشية و تعدم و تمساط ولات تقزز يا حسرة على بية متاع قبل يا لطيف اللطف.....,negative,kaggle_moroccan_sentiment,mixed
A7la comedy fi touns,positive,kaggle_moroccan_sentiment,mixed
ماسط كالكلاسة -_- عمروو ما يضحّك :/,negative,kaggle_moroccan_sentiment,mixed
Machaallah bentik gadet rou7ha,positive,kaggle_moroccan_sentiment,mixed
يا سي امين ممسطك وليت والله بففففففففففف,negative,kaggle_moroccan_sentiment,mixed
Chakib maset maset maset,negative,kaggle_moroccan_sentiment,mixed
هذا شيخ اللواط و الوموبنة أمثالكم... الإسلام بريء منكم,negative,kaggle_moroccan_sentiment,mixed
Bou zinek yassine rabi ehanik tafhom ya bogosssss,positive,kaggle_moroccan_sentiment,mixed
احلى بنات شفتهم في حياتي ربي يخليهم لبعظاهم,positive,kaggle_moroccan_sentiment,mixed
T3jebni,positive,kaggle_moroccan_sentiment,mixed
"كثرلها من المسوطية""",negative,kaggle_moroccan_sentiment,mixed
Ilmoutour raw3a,positive,kaggle_moroccan_sentiment,mixed
انا عندي galaxy s23 صراحة منصحش بيه ، الثمن غالي او ماكايكونش معاه الشارج ،ولكن الكاميرة هضرة آخرة😂,negative,huggingface_darija_reviews,Arabic
راااجل,positive,kaggle_moroccan_sentiment,mixed
mhazellllllllllllllllllllll w il bled dima da5la fi 7it w cha3eb yath7ekk sa7itoo dima il 9odamm hakekaa 3maltooo l3arrrr ; w zid 5arjni ya admin na9es kan intaa,negative,kaggle_moroccan_sentiment,mixed
المصاطه والتفاهة والريق البارد مش غريبه يلقاو معجبين في بلاد رئيسها بياع شراب,negative,kaggle_moroccan_sentiment,mixed
و خشام الخلصي يتكلم بالسيف داخل لبلاطو في حالة  فضحطونا قدام العالم !!!!!سكر !خيييييتت عليكم و برا.,negative,kaggle_moroccan_sentiment,mixed
yeser maset ya amin w mate3jebnich,negative,kaggle_moroccan_sentiment,mixed
bravo olfa youssef,positive,kaggle_moroccan_sentiment,mixed
اي حادث وقع على هدا الخط الدى تعبرهالشاجنات المغربية الا والنظام العسكريالكرغولى متورط فيه مائة فى المائةمن الضروري خفر هاته الشاحنات علىشكل كوكبات من طرف رجال مغاربةمسلحون لمواجهة الارهابيين الذينيعترضون سبيل المركبات المغربية ذهاباوايابا بتنسيق مع الدول الصديقة الموجودةعلى هدا الخط,negative,hespress_manual_khalid,Arabic
بالله بيه ما عااااااااش تجيبوهاااااا تي زح تتمعجن وهي قد امي من أكثر الناس لتتصنع في طبيعتها,negative,kaggle_moroccan_sentiment,mixed
7loua,positive,kaggle_moroccan_sentiment,mixed
Karahni Fi lbarnmej,negative,kaggle_moroccan_sentiment,mixed
Bravo samu,positive,kaggle_moroccan_sentiment,mixed
تبارك الله عليه الجزيري وهراني و أنيق,positive,kaggle_moroccan_sentiment,mixed
Ouuuhhhhh mamstikkkk imchi or9od,negative,kaggle_moroccan_sentiment,mixed
نهضاوي كلب كذاب ومنافق,negative,kaggle_moroccan_sentiment,mixed
Mêla wahra y3bou eli yekrhkom,positive,kaggle_moroccan_sentiment,mixed
والله ماسته وخارجه من قشرتها متصنعه,negative,kaggle_moroccan_sentiment,mixed
مستحييل نشري أنا هاد التلفونات غير كنتفرج فيك حيت عزيز عليا ❤,negative,huggingface_darija_reviews,Arabic
rak masitaaaa rak lasssita,negative,kaggle_moroccan_sentiment,mixed
فننننننان و معلم,positive,kaggle_moroccan_sentiment,mixed
حتى خليقتو مقلوبة,negative,kaggle_moroccan_sentiment,mixed
Tfouhhhhhhhh 3ala 7ayawane.mala sil3a zbella .,negative,kaggle_moroccan_sentiment,mixed
راك ماسطة،راك لاسطة...🎤,negative,kaggle_moroccan_sentiment,mixed
Ya m3lem,positive,kaggle_moroccan_sentiment,mixed
ma3llem nour ;-),positive,kaggle_moroccan_sentiment,mixed
Chbih kalb,negative,kaggle_moroccan_sentiment,mixed
Ana fatma ta7founa rabi y5alaha arwa3 tofla,positive,kaggle_moroccan_sentiment,mixed
ممتازة وفقك الله,positive,huggingface_darija_reviews,Arabic
لحاس 😂😂😂😂,negative,kaggle_moroccan_sentiment,mixed
كاين البديل، الفران الكهربائي، هنا يتبين وحدة المواطنين في عدم اقتناء الكثير من مادة الفحم!!,neutral,hespress_manual_khalid,Arabic
يعجبني برشا وبسيط ومتواضع 👌👌,positive,kaggle_moroccan_sentiment,mixed
أصل الثعلب في العينين والعينين في الدهن,negative,kaggle_moroccan_sentiment,mixed
Machaallah,positive,kaggle_moroccan_sentiment,mixed
أشمن هميزات ظحكا على وقت ماكان غير 299dh واش هذا في المتناول ناس دراوش ما تفوتيلهومش 50dh  هاذك هي لهميزا بنسبة لناس,negative,huggingface_darija_reviews,Arabic
حتى صافي سعيد مليان بالحجج  والادلة الكاذبة  والخائنة,negative,kaggle_moroccan_sentiment,mixed
Bravo #Aymen mn 7asan l a7sen nch'alah,positive,kaggle_moroccan_sentiment,mixed
Rajel (y) yarhem lemima li jabetk,positive,kaggle_moroccan_sentiment,mixed
احسن حاجة ايفون تلفون بمواصفات قوية ولو تسرق ليك الهاتف غادي تلقاه فينما كاين,positive,huggingface_darija_reviews,Arabic
هاذي بالذات مهزلة و عار و موش متربية كيما قال شكيب (مطب لغوي) ههههه,negative,kaggle_moroccan_sentiment,mixed
الا كان لبوطة انا جاني abc حسن منو,negative,huggingface_darija_reviews,Arabic
والله عجبني الموقف انتاعك اخي نور شيبه غني غير باللهجة التونسية (معجب من الجزائر),positive,kaggle_moroccan_sentiment,mixed
"Kayn wahd l3ib f had la serie dyal S22 
 Ana 3ndi Galaxy S22 , battery 3yan makaytwlch hadi mochkilto 
Bit n3rf wach ymkn ydiro chi update li ghadi thssn mn lmoda li yb9a chad fiha charge !",negative,huggingface_darija_reviews,Arabizi
عليكم العنة,negative,kaggle_moroccan_sentiment,mixed
ربي يكثر منو الناس ;),positive,kaggle_moroccan_sentiment,mixed
bravo walid wallah baradtli 3ala 9albi w ya3tik sa7a ki ma skotech,positive,kaggle_moroccan_sentiment,mixed
Patron wahra,positive,kaggle_moroccan_sentiment,mixed
برجولية صلاح مصباح  غنايتو رروعة نتمني تتأقلم مع جيل اليوم,positive,kaggle_moroccan_sentiment,mixed
Ana bakit barvoooooo samiiiiiii,positive,kaggle_moroccan_sentiment,mixed
مخيبو مخيب وجهو هالاحول,negative,kaggle_moroccan_sentiment,mixed
الكلب الارعن لعنه الله,negative,kaggle_moroccan_sentiment,mixed
قدكش ماسطا و ماتجي شي باهي ......,negative,kaggle_moroccan_sentiment,mixed
لاحولا ولا قوة إلا بالله,negative,kaggle_moroccan_sentiment,mixed
تبارك الله على مريم. السلعة زوينة و التعامل 👍,positive,huggingface_darija_reviews,Arabic
جو عليه :v,positive,kaggle_moroccan_sentiment,mixed
معادش كعادة .. ماسط,negative,kaggle_moroccan_sentiment,mixed
tfih 3alikom,negative,kaggle_moroccan_sentiment,mixed
راجل و هاو طلع ارجل من شكيبة,positive,kaggle_moroccan_sentiment,mixed
ياسر ماسط و انا ما نحملوش,negative,kaggle_moroccan_sentiment,mixed
باج مزيانة و فها خدمة تحفونة الباج,positive,kaggle_moroccan_sentiment,mixed
و الله برافو ليك و لاحمد الاندلسي و ربي اكثر منكم الناس,positive,kaggle_moroccan_sentiment,mixed
ممثلة ناجحة و ممتازة w nshallh mn 7asèn 2ila 2èsin,positive,kaggle_moroccan_sentiment,mixed
"Ma7leeh :* ,bravooo vraiment!!",positive,kaggle_moroccan_sentiment,mixed
Ya 3aycha ena inhebek ama birsmi ikbes rouhek chwaya,positive,kaggle_moroccan_sentiment,mixed
mamset din omo,negative,kaggle_moroccan_sentiment,mixed
Ena nhebha,positive,kaggle_moroccan_sentiment,mixed
بغينا جزء الثالث هاد رمضان,positive,huggingface_darija_reviews,Arabic
جعفور. اذاكا. لمعلم و خاصة ضماروا لحلوا وانا نحبوا برشا  وزيد برنامج متع. يد وحدة. .تحفون .. وجغفور ميش كيف برشا.عباد هو يحب اعانة الناس..  برجلية  برافوااا برافوااا,positive,kaggle_moroccan_sentiment,mixed
nes  mleh  yodhor  wmitrobi  fi  klemou,positive,kaggle_moroccan_sentiment,mixed
اكثر سياسية تعجبني برافو,positive,kaggle_moroccan_sentiment,mixed
يعطيك موصيبة برشاا فسق هادا يااخمااج,negative,kaggle_moroccan_sentiment,mixed
Ma5yeb rahtou la sifa la a5le9 amset minou w min ghneyetou maratich 3ini,negative,kaggle_moroccan_sentiment,mixed
شيخ و افتخر به ربي يبارك فيك سي عبد الفتاح او ربي يفتح عليك,positive,kaggle_moroccan_sentiment,mixed
Mela fadhy7,negative,kaggle_moroccan_sentiment,mixed
فضيحة ؟؟؟,negative,kaggle_moroccan_sentiment,mixed
ليس بفنان و لا مثقف... كلوشار و موش راجل... من لخّر أمسط ما فمّا في هالبلاد...,negative,kaggle_moroccan_sentiment,mixed
وجيهة عسلة,positive,kaggle_moroccan_sentiment,mixed
مغط و ماسط و ملائكته رزينة,negative,kaggle_moroccan_sentiment,mixed
حصة كاملة و لا واحد تقرب للشعب التونسي فيكم بكلمة طيبة و فيها ذكر للخالق قلوبكم و اعلامكم نفاق و كذب ..نسيتوا ربي ياخي نساكم في ارواحكم ..,negative,kaggle_moroccan_sentiment,mixed
tyara,positive,kaggle_moroccan_sentiment,mixed
محلاها أما تحسها تزوي برشا كي تبدى تحكي !,positive,kaggle_moroccan_sentiment,mixed
محلاكم مع بعضكم قروب هايل,positive,kaggle_moroccan_sentiment,mixed
"Hahahaha malla mojtama3 3aychinn fih , twenssa yaser 7a9din alah b3adhhom",negative,kaggle_moroccan_sentiment,mixed
bravo olfa,positive,kaggle_moroccan_sentiment,mixed
"Masta wa kahwa mourra""",negative,kaggle_moroccan_sentiment,mixed
حرا يمي,negative,kaggle_moroccan_sentiment,mixed
جعفر يا معلم,positive,kaggle_moroccan_sentiment,mixed
مرأة بألف رجل,positive,kaggle_moroccan_sentiment,mixed
ملا بغل .ناقصو ذيل ويقول حو,negative,kaggle_moroccan_sentiment,mixed
Bent chebba,positive,kaggle_moroccan_sentiment,mixed
يا عتيك الصحة يا شكيب مواقفك كلها صحيحا او في بلاستها,positive,kaggle_moroccan_sentiment,mixed
hhhhhhhhhhhhhhhhhhhh Mé 5yebha Azà Kheir :D,negative,kaggle_moroccan_sentiment,mixed
Hhhhhhh bravo Sami,positive,kaggle_moroccan_sentiment,mixed
أحلى زينة نشاله ربي يوفقك و نستناوك فالأنشيد,positive,kaggle_moroccan_sentiment,mixed
ya lotfi ken 3andek mrath esmou el 4annouchi taw nab3ethlek edwe rchoudalgan,negative,kaggle_moroccan_sentiment,mixed
تعجبني برشا هي إمرأة تحفونا,positive,kaggle_moroccan_sentiment,mixed
محﻻها او محﻻ صوتها,positive,kaggle_moroccan_sentiment,mixed
ya khouia mebeldek w mamsstek,negative,kaggle_moroccan_sentiment,mixed
Bjah  rabbi na7ouh 3lina,negative,kaggle_moroccan_sentiment,mixed
رااك ماسط راااك لاسط .,negative,kaggle_moroccan_sentiment,mixed
3ib wlh 3iiiiiib w mouch ma3e9oul,negative,kaggle_moroccan_sentiment,mixed
malla kholka,negative,kaggle_moroccan_sentiment,mixed
انت معلم,positive,kaggle_moroccan_sentiment,mixed
حتى بالخل والجفال ما يتهضمش,negative,kaggle_moroccan_sentiment,mixed
jabri wimnayek,negative,kaggle_moroccan_sentiment,mixed
يا ولدي كل موضوع يدخل فيه الثقافة ونقابة الفنانين. حتى الفن كرهتونا فيه,negative,kaggle_moroccan_sentiment,mixed
Maasta hia w enti w lmosalsel lkol,negative,kaggle_moroccan_sentiment,mixed
MASSIT LASSIT,negative,kaggle_moroccan_sentiment,mixed
Maaaaaaaaasssiiiiiiitttttt,negative,kaggle_moroccan_sentiment,mixed
"Ma7la zinnnek ya sami 
Malla rajel
تعجبني
عجبني بلطي قاعد ماشي في تطور واصل هككا ربي يوفقك راك لمعلم
Tbarkala 3leha .. berasmi beketni
ديما منورة
Hhhhhhh vraiment wlh yhabel bravo
owel marra n7is rou7i far7ana wena nitfarej fi 3andi man9ollek rabi farra7hom hek lebnayet kima far7ou bouhom ou far7ouna
Khadija ta3ref tmathel machallah a3liha
محلاهم ❤
fil 3ada maya3jebnich ama lyoum ya3tih allf sa77a
Baketni tbarkala 3liha 😘😘
ميساء  صوتك كله احساس هي ما زالت جديده ما نلوم البرنامج
Hlou barcha
احلى جعفور انشاء الله تكون قدوة لبرشا ممثلين و انشاء الله من حسن الى احسن
ma7leha mra mettha99fa  bravo
jebba char9et 3lik lotfi b1
Bravo
Wahra tbarkala 3luk
bravooooooooooooooo monsieur Sami el FEHRI MOBDI3 WALLAH  <3 :)
تحيفة يا فنان أتحفنا بالأحان
Te3jebni y'a lotfi Ali 9al 3lik klem rahou hasdek
الإنسان مثقف وصاحب معرفة في مجال السياسة.
7lowa
Msali 3la enbi 3la bent bladi rak hbel ya maysa enti w lilia bravooooo
معلم 👍
ﻳﺎ ﺷﻴﺦ ﺭﺑﻲ ﻳﻄﻮﻝ ﻓﻲ،ﻋﻤﺮﻙ
يطوللنا في عمرك يا سي الامين
وااااو تبارك الله على الخالق
برفو ناجي جلول
m3alem
نوفل الورتاني  معلم
Rabi ifadhelkem l b3adhkom
نحبها
برافووووو وليد التونسي لك كل الاحترام والتقدير 👍🏼
السلام عليكم واجمل برنامج في الحوار التونسي
3sal bayrem bou zinou ama bech yfi9 houwa weld chrif w ysefer m3ah l frança
7loo yeser yeser na7thro rwe7na xxl
Bravooooooooooo
Bravo a3jabtni
Vraiment bravo walid
To7fa
Walahi khir m'en Nawfal elwerteni
ماشي ويولي متربي أما باهي موش خايب تحسو زوالي واصل
محلاها ومحلى قصة شعرها
walid ye m3allam wlh rak tayyara f 8nek w rayek bravooooooooooo :)
a7la wajihaaaaaaaaaaa :)
Mnawer
Bravo sami tjr au top ☝🏼️❤️ :* :* :*
أحلى ليلى و أحلى إجابة ضد مقداد الي كثر على ما وصاوه.
ما احلاهم لخوات كيف يتروجلوا في بعضهم <3
احترماتي  سيد الشيخ
Wow Tayara Hal9a 5fifa w Fisa3 Mat3adet
تلقائي على الآخر،ومقبول ذو أخلاق عالية صاحب نكتة...يعجبني ربي معاه
Bravo ya walid te3jbnii dima wasel
إمرأة مثقفة و تعجبني مهما كان إنتماءها السياسي
Mar7ba
morou ya m3alem dima tkwer bihom
wahra haythem abid
fanen behi ou 3andou dhaw9 fil ghne ou dima ya3mil jaw tbarkalah 3lik ya nour wassel hakeke bon chance
انشاله ربي ايطول في عمرك سي الوزير  وانشاالله ربي ايبركلك
Dima mwahher wmosalllsletek yo9tlouuu",positive,kaggle_moroccan_sentiment,mixed
"مستويات منحطة,",negative,kaggle_moroccan_sentiment,mixed
Bravoooooo a3likom 😀😀😀😀,positive,kaggle_moroccan_sentiment,mixed
Wlh mech 5ayba 3a9la ama lazem twali mastoura chway,positive,kaggle_moroccan_sentiment,mixed
مقداد قاهر الفن في البلاد,negative,kaggle_moroccan_sentiment,mixed
محلاك والله و محلا هدرتك,positive,kaggle_moroccan_sentiment,mixed
طردوه اكا شمس الدين بلاهي راو عمل الفضايح,negative,kaggle_moroccan_sentiment,mixed
مثال للهرج و الميوعة لا مواقف له بكبسة زر تنقلب و لا فن له لكنه أصر على الحظور بالتهريج و المرج,negative,kaggle_moroccan_sentiment,mixed
أعجبتني في لخر معلم,positive,kaggle_moroccan_sentiment,mixed
واصل معلم <3,positive,kaggle_moroccan_sentiment,mixed
بسم الله ماشاء الله,positive,kaggle_moroccan_sentiment,mixed
"توفيق الغربي عطاتو الدنيا و عطاتو قناة الحمار التونسي باش يطلع و يلعبهالنا بطل و مناضل .....
amman marzanha brabi gal3ouha ammmmmmman
ممسط ومبلدك وهف يلمك جمهووور يحب يقلك تڨعدي يااا حنانة --' يااا عيشة
Lkoullhoum 5oummmmmmmmeeeeeeejjjjjjjjjj
شكيب عاطي للذل كارو قدام روني .. كم انت تافه
tfouh 3likom
التفاهة والسفالة بعينها والحق فلي مستدعيه
كان زاد شهر في كرش امو رهو هبط خرية .. ممسطو :)
ابو الركاكه و البلاده 
T Brabi na7iwa7 Hal 9erd mamsto sad9ouni kif yebda yetkalam nbadel chaîne o5ra
maset laset
مستوى منحط
كعبة لا
عبد الحميد الشيب و العيب كرمك الله اه  ها  الشيخ تحيفة (  في سهرية تتقال بزازل موش ف تلفزة )
9ohb m3izz
3aaaaaaaaaaaaaaaaaaaaaaaaar
ماااااااااسط ماااااااااسط
wlh chay ya3ml l3aaar wlh w howa yahki 3ala dostour w .... Ti hatha aslan ma3andouch l7a9 yetkalem  w chay hatha 7araaam raho ! Jaybino yahki  ti normalment hatha direct lechane9 wlh
mala kird ya wijh el fokma
متصورتكش امسخ لدرجة هاذي يا نا تن يا حقودي لعنة الله عليك وعلي اخلاقك الف مرة
Mala mahzla
fashel aale5er
Maasit
انا و الله لا يعجبني لا قبل لا توا و منيش عارف شكون سماه كوميدي  و زيد ميعرفش يحكي رك غلط الي قالك رك ضامر و متكلماني يا سي توفيق
mouch motrabi rached
Mala 5ored
هذا نتاج تربية الراقصة العاهرة سعاد محاسن برا يلعن بوك وبو خوك وبو سعاد وبو لمين معاك عائلة زبالة
العيب مش في شيخ تحيفة العيب في مقدم البرنامج نورمالمون مايساءلوش سؤال كيما هذا ويقولو فسرلي أما بالنسبة للتمثيل فهو مبدع وماصاب يعودلنا المسلسل خطاب علي الباب مسلسل عمرو ما يتنسى
 Pfffff romdhan la yrabhek ye5i a7na haka n3ichou fi tunis ????????",negative,kaggle_moroccan_sentiment,mixed
و الله لا تحشماها تفو عليكم هذوكم نساء تجيبوهم تحبو تلقطو بيهم نسب متع مشاهدة وحدا شطر صدرها عريان و لخرا عرافة لابسة عرية كل شي ظاهر يا ربي نشاء الله الهايكا تنخيه برنامج لاباس جملا,negative,kaggle_moroccan_sentiment,mixed
نصيحة ، لمن يريد شراء S22 ultra ، انتظر قليلا حتى يظهر XIAOMI12 ULTRA فقد تندم كتيرا على التسرع .,negative,huggingface_darija_reviews,Arabic
M3alim,positive,kaggle_moroccan_sentiment,mixed
emmaskha,negative,kaggle_moroccan_sentiment,mixed
a7la moussalsel w a7la awled moufida,positive,kaggle_moroccan_sentiment,mixed
n7eb n9oul l manel 3mara rak wallit karakouz en plus rahou soutek y3ayef,negative,kaggle_moroccan_sentiment,mixed
لحاااااااااااس,negative,kaggle_moroccan_sentiment,mixed
مرضتونا بنفاقكم :o,negative,kaggle_moroccan_sentiment,mixed
Mecheallah,positive,kaggle_moroccan_sentiment,mixed
Ti3jibni barcha :-*,positive,kaggle_moroccan_sentiment,mixed
اصلا برنامج تافه قاعدين ينبرو ما فيشو حتى فايدة,negative,kaggle_moroccan_sentiment,mixed
Te3jebni,positive,kaggle_moroccan_sentiment,mixed
Garnier خايب واياك تخديه,negative,huggingface_darija_reviews,Arabic
العيب في الاعلام اللي جايب شلاكة زي هذا وترلي أعصابي ما يحشمش,negative,kaggle_moroccan_sentiment,mixed
راشد يا معلم يا معقدهم,positive,kaggle_moroccan_sentiment,mixed
نحبها ..محلا طبيعتها في دنيا ...و قدام الكاميرا,positive,kaggle_moroccan_sentiment,mixed
هي شلاكة و امها شلاكة,negative,kaggle_moroccan_sentiment,mixed
Bravo sami fehri😊😊😊😊,positive,kaggle_moroccan_sentiment,mixed
Mouch normal mgatel dohek bsaraha chapo sami elfhri a3az mosalsel,positive,kaggle_moroccan_sentiment,mixed
ena yésir yé3jibni wa en7eb en9oulou e5dim a3la rou7ik rabi em3ak wa mayhimikch fi eklém la3béd wa kima ey9oulouha eli samék a4nék,positive,kaggle_moroccan_sentiment,mixed
والله مسكينا تونس واش تقاسي,negative,kaggle_moroccan_sentiment,mixed
Ma7leha ama ken tsaker chwaya chbebik ili 3and.ha c tt,negative,kaggle_moroccan_sentiment,mixed
Maset w damo th9il  baarcha,negative,kaggle_moroccan_sentiment,mixed
Beravo si enaji,positive,kaggle_moroccan_sentiment,mixed
_masset lasset,negative,kaggle_moroccan_sentiment,mixed
والله ماذا بيا الممثلين الكل يقتادوا بيها ويكونوا كيفها في الخدمة و الاخلاق,positive,kaggle_moroccan_sentiment,mixed
اتفووووووووه حاشاكم جميعا,negative,kaggle_moroccan_sentiment,mixed
مخيبو الغرد الرحموني,negative,kaggle_moroccan_sentiment,mixed
walah ka3ba le mamstk pfffff,negative,kaggle_moroccan_sentiment,mixed
لعنة الله على الفساق والي لازم يتلام القناة الي جايبة هلمناضر على المباشر وفى الكلام ملقينا فاش نحكو ياخي هو مثلي والي جابو لدنيا شكون لقا زوز رجال ولا زوز نساء يا حيوان,negative,kaggle_moroccan_sentiment,mixed
m3alam,positive,kaggle_moroccan_sentiment,mixed
mala  tahaaaaaaaaaaaaaaaaaaaaan  etfouh a3lik a3lik +a3la ben a3li emte3k,negative,kaggle_moroccan_sentiment,mixed
عسلة نحبها برشا ممثلة كبيرة ربي يوفقها,positive,kaggle_moroccan_sentiment,mixed
بابورك غرڤ,negative,kaggle_moroccan_sentiment,mixed
لحاس وما عندوش اخلاق,negative,kaggle_moroccan_sentiment,mixed
ماسط لاسط ها الراجل وزيد ما يعرفش يحكي pffffffff,negative,kaggle_moroccan_sentiment,mixed
برافو برافو برافو برافو برافو برافو برافو برافو برافو برافو برافو برافو برافو برافو برافو برافو برافو برافو برافو برافو برافو برافو برافو برافو برافو برافو برافو برافو برافو برافو برافو برافو برافو برافو برافو برافو برافو برافو برافو برافو برافو برافو برافو برافو برافو برافو برافو برافو برافو برافو برافو برافو برافو برافو برافو برافو برافو برافو برافو برافو برافو برافو  والله هذا اش انجم انقلك يا وليدي كان 100000000 برافو وراجل وهذا اش اتخرج لحوم العربي والله هزيتلي راسي وفرحتني بيك برشا يا ولد حومتي يا راجل,positive,kaggle_moroccan_sentiment,mixed
ما احلاها ياسر تعجبني،، مزيد من النجاح و التألق...,positive,kaggle_moroccan_sentiment,mixed
Oui bravo dja la9ta mo2athra barcha,positive,kaggle_moroccan_sentiment,mixed
ياسي شكيب الراجل مايرجعش اما انت طلعت فرخ وبنة,negative,kaggle_moroccan_sentiment,mixed
Brabbi chkouni ha chlekka !!sma3tha ta7ki 3la ahmed landolsi !! Malla mri4a!!!,negative,kaggle_moroccan_sentiment,mixed
اول مرى ماشي في بالي فنان لاكن ظهر في الاخر فنان  كم انت كبير يا ابن الخضراء,positive,kaggle_moroccan_sentiment,mixed
"يااااااااا قحبة إحترم إناس لتتفرج في هالبرنامج لقحب 
عيب والله عيب و حرام. إن كانت هذه هي الحرية فلا حاجة لنا بها
maset laset
Barcha ti7in sa7bi.hatha entm tsamou fh ta7athr
Kelb ekbir  ou jerdh nahdhawi tfouh e3leke elwejh
برشا قلة حياء
ما حبوش يفهموا الي هالخامج شكيب تافه ملايكتو رزينة ما يجي شئ
mahoch jari2 kim nawfel fi ta3li9ato
جبري بالقوي باسر متخلف و يدخل في حوايج موش فاهمنا و يسخايل روحو حكاية و هو زيرو
Ma5yebha
ماسطة يا أعلام العار
ماسط لاسط ....يصلح للاذاعة اما التلفزة كعبة لا
Yeser lokza hatta fel 79i9a
ياسر تدكك و ياسر دخل روحها في المواضيع أما قوية ياسر 👊
5omej
قذارة و تفاهة و سخافة...من أنتم ؟؟؟؟؟؟؟؟؟؟؟؟؟؟؟؟؟
Masssa55
ملا مناضر مقلبة
لا حول و لا قوة الا بالله",negative,kaggle_moroccan_sentiment,mixed
علاش حيدو بلاصة كارط ميموار,neutral,huggingface_darija_reviews,Arabic
مااااسطه,negative,kaggle_moroccan_sentiment,mixed
Nour mahlakkk,positive,kaggle_moroccan_sentiment,mixed
Jib lina svp des infos 3la xiaomi 13 wlprix dyalo flmghrib,neutral,huggingface_darija_reviews,Arabizi
اجهل من صباطي و لاعبة فيها سيد العريف .....,negative,kaggle_moroccan_sentiment,mixed
حتى انا لقيتو فحال الماء,positive,huggingface_darija_reviews,Arabic
Bsara7a dawra masettttt :/ :p mouch emwatiha,negative,kaggle_moroccan_sentiment,mixed
raou3a,positive,kaggle_moroccan_sentiment,mixed
Maaaaaaaaasssssttttttaaaaaaa,negative,kaggle_moroccan_sentiment,mixed
Baaaaaalti ya 4ali,positive,kaggle_moroccan_sentiment,mixed
وليد التونسي برافو..ملك البلاتوه,positive,kaggle_moroccan_sentiment,mixed
yesser tayara,positive,kaggle_moroccan_sentiment,mixed
"Mounachet 7lilto, w ja3four a7la mel kol",positive,kaggle_moroccan_sentiment,mixed
"Yarje3 nawfel 5ir""",negative,kaggle_moroccan_sentiment,mixed
انسان ماصط لاصط قلاب و سارق,negative,kaggle_moroccan_sentiment,mixed
kil 3ada w kima mara inti ili tha7akna,positive,kaggle_moroccan_sentiment,mixed
Hhhhhh samsung na9la tasmim min sony xz li kheraje 2017 nari kaa ma brito t3i9o tate dhak 3likom samsung,negative,huggingface_darija_reviews,Arabizi
Tayara,positive,kaggle_moroccan_sentiment,mixed
Nnn wlh thfouna mouch normalll,positive,kaggle_moroccan_sentiment,mixed
Kafon  <3,positive,kaggle_moroccan_sentiment,mixed
بلاهي ناقسوا  من عار ركم فضحتونا رنا تونسا معناش هك  مخدرات وكبابيل ودخان  رنا مسلمين ونفكرك بحاجة اخري رنا في رمضان,negative,kaggle_moroccan_sentiment,mixed
بصراحة نحبها برشة لكن المرة ضهرتلي شريرة,positive,kaggle_moroccan_sentiment,mixed
خييت مرضة,negative,kaggle_moroccan_sentiment,mixed
لكزة هههههههههه....,negative,kaggle_moroccan_sentiment,mixed
Mra wa3liha leklam,positive,kaggle_moroccan_sentiment,mixed
"مقزز..مقرف..
سبب من اسباب انتشار الزطلة في صفوف الشباب هو المخلوق هذا و فن متاعو",negative,kaggle_moroccan_sentiment,mixed
نجلاء محلاك في التمثيل و في كل شي,positive,kaggle_moroccan_sentiment,mixed
اللهم صلي على سيدنا محمد وعلى أله وأصحابه أجمعين,neutral,huggingface_darija_reviews,Arabic
bravo  ...matesma3 klem 7ad w a5dem 3la rou7ek rabi i3inek,positive,kaggle_moroccan_sentiment,mixed
Tele zwin saraha lah irza9na whd bhalo et bravo 3lik akhoya char7 dylk zwin lah iwaf9ak,positive,huggingface_darija_reviews,Arabizi
Hhhhhh 7lowa,positive,kaggle_moroccan_sentiment,mixed
موضوع فارغ لا يستحق الإهتمام هناك العديد المشاكل الإقتصادية و الإجتماعية  في بلادنا تستحق الحديث عليها و معالجتها,negative,kaggle_moroccan_sentiment,mixed
برااااااااااااااااااااااااااااافوووووووووووووووووووو تفتق موش نورمال,positive,kaggle_moroccan_sentiment,mixed
"Maset laset
ماسطة
akber mareg fi tounes
برشه كلب في راسك ان شاء الله😑😏😏😏
Chlayek
،مااااااااسط لااااااااسط
Masset baaaaaaaaarcha
ماسط
akbar kaleb
بلاهي ملا مريض مقداد بربي لا عاد تجيبوه
ياخي شكيب لتو لا فهم روحو يا ولدي راك وليت كراكوز
amsat mounachat ritou
ممصتو ياسر لاعب فاها فاهم كل شي
maset mabldou w marakou nawfel 5ir menou
Mas9atha ezza7 3leh t9oul bo5tha .
Mast maye3refch. Ye7ki
Masset
Awled 9a7baaaaaa
maset w mouch motrobi
شيء مؤسف
Wejh elou7
la7aaas
اخيب مافي البرنامج لطفي وخاصة مايا بالمناسبة نحب نعرف وين قرات بش نعاودالتوجيه للجامعةاللي قرات فيها
mamstou w mabldou 9adeh ytaya7 la9darrrrr fi belou ythahekkk
سنبل اغا و الطحين قصة حب كبيرة :D
Masta yaser
Rhout hacha khli9t rabi barra yaętk ech bech y9oul fommi kalba w ma taswa chay ki inti keli jebouh hek lkhantha w hek lkalb lekbir tchaj3ou 3l fsed w radhila
استغفر الله و برة الشي الي صاير يحشم نشاله ربي يسمحنا ولله علامات الساعة هاذم و لاخر جاي يمد في وجهو و يدافع خيييييت عيفتوني في حياتي و احمد الاندلسي سيدك يا... لي تحكي عليه ياعاهرة ياعار على لمرا التونسية تڨعدي وهف يهزك
شخصية سياسية لا تفهم في السياسة
Ya mo9ded nagis milgofa rak 3mlt il3ar
Ta7on
rak maseeet raaak lassset rak sel3a kal5a ya mo8et mathmrek wmachabek
Ma5yabha ila9ta
خيييييت ممسط
مقداد سنبل آغا"" بالمساطة هاذي عمرو ما يطلعلك شعر في راسك",negative,kaggle_moroccan_sentiment,mixed
احسن مسلسل عجبني برمضنات كاملين,positive,huggingface_darija_reviews,Arabic
Mas9atha kalba 95tha rahi,negative,kaggle_moroccan_sentiment,mixed
Oussama Aissa hedha dhamer barcha,positive,kaggle_moroccan_sentiment,mixed
Mazynik,positive,kaggle_moroccan_sentiment,mixed
نور شيبا راك تهبل و كلكم بصراحة تهبلو ر,positive,kaggle_moroccan_sentiment,mixed
مقداد السهيلي عفاط,negative,kaggle_moroccan_sentiment,mixed
يا خويا كلمين كيف ولادوا المساطة و الغرور سبحان الله و علاش ايجيبوا فيهم و زيد لابس بلوطة تفيييه,negative,kaggle_moroccan_sentiment,mixed
متربي برشا و روحو خفيفة,positive,kaggle_moroccan_sentiment,mixed
mala kamcha zbel,negative,kaggle_moroccan_sentiment,mixed
Inmout 3lik y'a nour el8ali omnity nsalem 3lik rak mnawer tounes <3<3,positive,kaggle_moroccan_sentiment,mixed
"Fan de ce film, bravo 👏",positive,kaggle_moroccan_sentiment,mixed
Bravoo amin,positive,kaggle_moroccan_sentiment,mixed
Tfoh 3liik chiib wel3iib wel9beha la3nett allah 3liik,negative,kaggle_moroccan_sentiment,mixed
اول حلقة برشا ضرب و برشا بكا و برشا اثارة زادا برفوووووووا سامي,positive,kaggle_moroccan_sentiment,mixed
Mahlek walah wallit thabbel bezzin :*,positive,kaggle_moroccan_sentiment,mixed
Top hind thanks,positive,huggingface_darija_reviews,Arabizi
وحدو صبري كعبة موش نورمال   بصراحة....حتى بقية الممثلين برافو,positive,kaggle_moroccan_sentiment,mixed
yo9tel b dha7ek wasel hhhhhhhhhhhhhhhhhhhh 3andou barcha dhmar,positive,kaggle_moroccan_sentiment,mixed
Raw3a elmousalssel bravo bravo sami,positive,kaggle_moroccan_sentiment,mixed
Dawrha maajebnich,negative,kaggle_moroccan_sentiment,mixed
امين يعجبني من قبل,positive,kaggle_moroccan_sentiment,mixed
Neutrogena carcum a7saan wa7d takhli lwjah n9i wrtab,positive,huggingface_darija_reviews,Arabizi
malla jard w tfouh 3ali jaibou lil barnaimej,negative,kaggle_moroccan_sentiment,mixed
7lowa warda fi wset hiwar,positive,kaggle_moroccan_sentiment,mixed
هاد السلسلة خاصني ضروري نشوفها كلا نهار❤❤,positive,huggingface_darija_reviews,Arabic
Mahlek sami,positive,kaggle_moroccan_sentiment,mixed
Ouh alia oooooouh.,negative,kaggle_moroccan_sentiment,mixed
معلم .,positive,kaggle_moroccan_sentiment,mixed
برفووووو خديجة,positive,kaggle_moroccan_sentiment,mixed
3alami bourjoulya,positive,kaggle_moroccan_sentiment,mixed
"ريم فنانة و عليها لكلام  ماشاء الله عليها خلقة و خلوق و عمال وتزيد تزيان و حظور راقي منورة الشاشة التونسية  بالحق كانت حلقة استثنائية بوجود نجوم كيما ريم و هشام و زيد جابولنا انصاف ..       ......روعة....",positive,kaggle_moroccan_sentiment,mixed
Ma7lek Samia,positive,kaggle_moroccan_sentiment,mixed
ta7founa,positive,kaggle_moroccan_sentiment,mixed
فنانة كبيرة,positive,kaggle_moroccan_sentiment,mixed
Matfhek enti wbentek pffffffffff mla hala fik,negative,kaggle_moroccan_sentiment,mixed
Tfouh 3la hal kaleb,negative,kaggle_moroccan_sentiment,mixed
Bravo neji jaloul,positive,kaggle_moroccan_sentiment,mixed
tebéraka allah,positive,kaggle_moroccan_sentiment,mixed
Hata o5tha mas9tha ra9dt m3a rajel li t7bou o5tha tstahl,negative,kaggle_moroccan_sentiment,mixed
يا خسارة بعد كريار و ضمار طلع مش متخلق جتى طرف,negative,kaggle_moroccan_sentiment,mixed
شد عندك يا سي منذر اللحاسة اللي كيفك الكل ما حسوش بالظلم اما تبننوا بظلم الناس .اللي يصلي و اللي عامل لحية و اللي بمجرد انو يقول السلام عليكم و الحجاب و النقاب ... اللي يعملهم يتعاقب الحاكم ... تونس الكلها عايشا تحت ذاك الحكم كالعبيد و الرئيس و حاشيته و زوجته ينعمون بالخيرات و من الناس من ليس لديه قوت يومه اليس من ابشع انواع الظلم .. و لا يكتفى بهذا بل يتحالف مع اليهود الذين هم اعداؤنا منذ الازل و لا كتفي بل القائمة تطول و باختصار كان عميل و جبان و حقير و لن يعود الى تونس و ان عاد ستصبح تونس كومة من رماد بفضل الفتنة التى ستكون .... انت يا منذر حمار على شكل انسان اذا بن على شاغلك امشيلو و ارقدلو في حضنو يا ميب....,negative,kaggle_moroccan_sentiment,mixed
احملة نتواصلة و في رمضان اكثر يا قناة العهر,negative,kaggle_moroccan_sentiment,mixed
"الرّداءة ثمّ الرّداءة ثمّ الرّداءة.... عندما لا يجد المنشّط كلامًا يقوله, عندما تكون أسئلته صبيانيّة, عندما يكون ثقيل الظلّ, عندما يكون أحد ضيوفه ثملاً و يتصرّف و كأنّه أحد سكارى الحانات الذّي تزيّن له الخمرة كلّ من حوله و تصبح كلّ كلماته من نوع  هشام الخلصي.... عندما يكون أحد المحلّلين داعشي يتكلّم عن حلب منحاز لطرف ضدّ طرف في النّزاع السّوري و يسأل الضّيف (حسين الدّيك) عن البراميل التي تلقى على حلب و يصفعه الضّيف بإجابة أفحمته.... يكون المشهد يقترب إلى الدّراما منه إلى برنامج تلفزي يروّح عن النّفس.... فمتى ستلتفت الـHAICA لمثل هذه المهازل و توقفها فورًا, فالـ HAICA ليست فقط لمعاقبة التّلفزات و الإذاعات على التّجاوزات من نوع الإخلال بالحياء أو الثّلب و الشّتم, بل هي أيضًا مجعولة لوقف مثل هذه المهازل و الرّداءة .......",negative,kaggle_moroccan_sentiment,mixed
Macheallah,positive,kaggle_moroccan_sentiment,mixed
malla 5amij mouch kan mcha .......................,negative,kaggle_moroccan_sentiment,mixed
Dhaher masta.5atr mafih kan kmastin,negative,kaggle_moroccan_sentiment,mixed
ma7lehoum le5wet kif tel9ahoum ehnen   3ala eb3adhoum <3 <3,positive,kaggle_moroccan_sentiment,mixed
Mohamed Dekhil mahleeena,positive,kaggle_moroccan_sentiment,mixed
ڨداش نكرهّ لمرا لي تغنّي بالمصري,negative,kaggle_moroccan_sentiment,mixed
حط برشلونة خاسرة في بلادهاا بهييم هههههههههه,negative,kaggle_moroccan_sentiment,mixed
#جبري,negative,kaggle_moroccan_sentiment,mixed
عيب عيب عيب,negative,kaggle_moroccan_sentiment,mixed
ههههه كثر الهم يضحك قال لعائشه كي تقلك امشي زور قريه في مصر اسمها يوسف الصديق و امين باهت في الاسم بالك سمها على خاطر هالزنديق اسمها يوسف الصديق نسبه لنبي يوسف عليه السلام ملا كمشه جهال لموهم اليوم نخبة تونس في الخمش و العار و قله الحياء,negative,kaggle_moroccan_sentiment,mixed
لله يرحمو ناس طيبه ياسر,positive,kaggle_moroccan_sentiment,mixed
Wa7dek fek wahra a7santi wasli 3la hedha el men wel,positive,kaggle_moroccan_sentiment,mixed
Nn masta,negative,kaggle_moroccan_sentiment,mixed
TFOUH    3LIKOM LKOL,negative,kaggle_moroccan_sentiment,mixed
ihabil Mich normal,positive,kaggle_moroccan_sentiment,mixed
برافو ولييييد نحبك و اليوم زدت حبيتك اكثر ... معلم,positive,kaggle_moroccan_sentiment,mixed
برافو حلوا برشى الحلقة من ألمانيا صحة شريبتكم,positive,kaggle_moroccan_sentiment,mixed
mamstou hal 5ra,negative,kaggle_moroccan_sentiment,mixed
روعى بدر,positive,kaggle_moroccan_sentiment,mixed
"ماسط وساذج في تفكيرو .....وقت اللي انسان يربط بين الشهادة ( شهادة أن لا الاه الا الله)وبين ما اصطلح على تسميته "" خوانجية"" ....ما تنجم تكون كان بهامة وغباء لا حدّ له",negative,kaggle_moroccan_sentiment,mixed
Maître ya maalem,positive,kaggle_moroccan_sentiment,mixed
Botia tetsoumim :p,negative,kaggle_moroccan_sentiment,mixed
9atousa,positive,kaggle_moroccan_sentiment,mixed
التّملّق و الإذلال,negative,kaggle_moroccan_sentiment,mixed
انا بشرتي دهنية وكنديرها مدرتلي لا حبوب لا والو بالعكس كتخليلي وجهي رطب وكتفتح,positive,huggingface_darija_reviews,Arabic
تفوه عليگم إلي يدافعوا علي الموبن و القحاب و برافوا وليد التونسي,negative,kaggle_moroccan_sentiment,mixed
M3alem dima m7afelha,positive,kaggle_moroccan_sentiment,mixed
مستوى منحط ... جاهل متاع ...,negative,kaggle_moroccan_sentiment,mixed
مع الحيوان عديم التربية والاصل المسمى العبدلي اتفووووووووووووووووووووووووووووووووووووووووه,negative,kaggle_moroccan_sentiment,mixed
Matfahkom,negative,kaggle_moroccan_sentiment,mixed
ممثلة ممتازة و صاحبة قيم عالية,positive,kaggle_moroccan_sentiment,mixed
Metrobia barcha te3jebni barcha barcha,positive,kaggle_moroccan_sentiment,mixed
ya rbi mamsathaaaaaaaaaaaaaaaaaa,negative,kaggle_moroccan_sentiment,mixed
9alt 7aia,negative,kaggle_moroccan_sentiment,mixed
Bravo!! M3allem.,positive,kaggle_moroccan_sentiment,mixed
محلاها و محلا صوتها ربي يوفقك امونة 😘,positive,kaggle_moroccan_sentiment,mixed
Mamsatha,negative,kaggle_moroccan_sentiment,mixed
تاااااااافه موش تعمل نقابة كي تعمل أوسكار  او تونس فيها ثلاثة فنانين يتعدو على الصوابع,negative,kaggle_moroccan_sentiment,mixed
رائعين,positive,kaggle_moroccan_sentiment,mixed
اعتقد اذا لم تكن امريكا و المكسيك جاهزين فالمغرب جاهز لنقل الحدث عندنا و نكون بهذا قد نظمين كاس العالم 2026 و 2030 في سابقة تاريخية,positive,hespress_manual_khalid,Arabic
بصراحة مرأة و عليها الكلام أنا,positive,kaggle_moroccan_sentiment,mixed
hloua bracha,positive,kaggle_moroccan_sentiment,mixed
فنانة بڤد. ونقطة وأرجع لسطر,positive,kaggle_moroccan_sentiment,mixed
ما ثماش ما اسخف منو,negative,kaggle_moroccan_sentiment,mixed
tfih tou heth idha7k tfih 3la rmazetkom,negative,kaggle_moroccan_sentiment,mixed
Maaasset ma9itou matjibou,negative,kaggle_moroccan_sentiment,mixed
3aaaasla,positive,kaggle_moroccan_sentiment,mixed
kkkkkkkkkkk bravoo Hanén :),positive,kaggle_moroccan_sentiment,mixed
amset ou arkhess artiste fi tounes,negative,kaggle_moroccan_sentiment,mixed
مثاال لرجل الدين الميثاليي بتوفيق يا شيخ,positive,kaggle_moroccan_sentiment,mixed
وحدك يا جعفور في جو وضمار وأنتي ديما علي طبيعتك,positive,kaggle_moroccan_sentiment,mixed
Lebrens y'a ma3alm,positive,kaggle_moroccan_sentiment,mixed
ماسط ماسط لاسط 💩💩💩💩💩,negative,kaggle_moroccan_sentiment,mixed
Kyyyyyyyyt y'a kouya marznou w chkoun houwa akber dawer kdhah,negative,kaggle_moroccan_sentiment,mixed
فيلم مبرهش ديال بصح,negative,huggingface_darija_reviews,Arabic
Mala msata wtafhat wmasgrha,negative,kaggle_moroccan_sentiment,mixed
قناة الفساد,negative,kaggle_moroccan_sentiment,mixed
9awm lout,negative,kaggle_moroccan_sentiment,mixed
Nn dyal peau seche dartli ana lhbooob,negative,huggingface_darija_reviews,Arabizi
mzzelet elbarka bnet 3ayla yarhem weldinlemima eli 3arfet trabihom zeda,positive,kaggle_moroccan_sentiment,mixed
صافي سعيد راجل,positive,kaggle_moroccan_sentiment,mixed
شكيب كلب نهضاوي و كلب غير وفي ناقم ع الامنينين و نداء لكل أمني باش يرد بالو من ها الكلب المكلوب.,negative,kaggle_moroccan_sentiment,mixed
وهرة و زين و تربية و زيييد فوق من هذا صويت <3 واصل تبارك الله علييييك,positive,kaggle_moroccan_sentiment,mixed
mala tahana mouch rajil bled 9abi 9abi,negative,kaggle_moroccan_sentiment,mixed
واش بصاح فيها مشكل استهلاك الزيت,neutral,huggingface_darija_reviews,Arabic
Samsung dart lancement f d9a wahda ga3 les chaînes youtube la7oh daba,neutral,huggingface_darija_reviews,Arabizi
7sin dik fenen rai3,positive,kaggle_moroccan_sentiment,mixed
Rak masita rak lasita,negative,kaggle_moroccan_sentiment,mixed
احترمها.  واحترم.  كل ممثل.  ينقل لنا شخصيات  الواقع التونسي بكل مافيه  من ايجاببات وسلبيات,positive,kaggle_moroccan_sentiment,mixed
توفيق الغربي أبرز مثال للانحطاط .. أي تقافة ينجم يوصلهالنا انسان عديم الثقافة والأخلاق !!!,negative,kaggle_moroccan_sentiment,mixed
رسيه وخليه شويا عاد بداي تمسحي ، تينقي مزيان,positive,huggingface_darija_reviews,Arabic
يا همال ما زلتوا ما قلبتوش مناضركم ها الخمج,negative,kaggle_moroccan_sentiment,mixed
كلام جميل مالوش بديل.,positive,kaggle_moroccan_sentiment,mixed
الذوق الرفيع مشاء الله,positive,huggingface_darija_reviews,Arabic
برافو والله بردلي على قلبي .تونس بلد مسلم#,positive,kaggle_moroccan_sentiment,mixed
tbrklh aliha w rabbi yfathilhalik,positive,kaggle_moroccan_sentiment,mixed
Waywaaa!!!!,positive,kaggle_moroccan_sentiment,mixed
Karima khti allah ishl 3lik bghina mahl ikokn kay livrer ksiwat bnat men daw9ak rfi3 mhtajinou,positive,huggingface_darija_reviews,Arabizi
yhabal yassir ttyara,positive,kaggle_moroccan_sentiment,mixed
walah  wahdik  ya  lotfi  nes  lkol  y7ibouk,positive,kaggle_moroccan_sentiment,mixed
ساعات زوينين بزاف والستيل الاخير كحمق,positive,huggingface_darija_reviews,Arabic
Rajel fi kelamou,positive,kaggle_moroccan_sentiment,mixed
Bravo amine...j'aime,positive,kaggle_moroccan_sentiment,mixed
هذه الانسانة ضاربها الفشل من راسها للساقيها اذن تتوقع منها كل شي,negative,kaggle_moroccan_sentiment,mixed
الغلطة من كلام الناس لجيبينو واحد جاهل ما يعرفش يحكي,negative,kaggle_moroccan_sentiment,mixed
درتوا العار يا قناة الحوار مع هاليهودي مداهنة واضحة لليهودية وما تستغربوش شباب جاهلة توانسة يتعدوا لداعش من التبغديد .,negative,kaggle_moroccan_sentiment,mixed
عائشة  ياسر مصطنعة وما تتصرفش على طبيعتها تضحك تقول روبو,negative,kaggle_moroccan_sentiment,mixed
بلاهي نوفل البهيم هزوه فدينا منو,negative,kaggle_moroccan_sentiment,mixed
ديما متألقة :-),positive,kaggle_moroccan_sentiment,mixed
Knt dertha ana m3a retacnyl ms crème réparatrice et pourtant dart lia lhboub,negative,huggingface_darija_reviews,Arabizi
Klem enes meli chadou amin gara msatt maach netfarej fih,negative,kaggle_moroccan_sentiment,mixed
Rabi 5alilak lemima,positive,kaggle_moroccan_sentiment,mixed
Thhor mouch motrobbi jimla,negative,kaggle_moroccan_sentiment,mixed
nour chiba ye3jebni w men a7sen l fanani 5atrou insen mo5tarem w 8neh mo7tarem w rabi ya3tik ma titmana ya nour,positive,kaggle_moroccan_sentiment,mixed
ما أحقرَ بعض البشر..,negative,kaggle_moroccan_sentiment,mixed
يا مقداد واللّه ماسط بما تحتويه الكلمة من معنى :'(,negative,kaggle_moroccan_sentiment,mixed
ممتاز,positive,kaggle_moroccan_sentiment,mixed
لعنة الله على كل طحان بن طحان عاش وترعرع فالطحين !!,negative,kaggle_moroccan_sentiment,mixed
Chbih ta7an yeser na3lbouh l kalb,negative,kaggle_moroccan_sentiment,mixed
برافو وليد التونسي معلم و راجل,positive,kaggle_moroccan_sentiment,mixed
bravo rajel,positive,kaggle_moroccan_sentiment,mixed
tohfa wmeziyéna wtoktol b jooolie hhhhh,positive,kaggle_moroccan_sentiment,mixed
Mahleha maroucha,positive,kaggle_moroccan_sentiment,mixed
tayaraa 3al le5err ya3tikk sahaaa,positive,kaggle_moroccan_sentiment,mixed
الصببببررررررر يااااربي يزيه هانا حكا سيبوناا راهو فددناااا,negative,kaggle_moroccan_sentiment,mixed
ممثلة تحفونة برشة,positive,kaggle_moroccan_sentiment,mixed
Ma7leha simple est belle la 7omiiir la dobiiiii3',positive,kaggle_moroccan_sentiment,mixed
Ma7lek wallah 3asla,positive,kaggle_moroccan_sentiment,mixed
nhebk barcha  hiya wwajiha jandoubi,positive,kaggle_moroccan_sentiment,mixed
ممصطو ها الخياري,negative,kaggle_moroccan_sentiment,mixed
Tbarkalla 3lihom,positive,kaggle_moroccan_sentiment,mixed
ملا لكزة ممصطو هالكازي,negative,kaggle_moroccan_sentiment,mixed
مسط برشا,negative,kaggle_moroccan_sentiment,mixed
مواصفات ضعيفة بمقارنة بالثمن المبالغ فيه  الله إعز pocophone f3,negative,huggingface_darija_reviews,Arabic
amsset  mel mssoutiya bidha  ...........,negative,kaggle_moroccan_sentiment,mixed
Testa7a9 eta9dir,positive,kaggle_moroccan_sentiment,mixed
فتاة صادقة و مميزة و تعرف ماتقول الرجل مممممم حاب يعود زواج بتونسية و الاخر تبقى ديكور,positive,kaggle_moroccan_sentiment,mixed
جبرية جااااهلة,negative,kaggle_moroccan_sentiment,mixed
3ijbitni tha7ktou ya5i mazelt mawjouda,positive,kaggle_moroccan_sentiment,mixed
هدا هو سبب الفساد اللهم اجرنا من النار,negative,kaggle_moroccan_sentiment,mixed
A7le 3aycha :),positive,kaggle_moroccan_sentiment,mixed
من أروع البرامج,positive,kaggle_moroccan_sentiment,mixed
sl3a gzez,negative,kaggle_moroccan_sentiment,mixed
مخنثين ! مسيبين بلدانهم حروبات و ناس جواعا و حالة مركبة و جاي لتونس يتفينس و يسيب في انوثتوا 😤 تفوه عليكم و عاللي جايبكم,negative,kaggle_moroccan_sentiment,mixed
أجمل ما في الدنيا آش مزلت تحب......,positive,kaggle_moroccan_sentiment,mixed
خيييت مخيبهم هالمارك الي جايبهم ليوم و زيد لطفي لعماري مشلق ياسر على روحو الي هو مؤيد للانقلاب في مصر بالعربي كي ما يلقى لشكون يلحس يلحس للسيسي السفاح يطيح سعدك ها لطفي,negative,kaggle_moroccan_sentiment,mixed
Masta barcha,negative,kaggle_moroccan_sentiment,mixed
Dima Mnawir lamin,positive,kaggle_moroccan_sentiment,mixed
le meilleur ♡♡,positive,kaggle_moroccan_sentiment,mixed
اعلام الحجامة يل كلاب,negative,kaggle_moroccan_sentiment,mixed
chid imchoumik layji machwim ....,negative,kaggle_moroccan_sentiment,mixed
تفوه ملا أشكال,negative,kaggle_moroccan_sentiment,mixed
Bsara7a walid kber fi 3ini w7assitou RAJEL.,positive,kaggle_moroccan_sentiment,mixed
نكرها على خترها تشبه لطفلة رخيسة نعرفها,negative,kaggle_moroccan_sentiment,mixed
بصرحة شئ يحشم ومصح  رقعتك جاي لتلفزة وتحب دافع على المثلية راك هنتنا  وهنت التوانسة اللكل شئ يؤسف,negative,kaggle_moroccan_sentiment,mixed
Gayr 3adi ahla sitkom bravo sami,positive,kaggle_moroccan_sentiment,mixed
bravo wajiha,positive,kaggle_moroccan_sentiment,mixed
Ma7lékom,positive,kaggle_moroccan_sentiment,mixed
Mala mas5e ppffffff,negative,kaggle_moroccan_sentiment,mixed
yeeeessser masta la wetek la tamthil wla tanchit,negative,kaggle_moroccan_sentiment,mixed
Bravoooo jalloul,positive,kaggle_moroccan_sentiment,mixed
مقداد سهيلي مريض مهوش محترم معادش جيبوهلنا,negative,kaggle_moroccan_sentiment,mixed
بدون تعلوق,negative,kaggle_moroccan_sentiment,mixed
Sout 7lou rabi y3awnek,positive,kaggle_moroccan_sentiment,mixed
كريوك.. خنث.. تافه.. طحان.. ماسط.. جبري.. فاشل.. لكز.. عفش.. رهط.. فاسد.. متخلف.. مريض...,negative,kaggle_moroccan_sentiment,mixed
Khayb,negative,kaggle_moroccan_sentiment,mixed
"ربنا يشفيكي يا رحمه ويخليلك ابوكي احن اب فعلا تحياتي لشعب التونسي""",positive,kaggle_moroccan_sentiment,mixed
Rak masit lasit,negative,kaggle_moroccan_sentiment,mixed
"عملو العار . منافقين .... الى الان ""سيد الريس ""؟؟؟ ما هذا ايها الابله !! ما عادش يجيني شيء عجب في هالبلاد ..",negative,kaggle_moroccan_sentiment,mixed
محلى صوتها,positive,kaggle_moroccan_sentiment,mixed
قناة الشواذ,negative,kaggle_moroccan_sentiment,mixed
Sel3a zbela,negative,kaggle_moroccan_sentiment,mixed
كلب ولد كلب,negative,kaggle_moroccan_sentiment,mixed
M3allem.,positive,kaggle_moroccan_sentiment,mixed
Ma7lha,positive,kaggle_moroccan_sentiment,mixed
جعفور واصل على نفس المنوال,positive,kaggle_moroccan_sentiment,mixed
تونس تحترمك جعفور,positive,kaggle_moroccan_sentiment,mixed
حسبنا الله و نعم الوكيل,negative,kaggle_moroccan_sentiment,mixed
يعطيكم كارثة ياكلاب ياهمال يامرتزقة يافجار,negative,kaggle_moroccan_sentiment,mixed
بصراحة بيرم طلع ساقط,negative,kaggle_moroccan_sentiment,mixed
الّي ما عجبوش يبدّل القناة ملاّ متخلّفين متع وذني,negative,kaggle_moroccan_sentiment,mixed
7lowa lfaza,positive,kaggle_moroccan_sentiment,mixed
"توفيق الغربي ترهدين و طحين 
Mouherij
توفيق الغربي ولا مرة مثل دور ناجح و لاقال كلام معقول طول عمرو ايهز من الجابية و ايحط في الخابية .كان يرتاح احسن
me3jbniche
توفيق الغربي فاشل و عمرو ما نجح في حتي عمل مسرحي و قلبو أسود على النهضة خاترو تجمعّي بإمتياز
wahef lik wléha
اتفه برنامج
Kleeeb lkol
عيب
Brabbi kharjouh 3ar 3al hokouma w 3ar 3la thawra ken tji wahed kif Khaled chawket nate9 rasmi
الله لا تربحكم قناة الفسق والفجور
مقداد السهيلي مريض نفساني يمشي يعدي خير
الله لا تربّحكم ديما بفضايحكم
عندو النقص في روحو وخبي فيه بالغرور.ماسط وميع فش يحكي وديمة يشوف في روحو احسن فنان في تونس وهو معندوش اغاني حلوة
MOL7ED
mast last '
يا مقداد مخيبك راك لا تجي فنان ولا رئيس نقابة من أنت يا سنبل اغا؟؟؟؟؟؟؟؟؟؟؟؟
Harem 3ib w chaieb
Meeeeeeeerrrreg
تكركيرة على المسخرة بيّة الزردي ،،، زايد الحجرة ما تذوب وبيّة ما توب !! #يزّي_سيّب_المريول_امان راك عملت فضح  😂😂😂😂😁
يا سامي يا فهري التوا ما فقت بيه.. راهو ماااااصط ماصط.. ولله كي يبقا ينكت ال غدوة لا يضحكني
ممسطوا
ملخص توفيق الغربي : انحطاط و تفاهة و عدم احترام للآخر
Rkik
Mamestik wmamsat elkleb illi jabouk .mal la kemcha..m....!!!
belehy wa9tèsh y3awdouh ?
برنامج وقناة تلفزية بمساهمة الجمعية المثلية وشمس
تفووووووه عليكم ...نسيناكم   ملا فسخناكم..
شوف انت بطبيعتك ماصت وعمرك ما تولي تنجم ادضك أما إلي ضحكتهم هذوكم مرتزققة جابهم راس البصل باش اصفقو ويضحكو على كل شيئ بما فيهم  التفاهة والمصاتة متاعك ، أما في ما يخص تلغميجك على سي سليم حبيت انسخسكك ياخي لقيت شكون قام معاك بالواجب مشكور
قوم لوط
Manthir
معفطة برشة تي كيلو مكياج ما يزينكش روح يا وجه اللوح حتى تفوه خسارة فيك تحكي على سيدك وقت الي هو يمثل فاش كنت تهدم أنتي يا نكرة
Ana walah tsademt barcha bsarara7a mech mousalsel mta3 romthan allah yehdikom.
Ta7on
Mamestou bsara7a
حركة غير مقبولة و لا تكعس أخلاق مثقف
5et foooooooh 3liiikom
انسان مريض  ..
mamstek
Mouch 5ayib
makch tayara w makch m3alim
عاهرات
حيوان نعلة الله عليه
شخص تافه ويعجب إلى اتفه منو
ياخي ما تحشموش حتّى شويّة، راهي عايلات تتفرّج فيكم؟؟؟",negative,kaggle_moroccan_sentiment,mixed
mala hala mala ghneya pffffffffffffff,negative,kaggle_moroccan_sentiment,mixed
"Wahdek ya m3alem, mnawer bi hodhorek",positive,kaggle_moroccan_sentiment,mixed
الشيب والعيب,negative,kaggle_moroccan_sentiment,mixed
Tbarkala 3lih,positive,kaggle_moroccan_sentiment,mixed
وجيهة بالحوت عليك و على جماعة حمام الانف ..,positive,kaggle_moroccan_sentiment,mixed
Amine gara kelebbb w tefeh,negative,kaggle_moroccan_sentiment,mixed
تعجبني برشا عزة,positive,kaggle_moroccan_sentiment,mixed
amset mel msata,negative,kaggle_moroccan_sentiment,mixed
فكره حلوه و تضحك حتى نحن مستحقين الضحكه يعطيك الصحه يا سامى ربى معاك و يوفقك,positive,kaggle_moroccan_sentiment,mixed
هكذا تنكّرت حركة النهضة لمناضليها...سحقًا لغلافاتكم الحقيرة...,negative,kaggle_moroccan_sentiment,mixed
Yeserr tbal3iiit,negative,kaggle_moroccan_sentiment,mixed
mahlakom kol yli etmathlou,positive,kaggle_moroccan_sentiment,mixed
7nin w 9albou kbir,positive,kaggle_moroccan_sentiment,mixed
maset laset malla lokza,negative,kaggle_moroccan_sentiment,mixed
نتا احسن مول هواتف بالمغرب التخفيضات لا نهاية,positive,huggingface_darija_reviews,Arabic
A9waaaa wazyen moumathla tounsiya ....liliii yefhem wkol dawer yelezmou look mou3ayen,positive,kaggle_moroccan_sentiment,mixed
Rimzzzzzzz,negative,kaggle_moroccan_sentiment,mixed
brabi barou lahsou baiid alina nokba morda tjrs les mm sujets pfff,negative,kaggle_moroccan_sentiment,mixed
Maset yaaaaaser,negative,kaggle_moroccan_sentiment,mixed
هذه القناة لا ارى لها فائدة اصلا لا يهمه المواطنولا مصلحته ولا توعيته في كل ما يخصه ’’’’الذي يهمخا الإثارة وكيف تغنم الكثير من الأموال حتى ولو على حساب الناس ’’’’’  ربي يستر تونس   وخراب تونس من اولادها,negative,kaggle_moroccan_sentiment,mixed
rabi em3ak ya samir,positive,kaggle_moroccan_sentiment,mixed
Faday7,negative,kaggle_moroccan_sentiment,mixed
ila kan wejhek wekl de9 o kathsi bih nachf wakha bachrtk dohniya khoudih reh zwin ana reh 3endi obachrti dohniyaa okayheyd chwiya dyel les taches ms jdeeed walakin khasou lwe9t bzff,positive,huggingface_darija_reviews,Arabizi
علاش ميديروش بحال هاد المشروع فمدينة أكادير، لي ناس مضررين إلى غيشريو شي شقة كينزلو عليهم بأثمنة غالية بزااف,positive,huggingface_darija_reviews,Arabic
ساعة ذكية ممتازة,positive,huggingface_darija_reviews,Arabic
Mêla mon7at ye7sib fi ro7o Frank w noss w howa m jé chay ken masit lasit w lokza,negative,kaggle_moroccan_sentiment,mixed
أكبر عاهرة في تاريخ الفن التونسي,negative,kaggle_moroccan_sentiment,mixed
طحان الطرابلسية و تاجر مخدرات تحبوا تردوه عبد ومضلوم بالسيف وقت اللي كان احب انيك الحالة و ايعمل الباكوات مالغبرة الي دخلها في الكور هو و الترافكون الواعر أعضاء العصابة الطرابلسية,negative,kaggle_moroccan_sentiment,mixed
3jbni kan fayzi ben gmra dima 7a9i9i.,positive,kaggle_moroccan_sentiment,mixed
Tfouh 3lik ya bayou3,negative,kaggle_moroccan_sentiment,mixed
jalouli ya m3allem,positive,kaggle_moroccan_sentiment,mixed
Bravo bakitni,positive,kaggle_moroccan_sentiment,mixed
برافو وجيهة واصل انشاءالله بالتوفيق,positive,kaggle_moroccan_sentiment,mixed
brabi me3adch tjebelna lemlahet ki manel ..5iiiiiit fthi7a la sout la menther ..tet3alem fil finess bissif !!!,negative,kaggle_moroccan_sentiment,mixed
Aymen fanen w 3lih leklem 😍,positive,kaggle_moroccan_sentiment,mixed
جعفور يا معلم ربي يوفقك😍😍💓💓,positive,kaggle_moroccan_sentiment,mixed
من غير كذب يستحق الجوائز لطفي لانو من احسن الكومديين في تونس,positive,kaggle_moroccan_sentiment,mixed
نحترمو و نقدرو,positive,kaggle_moroccan_sentiment,mixed
احنا نعانو في الارهاب و نبحث عن طريقة لدحره من بلادنا و سي امين جايبلنا موضوع المثليين وناقشو فيه وكانه قمة التحضر  الا يعتبر هذا استفزازا للمتشددين و الدواعش باش يلقاوا ذريعة لهتك ارضنا  بالله جيبولنا مواضيع تبعث الامل و تعطي صورة مشرقة لتونس,negative,kaggle_moroccan_sentiment,mixed
شركه جميله ومنتجاتها رائعه عن تجربه,positive,huggingface_darija_reviews,Arabic
أسئلتك ياسر تافه و ماتعرش تحاور الضيف ننصحك إخدم الأسئلة بالباهى قبل ما تبدا الحلقة,negative,kaggle_moroccan_sentiment,mixed
لعنك الله واخزك في الدنيا والاخرة يا خامج هاك لي مازال .الحق ميش فيك في القناة لي جابتك .توا هذا التافه  عملينا قدر وجيبنا في التلفاز,negative,kaggle_moroccan_sentiment,mixed
Mahlahom,positive,kaggle_moroccan_sentiment,mixed
Mala marek :-/,negative,kaggle_moroccan_sentiment,mixed
ربي يعطيك على قد صدقك يا أحلى جعفور,positive,kaggle_moroccan_sentiment,mixed
bravooooooooooooo chakib yaser tayara kel 3ada hadha mouch chay jdid 3lina mennek walh m3alem ya weld tunis <3,positive,kaggle_moroccan_sentiment,mixed
محلا صوتها يهبل <3,positive,kaggle_moroccan_sentiment,mixed
ملة امارك وملة شلايك,negative,kaggle_moroccan_sentiment,mixed
هذا كله نتيجة النفاق والخداع الذي تعرفه دول افريقيا. فلو كان اتحادا صادقا فعالا بين كل الدول الافريقية لما طغت وتجبرت شردمة ضعيفة من الخارجين على القانون الدولي. فها هو المغرب يضرب من الأراضي الموريتانية وها هي مصالحه تدك في الأدغال المالية و كذلك بالنسبة للسينغال وموريتانيا ومالي ونيجيريا وبوركينا، كل هذه الدول تنهزم أما عصابة ممولة من فيروس شمال افريقيا، هذا غير ممكن.,negative,hespress_manual_khalid,Arabic
إشتري abd من بيم صراحة تيد مزيان عندهمكاين ديما كناخدو,positive,huggingface_darija_reviews,Arabic
يهبل جعفور وين مايمشي يحفلها ويضحكنا من غير ما يسيئ لأي شخص (y),positive,kaggle_moroccan_sentiment,mixed
إنسان معقد وما عندوش اخلاق,negative,kaggle_moroccan_sentiment,mixed
يا طحاااااااااااااااااااان,negative,kaggle_moroccan_sentiment,mixed
M3alma 5ouya sami,positive,kaggle_moroccan_sentiment,mixed
صحيح (y),positive,kaggle_moroccan_sentiment,mixed
الناس الكل تحبهابرشة برشة,positive,kaggle_moroccan_sentiment,mixed
مسلسل عالمي محلاها وللله بدموع ضحك,positive,kaggle_moroccan_sentiment,mixed
Bi5tisar m3alem yedhakerni b sofiene cha3ri alah yar7mo,positive,kaggle_moroccan_sentiment,mixed
كلب من لكلاب خماج شهر رمضان المبارك قلت لحيا هاو إلعهراة تتفرج,negative,kaggle_moroccan_sentiment,mixed
Baraaa rawa7 ya chakib marzinik makch cham chay m dinya l tsir,negative,kaggle_moroccan_sentiment,mixed
كثرلها بالمساطة -_-,negative,kaggle_moroccan_sentiment,mixed
Sì lemin 3jibetni lyoum,positive,kaggle_moroccan_sentiment,mixed
نوووفل خييير,positive,kaggle_moroccan_sentiment,mixed
"الحق في المخرج ميبون وعطاي ماشو في الممثلين.""",negative,kaggle_moroccan_sentiment,mixed
اسطه لاسطه,negative,kaggle_moroccan_sentiment,mixed
راجل ع خاطروا تجمعي نعل بوك و بو التجمع و بو التوانسه الي خلاو التجمع يرجع. في اول ايام الثوره كل واحد قواد و طحان تجمع هج الخلا توه وليت توري في الرجوليه. حشا خلبقه الرحمان .,negative,kaggle_moroccan_sentiment,mixed
توا هذه برامج يجيبوها ومن بعد يقولو شبي الشعب فسد,negative,kaggle_moroccan_sentiment,mixed
غالية بزاف..مكاينش شي تغيير ..غير غايتها. هداك هو التغيير لي درتوه..خليوها عندكم,negative,huggingface_darija_reviews,Arabic
قلت الحق يا وليد,positive,kaggle_moroccan_sentiment,mixed
لا فلح لا في التمثيل لا و لا السياسة,negative,kaggle_moroccan_sentiment,mixed
Tfouuuh ...kalba w ma8roura,negative,kaggle_moroccan_sentiment,mixed
أنا برجولية تعجبني,positive,kaggle_moroccan_sentiment,mixed
E7tarem rouhek chwaya rana mosilmiiiiiiiin ya bhima,negative,kaggle_moroccan_sentiment,mixed
Hhhh mech 3adi :-* me7leh hwa w bedr <3,positive,kaggle_moroccan_sentiment,mixed
Mahlah ya3jibni barch,positive,kaggle_moroccan_sentiment,mixed
الحمد لله . العزيمة تصنع المستحيل ربي يبارك,positive,kaggle_moroccan_sentiment,mixed
بية ماعيش عادية مخيبها صراحة انا متعجبنيش حتي طرف كل دقيقة وهي تهبط في المريول ياخي نسيت عمرها ولا شو,negative,kaggle_moroccan_sentiment,mixed
3AMLET ERI7A,negative,kaggle_moroccan_sentiment,mixed
arek nekta mastaaaaaaaaa,negative,kaggle_moroccan_sentiment,mixed
"مسلسل شذوذ الجنسي وقلة الاحترام وتشجيع القحاب على الزنا والخيانة ...""",negative,kaggle_moroccan_sentiment,mixed
Amma Barcha 7echma mch mte3 3ayelet😕😕,negative,kaggle_moroccan_sentiment,mixed
3ejbtnyyy mat5aylthechh hakkaaa nice smile you have ♡♡,positive,kaggle_moroccan_sentiment,mixed
عجوز متصابية,negative,kaggle_moroccan_sentiment,mixed
ناقص تربية يقول على امو جايبة ولد حرام و هو سادة جايب ولد حرام,negative,kaggle_moroccan_sentiment,mixed
Tbarkallah 3leha zin w sout,positive,kaggle_moroccan_sentiment,mixed
"ماسط ...
ماصطه لاسطه
مسلسل تافه",negative,kaggle_moroccan_sentiment,mixed
إن شاء الله تنقسوا شويا من قلة الحياء و زيد مسلسل في شهر فضيل ... :(,negative,kaggle_moroccan_sentiment,mixed
bravo a7la a7la #sitkoum😃 ya3tik sa77a ya sami chab3a dha7ik  3la sabri rabi waf9i9  nchallah,positive,kaggle_moroccan_sentiment,mixed
لطفي العبدلي اجمل فكاهي في تونس ربي معاك,positive,kaggle_moroccan_sentiment,mixed
Ya chi5 te3jebni wiklemek zin,positive,kaggle_moroccan_sentiment,mixed
m3alma,positive,kaggle_moroccan_sentiment,mixed
كريطة,negative,kaggle_moroccan_sentiment,mixed
حتى ما تفوتك بحتى شىء...هي راقصة عاهرة .............و انت راقاص بن علي,negative,kaggle_moroccan_sentiment,mixed
balech 9elet adab :3,negative,kaggle_moroccan_sentiment,mixed
أحترم هذا الرجل كنائب في مجلس الشعب أكثر منه كنائب في المجلس التأسيسي  ربما الخبرة أو قضية بنك لازار التي زادت في شعبية سي مهدي.,positive,kaggle_moroccan_sentiment,mixed
Garnier blach akhti,negative,huggingface_darija_reviews,Arabizi
صدقني ماسط و اسطك منه مثاماش.اقزززز.عامل روحااا صاحب جووو.هذه مستويات.ي,negative,kaggle_moroccan_sentiment,mixed
Safi y'a m3allem,positive,kaggle_moroccan_sentiment,mixed
رغم أني أظن أن ما يقع وراءه الجزائر ومرتزقتها، إلا أني أرى أن هذه الأحداث ستساهم في لجم جشع الشناقة الذين لا يهمهم سوى الربح المادي على حساب القدرة الشرائية للمواطن المغربي فيما يتعلق بنهب خضروات المغرب والعمل على رفع أسعارها بالداخل.ما لم تستطع عمله حكومة الريع لتحسين معيشة المغاربة سيتحقق إن شاء الله بفضل هذه الهجمات التي تستهدف شاحنات المضاربين بعيش المغاربة. فمزيدا من حرق شاحناتهم .,negative,hespress_manual_khalid,Arabic
As9et w amsa5 machoft fi 7yati,negative,kaggle_moroccan_sentiment,mixed
m3alem   baredli   3la   9albi,positive,kaggle_moroccan_sentiment,mixed
فليم ولا روعة قتلني بضحك😂💗🌰🤙✅,positive,huggingface_darija_reviews,Arabic
wouuuuuuuuuuuuuuuh 9adeh mogleg za7 mohamed jbeli,negative,kaggle_moroccan_sentiment,mixed
chay tayera wawawawawa walah,positive,kaggle_moroccan_sentiment,mixed
اسمها فلة وهي فلة  صوت رائع  فنانة بأتم معني الكلة الله يحفضك,positive,kaggle_moroccan_sentiment,mixed
ههههههه شعب منافق,negative,kaggle_moroccan_sentiment,mixed
"و من داخل من داخل طحان .""",negative,kaggle_moroccan_sentiment,mixed
"توفيق الغربي عار عار على الثقافة وعلى القناة
برجوليا ما يعجبنيش ماسط لاسط ؤ ما يعرفش يحكي.
Allah la tberkilhom
ma5yeb mandareha
Hhhhhhhh hraam 3liiiiiik :( XD
ماسط
Floooooooooop .......
عامل فيها ضامر لكن طلع جالغ و  وقع في فخ  المقدم  الماسط للبرنامج
Mala 7ftrich
لا متعجبنيش
ma3jibnich :(
يا جماعة أخطاكم ما دخلوش الإفريقي في تفدليكم الماسط راهو قدركم باش يطيح هذا كان عندكم قدر أصلا
Maset laset
تفووووو أعليك برشا خمج او قلة حياء الواحد يحشم أعلي روحو عايلة ملمومة او إنتا إتوري كان في الخمج إمتاعك تفوووو او ألف تفوووو شئ إيحشم تحكو كان عالعار او الفضايح راكم أولاد حرام تفووووو
رجعولنا شكيب خير مالكارثة احلام كمرجي راهي كارثة توجع الراااس، انتوما صرفتو كملو بدلونا امين ياسر ماسط
berjouliya me 3ejbetnich   mennek ye amin rajel 4ifek w enty melly d5all tchallek  fih 
Mala 7ela metfhou wmamstou
يا مقمل
Kolkom 3fech 3fech pffffff
ما يعجبنيش جملة ..وعمري لا تبعتلو مسلسل....
Offfffff mn baya ezzordi ltaw ma 7aba tekber w taaml 39alha
miboun
Khwenji
امسط منوا مريتش سنيه كلفأر ملا رهط تفوووووووووووه عليه
هو مختار اللحاس من مرتزقة التجمع شكونو ؟؟؟
tfouuuuh
ma3ejbetnich fi dawr hasna
Enti ensane malade tefouh
ملا مناظر، حاشى خليقة الرحمان
شبه انسان مقزز و مقرف،
mana3rach 3leh n7esou mounefe9
تفوه عليك و على الى رباك
رخيس استغلها كي عادت غبية كان قادرة ديرلو فيلم من هنا نستنتج انها غبية
maset laset
e3lem l3ar 9anet esra2ileya bi atem ma3na lkelima , fi ch'har fdhil shouf fesh y3almou fil ajyel tfouuuuuuuh 3likom ye kleb ajyel dha3et fi jorrret kamsha masikh
Masseetttt
mamsathom
انا نلوم علي امين قْاره إلي   جابو مصطها الحلقة و اطيّح من مستوا البرنامج
الله لا ترابحكم بجاه أشهر المفضل
يعيش بتفهات لانه ببساطة تافه
Barcha 9ohibb
Bara mamsetkom 5omej homel.
مخيبو و ممسطو
tefeh
Khiiiiiit
نحب نعرف شكون إلي حط مقداد السهيلي نقيب لا ذوق لا منطق كان الفص و قلة الفرص حتى الكاريار متاعوا ما يجيش في جينيريك مسلسل نقابة ماذا أيها الأملس 😒😒
mrid masset lasset
مرزن ملايكتو و مدافع علي الترويكا
بفففففف عملتو العار
Masset el mousselsel w kathrelha bel ketheb
مخيب راسها
ميضحكنيش :-\ :-\
Mathroub fi rou7ou
La79i9a mouch metrobii
من كثر المساطة هاني غيرت القناة ابقو فيها انتم و محرزية و شكيب
Pppppppppffffffffffffff
كل مرة شلاكة جايبين
MAMSTOU
Pff
مسلسل ايباحي هذا شنوا قلة الحياء رانا فى شهر فظيل
مسلسل تافه
Maaaaaasta mbarah khir
مقطع حموم في حموم اللطف و براااا
mast yaser
maset laset bsaraha
بصراحة انت مقزز",negative,kaggle_moroccan_sentiment,mixed
كارثة 😡,negative,kaggle_moroccan_sentiment,mixed
Tjoubir,negative,kaggle_moroccan_sentiment,mixed
walk-in dak la crém dyal garnié kolchii kaygol khyb,negative,huggingface_darija_reviews,Arabizi
masa7ech mata3rach tsou9 hh <3,negative,kaggle_moroccan_sentiment,mixed
والله هذي فضيحة قناة  اتروج للمثلية هذي كيما الزنا و أقبح كيم قال أحمد شوقي  انما الامم الاخلاق ما بقيت ان هم ذهبت اخلاقهم ذهبوا,negative,kaggle_moroccan_sentiment,mixed
ماسط لاسط الشيب و العيب,negative,kaggle_moroccan_sentiment,mixed
منحط و تافه اخخه,negative,kaggle_moroccan_sentiment,mixed
😠😠😠😠😠😠😠😠😠,negative,kaggle_moroccan_sentiment,mixed
bravo kafon ya m3adhebhoum :*,positive,kaggle_moroccan_sentiment,mixed
مروة دائما حويجها غزالين تبارك الله عليك ❤👍👍👍👍👍🌹🌹🌹,positive,huggingface_darija_reviews,Arabic
T3adi ro7ha,positive,kaggle_moroccan_sentiment,mixed
بان ليا ثمن زايد شوية,negative,huggingface_darija_reviews,Arabic
أحلى رمضان على أحلى قناة تونسية و إلي موش عاجبو يعاونا بسكاتوok,positive,kaggle_moroccan_sentiment,mixed
Ta7on :*,negative,kaggle_moroccan_sentiment,mixed
لا حول ولا قوة الا بالله.,negative,kaggle_moroccan_sentiment,mixed
ياسر فييييييييينو,positive,kaggle_moroccan_sentiment,mixed
Trop classe te3jbni w kol wehed 7or fech yelbes w kil aada ahna ki ti7 lbagra tokthor skekenha saybou tofla te5dem ma7leha w ma7la klemha,positive,kaggle_moroccan_sentiment,mixed
Ta7an,negative,kaggle_moroccan_sentiment,mixed
Zwinnn anadayrah crème hydratante o3ndi peau grasse,positive,huggingface_darija_reviews,Arabizi
Slm khou brinak tkalme 3la redmi 12 pro la3zz khouya,neutral,huggingface_darija_reviews,Arabizi
Tfouh ala din waldik ya farkh kabboul,negative,kaggle_moroccan_sentiment,mixed
Ti3jibni barcha mraa mas2oula bravo,positive,kaggle_moroccan_sentiment,mixed
mas9tou w mas9atha,negative,kaggle_moroccan_sentiment,mixed
Mamstouuuuuu👎👎👎👎,negative,kaggle_moroccan_sentiment,mixed
١٠٠ ألف درهم ولما تزور مستشفى الطبيب غير موجود وإذا كان موجودا يعطيك موعدا لسنةهذه الأجرة لا يأخذها الطبيب المتخصص حتى في فرنسا زيادة على ذلك الطبيب في المغرب يعمل عملية واحدة في المستشفى العمومي وعشرات العمليات في مصحته الخاصةالكل أصبح يلهث وراء الربح السريع الله أيجيب ألي فيها الخير أما البلد راح للهاوية,negative,hespress_manual_khalid,Arabic
Baravooooo بيرم,positive,kaggle_moroccan_sentiment,mixed
Mmstou,negative,kaggle_moroccan_sentiment,mixed
ياسلاممممممم روعة ماشاء!!!!!  هو وفندق لوفرمون بالقرب منه روعة ولا في الاحلام!!  ياسلام مشيت لهم  بجوج اروع ما شفت عيني وتبارك على المسيرين ياسلاممممممم راءعين!!!!!!! اللهم لاتحرم شي وحد من قضاء فيه ولو يوم واحد!!!!!,positive,huggingface_darija_reviews,Arabic
Barvoooooo ama enhbo na3rfo achkon weld chrif haki fayda,positive,kaggle_moroccan_sentiment,mixed
Maset laset,negative,kaggle_moroccan_sentiment,mixed
لا فيكم واحد ينفع كان الكذب و النفاق,negative,kaggle_moroccan_sentiment,mixed
Ja3four ma7boub el twensa ♡,positive,kaggle_moroccan_sentiment,mixed
mala lebsa piiiiif,negative,kaggle_moroccan_sentiment,mixed
t3jjibbni,positive,kaggle_moroccan_sentiment,mixed
وراه حازقين,negative,huggingface_darija_reviews,Arabic
Ensen tefah ch5aleh mahabech ye7ki m3a chakib 3arfou bech y5arjou min ghir sabatou hhhhhh,negative,kaggle_moroccan_sentiment,mixed
Tayaraaaa,positive,kaggle_moroccan_sentiment,mixed
هاجر بحبوحة و هندة مزيانة هاجر مقربعة و هندة رزينة اما الزوز مترين و بنات اصل ربي يفضللكم سي محمود المفرمي هههههههه برافووو هاجر,positive,kaggle_moroccan_sentiment,mixed
Masta mafamech kifha hasba rou7ha franc wenos whiya matjich Chay,negative,kaggle_moroccan_sentiment,mixed
فدلاك و ضامر,positive,kaggle_moroccan_sentiment,mixed
Mala mridha,negative,kaggle_moroccan_sentiment,mixed
Ka3ba la w maja chay w marzen damo,negative,kaggle_moroccan_sentiment,mixed
rajel w sid rjel,positive,kaggle_moroccan_sentiment,mixed
جعفور معلم .. حفلتهاا و عملت جو ليلة عال قليلة .. 🙌🙌🙌,positive,kaggle_moroccan_sentiment,mixed
Yeser dhamer amir w bliiiiiiid hhhh bravo :-),positive,kaggle_moroccan_sentiment,mixed
Rawra,positive,kaggle_moroccan_sentiment,mixed
M3aaalem weli 3ala lseno y9olou ! W rabi yechfilek El wled !,positive,kaggle_moroccan_sentiment,mixed
te3jbnii <3,positive,kaggle_moroccan_sentiment,mixed
الله خليك العنوان ديالكم الله يحفظك ❤,positive,huggingface_darija_reviews,Arabic
ياسر يعجبني ربي معاه,positive,kaggle_moroccan_sentiment,mixed
"في هاته السنة تفوقت أيفون على سامسونغ
13 Pro Max أفضل من
S22 Ultra",positive,huggingface_darija_reviews,Arabic
"catastrophe meskina""",negative,kaggle_moroccan_sentiment,mixed
N7bhhhhaaaaa,positive,kaggle_moroccan_sentiment,mixed
Ina wahd knti wakhdaa f cerave ?,neutral,huggingface_darija_reviews,Arabizi
Tanja7,positive,kaggle_moroccan_sentiment,mixed
Rabi ma3k samir,positive,kaggle_moroccan_sentiment,mixed
تقتل ماشاءالله ربي يحميها الزين الأسمر وحدو,positive,kaggle_moroccan_sentiment,mixed
ممرڨها و ممسطها,negative,kaggle_moroccan_sentiment,mixed
انسان تافه و مهرج ﻻ عﻻقة له ﻻ بالفن و ﻻ الاخﻻق...متخلف و كغى,negative,kaggle_moroccan_sentiment,mixed
سببتم لنا العار نحن نعاني من صدمات العقلية المتردية وانتم تسببون لنا الاحراج مع المصريين الرخيصين و عندما لايجدون حلا يشتموننا بكم,negative,kaggle_moroccan_sentiment,mixed
من أحسن السيدكومات هههه برافو,positive,kaggle_moroccan_sentiment,mixed
برامجكم تافهة و نسبة المشاهدة مش دليل علی النجاح .حاولوا تتفرجو في برامج القنوات العربية توا تعرفوا قداشكم فاشلين بداية من الديكور و الأزياء الی الأسلوب في الحوار و النقاش. وقتاش باش تتعلموا!!!,negative,kaggle_moroccan_sentiment,mixed
خرّف ..,negative,kaggle_moroccan_sentiment,mixed
Naaadi bzaf,positive,huggingface_darija_reviews,Arabizi
Yaser masta 😣,negative,kaggle_moroccan_sentiment,mixed
Rabi m3k wi3awnik,positive,kaggle_moroccan_sentiment,mixed
لا ختي تترشيه تخليه شوية تحيد كعا طبايع,positive,huggingface_darija_reviews,Arabic
تبارك الله عليك، هادشي رائع,positive,huggingface_darija_reviews,Arabic
عيب تقلو علي سي الطاهر هكا هههههه تي والله عيب شويا السبان واحد ملحد كيف هكا لازمو يتسب في جمل طاويلة باش الواحد يقرا و يتبنن فماش ما تبردولي على قلبي.,negative,kaggle_moroccan_sentiment,mixed
برجولية عجبتني با ميسترو برسمي وليت صاحبي برافوووووو,positive,kaggle_moroccan_sentiment,mixed
Hhhhhhhhhhhhhhhhhh wlh gtelni bdha7k,positive,kaggle_moroccan_sentiment,mixed
سوال للقحاب اللواط حرام و القحب حلال,negative,kaggle_moroccan_sentiment,mixed
ممتازة شكرا لك,positive,huggingface_darija_reviews,Arabic
أنيقة برشا محلاها 👍,positive,kaggle_moroccan_sentiment,mixed
راك عجبتني كي رديت عالمنجمة العرافة  كان تعمل مزية ربي العبدلي,positive,kaggle_moroccan_sentiment,mixed
كان جاء انجم يعرض البارا راهو عرض ماسط لاسط,negative,kaggle_moroccan_sentiment,mixed
رجل والرجال قلائل,positive,kaggle_moroccan_sentiment,mixed
خير من نوفل,positive,kaggle_moroccan_sentiment,mixed
Maset,negative,kaggle_moroccan_sentiment,mixed
Mnawra,positive,kaggle_moroccan_sentiment,mixed
mmeeeeereg,negative,kaggle_moroccan_sentiment,mixed
شعب كرمبيط و كي هو كي لطفي بكلهم شلايك و الفلوس عماتهم,negative,kaggle_moroccan_sentiment,mixed
بصراحة وهرتوا وحدها ديما مشيخنا   لمعلم <3,positive,kaggle_moroccan_sentiment,mixed
Pffffff skenti fi elhiwar tounsi,negative,kaggle_moroccan_sentiment,mixed
بصراحة انا معجبتنيش الفازة... اختي غلطت لكن مستحيل نبيع اختي... نستر عليها موش نصلح الغلط بلغلط.... سامي فهري معلم.... لكن في مسلسلاتو برشة تجاوزات ايديولجية  من صعب المجتمع يقبلها برغم انها موجودة فيه... والله شيء ايوقف المخ....,negative,kaggle_moroccan_sentiment,mixed
bourjolya m3alemmm we rajel bi atem ma3na el kelima we wa9ftou m3a bouh akbere dalil,positive,kaggle_moroccan_sentiment,mixed
الملامة مش عليه الملامة علي يعيطلو سي مقداد . مثال للثرثرة و الهروب بالموضوع و سوء المنطق امنيتي كلامي يتحطلو بلاكة قدامو,negative,kaggle_moroccan_sentiment,mixed
Tga3ed bot jey méded wejhek fi télévision e7chem 3ala rou7ik moustawayet,negative,kaggle_moroccan_sentiment,mixed
"M3alem amine w3andou 7ajet ya3mel  jaw  tbarkalah 3lih netmanew nchofouh dima fi klem ennes ... 5ir men naoufel lwartani 3andou barcha ri9 .,.,",positive,kaggle_moroccan_sentiment,mixed
Review parfait  très Bon produit,positive,huggingface_darija_reviews,Arabizi
ما امسطكم وما اغباكم  كلكم تفاهة ومساطة,negative,kaggle_moroccan_sentiment,mixed
امسط اعباد ربي كان تكون راجل معادش توري وجهك في اي قناة. فماش واحد قال فيك كلمة  حلوة.      ارخيس.   واطي    واادلاجي الي تحكي اعلية شهرتو اكثر منك بالف مرة,negative,kaggle_moroccan_sentiment,mixed
walahi mat5ibech,positive,kaggle_moroccan_sentiment,mixed
Hayder Ali guedd ere7la lahné hhhhh,negative,kaggle_moroccan_sentiment,mixed
انا عندي و مكنستعملوش بزاف اولا الريووس ديالو ماواصلينش لقاع ديك الباسينة بمعنى انه خاصك تشديوه فيديك و ثازيا كتخدمي بيه شوية كيسخن و كيعطي الريحة بحالا غادي اتحرق.,negative,huggingface_darija_reviews,Arabic
يهلكهم ربي,negative,kaggle_moroccan_sentiment,mixed
شماتة وفي شهر رمضان.قداش شفت العجب في الفيسبوك.وكان الناس الكل ما عندهاش ضمير ولا قلب ولا خوف من ربي.الي يتشمت يجي يوم ويتشمتوا فيه.اتقوا الله في خلقه.وما تنساوش .... دين تدان.,negative,kaggle_moroccan_sentiment,mixed
Mihrzia w zid chakib w zid 3lihom hekik marth amine guara mebldou w mamsstou w marznou he lokza,negative,kaggle_moroccan_sentiment,mixed
منور حسين مرحبا بيك في تونس انشاء الله نشفوك في المهرجانات الصيف هذا.,positive,kaggle_moroccan_sentiment,mixed
خامجة من خامجات المجتمع التونسي الحديث,negative,kaggle_moroccan_sentiment,mixed
Bravooo awel mara y3jebni klamek,positive,kaggle_moroccan_sentiment,mixed
Bravoooo :-),positive,kaggle_moroccan_sentiment,mixed
الأثمنة ماشي في متناول الجميع صراحة سلعة غالية.عندنا في تطوان أحذية وصنادل ماركة اسبانيا وديال الجلد الا غلاو ثمنهم 250,negative,huggingface_darija_reviews,Arabic
مبدع هذا الصافي السعيد الاستماع اليه افضل من الاستماع لجميع قمامات الاعلام يستحق جائزة نوبل في الخطابة على ثقافته و ابداعه.,positive,kaggle_moroccan_sentiment,mixed
te3jebni yesser eleguente,positive,kaggle_moroccan_sentiment,mixed
malla manadher,negative,kaggle_moroccan_sentiment,mixed
Zabel zbela,negative,kaggle_moroccan_sentiment,mixed
معلم من قبل كبير وزاد كبر في عيونا عندو قلب كبير,positive,kaggle_moroccan_sentiment,mixed
برا روح موش متاعك الفن,negative,kaggle_moroccan_sentiment,mixed
تجمعي ماسط,negative,kaggle_moroccan_sentiment,mixed
محلاهم هالخوات   واش خص جات عندي وخية ربي يلم شملهم انشاء الله,positive,kaggle_moroccan_sentiment,mixed
نسيبتي لعزيز فيها كان لمسوتيا ملا حاسبين إلمسلسل أضحك أما هو بكل تقوعير,negative,kaggle_moroccan_sentiment,mixed
"بصراحة قدييييييييم ياسر""",negative,kaggle_moroccan_sentiment,mixed
Yessr sari7 belnesba liya ena te3jbni barchaa bravo wasel,positive,kaggle_moroccan_sentiment,mixed
Walid ya m3alem dima mnawerna w berasmi klemk kol fi blastou (y),positive,kaggle_moroccan_sentiment,mixed
انا نحبووو خاطرو نيه و قلبو نضيف,positive,kaggle_moroccan_sentiment,mixed
البلاد داخلة في حيط.. و هذا واحد ملي يبنيو في الحيط,negative,kaggle_moroccan_sentiment,mixed
A7la ja3fer bravo w ya3tik sa7a wasel,positive,kaggle_moroccan_sentiment,mixed
zabor,negative,kaggle_moroccan_sentiment,mixed
"حلقه عالميه""",positive,kaggle_moroccan_sentiment,mixed
تبرك الله علك أخوي زين تحياتي لك من وجدة,neutral,huggingface_darija_reviews,Arabic
Haycha w bhim w dhaya3 fiha,negative,kaggle_moroccan_sentiment,mixed
Bravoooooo   sami,positive,kaggle_moroccan_sentiment,mixed
برافو خديجة ممثلة بارعة يعطيها الصحة,positive,kaggle_moroccan_sentiment,mixed
Berrasmi khiit lotfi,negative,kaggle_moroccan_sentiment,mixed
offfffffffff karahtna fel fan ya weldi sayb 3lina mn tbahbir ezeyd,negative,kaggle_moroccan_sentiment,mixed
لعنة الله عليكم وتزيدو تشهرو بيه هالمسلسل الخشين والله ما يمثلو فيه كان أولاد الحرام انشاء الله ربي يهلكم في هالشهر الفضيل وزيد على هذا ما يتفرج في هالمسلسل متاعكم كان المسخ إلي كيفكم,negative,kaggle_moroccan_sentiment,mixed
Te7foune,positive,kaggle_moroccan_sentiment,mixed
احسنت استاذ,positive,kaggle_moroccan_sentiment,mixed
bravooo sami fehri ama 3lech met liprince min awel 7al9a,positive,kaggle_moroccan_sentiment,mixed
mamestou w mela met5alef maye9belech il klam iheb ken yechekrou men a5yeb il hal9at mafhemtech amin 3lech ijib fih,negative,kaggle_moroccan_sentiment,mixed
توى هاذي غنايا مرخصها,negative,kaggle_moroccan_sentiment,mixed
Mahléhoum l5wet ki haka,positive,kaggle_moroccan_sentiment,mixed
أفضل ساعة بمميزات رائعة,positive,huggingface_darija_reviews,Arabic
الناس تكبر تعقال..والاقحاب هذوما يكبرو يزيدو يخشوا الخلاء,negative,kaggle_moroccan_sentiment,mixed
خفيف روح و ذكي و هذي وصفة كل منشط ناجح ...بالتوفيق,positive,kaggle_moroccan_sentiment,mixed
Le traba7ha mazyenha,positive,kaggle_moroccan_sentiment,mixed
Bsara7a nawfele wa7dou,positive,kaggle_moroccan_sentiment,mixed
3asoula ma7la zienha fi kol chay,positive,kaggle_moroccan_sentiment,mixed
ملة قعر,negative,kaggle_moroccan_sentiment,mixed
أنا لا أعرف ماذا يستفيد الشعب والوطن من إفريقيا إلا الكوارث فحتى المستثمرين هناك فهم ليسوا بمنأى عن هذه الكوارث لأن هذه الدول تتغير بسرعة مثل الحرباء لا في المواقف ولا في الاستقرار، فكيف نضيع أموالنا وخيراتنا هناك وللأسف أضفنا إلى كل هذا استقبال جحافل بالآلاف من المتسولين والفوضاويين الذين يثيرون الرعب في البلاد.,negative,hespress_manual_khalid,Arabic
Telphone zouinin bon qualitee,positive,huggingface_darija_reviews,Arabizi
Pppffff شى كبير فى المساطة,negative,kaggle_moroccan_sentiment,mixed
tafih,negative,kaggle_moroccan_sentiment,mixed
Maaaaaaaaaaassssssettttttt......,negative,kaggle_moroccan_sentiment,mixed
مع كامل احترامي لهاد الحكومة كفاكم نفاقا و تحضيرا للانتخابات من دابا ، نتوما عارفين عمر شب طبيب جراح يوصل اهداك المبلغ ديال عشرة ملايين باستتناء بعض اساتدة كليات الطب لي كاتجري عمليات معقدة من المستوى التالت ، اما فالصبيطارات ديال الله يحسن العوان مافيهمش الامكانيات باش دير ثلات و اولا اربع عمليات فالشهر بدون ما المريض يمشي يشري ماتريال او مستلزمات جراحية راه غير كاتكدبو على الناس و صافي و ديرو الفتنة على صحاب الصحة قدام المواطنين ، و تانيا هاديك ماشي زيادة في الأجر هاديك الرتبة لي كان خاص يتخرج بها من قبل دارت في اطارها القانوني بلا ماتفلاو، راه كلشي عايق بيكم كفاكم بهرجتا يا أيتها الحكومة,negative,hespress_manual_khalid,Arabic
يعععععع ملا مساطة هابطه منو كان مشيت خدمة فالفلاحة خيرلك تو تتعلم الرجولية,negative,kaggle_moroccan_sentiment,mixed
تقعدوا طول عماركم اعلام عار .. اوصلوا لمستواه و بعد احكيو,negative,kaggle_moroccan_sentiment,mixed
باهي إنشاء الله,positive,kaggle_moroccan_sentiment,mixed
Ui ma7leha ki yafra7 ezaweli <3,positive,kaggle_moroccan_sentiment,mixed
mahboula,negative,kaggle_moroccan_sentiment,mixed
A5le9 3alya yesser Bravo wajiha #Respect <3,positive,kaggle_moroccan_sentiment,mixed
يا تافهين يا لحاسا يا عبيد ...يا من خان الثورة و شهدائها سنلعنكم ويلعنكم الوطن صباحا و مساء حتى نعيد حقنا و حق شهدائنا الأبرار وحق تونسنا,negative,kaggle_moroccan_sentiment,mixed
bel3aks ye3jebni tamthilha <3,positive,kaggle_moroccan_sentiment,mixed
khdito comme gel douche ma3jabnich,negative,huggingface_darija_reviews,Arabizi
نحبك يا احسن فنانة,positive,kaggle_moroccan_sentiment,mixed
yezzi bla dharbane lougha rana t3ebna rak 7aj ya 7aj hhhh,negative,kaggle_moroccan_sentiment,mixed
"الايفون ارخص وافضل واجمل 
فخامة التفاحة تكفي 😍",positive,huggingface_darija_reviews,Arabic
Tbrkallh 3likom,positive,kaggle_moroccan_sentiment,mixed
Bravoooio,positive,kaggle_moroccan_sentiment,mixed
مضيعة ديال الفلوس و صافي، و الضحك على العقول الصغيرة اللي كاتثبت راسها بهاتف ولا طوموبيل و لا ماديات... ماشي بالاستهلاك باش غنزيدو القدام بل بالانتاج و التفكير و الإبداع,negative,huggingface_darija_reviews,Arabic
Tayyyara tbarkallah 3lik,positive,kaggle_moroccan_sentiment,mixed
قمة النفاق ...الاخواني,negative,kaggle_moroccan_sentiment,mixed
hhhhh b1 tayra,positive,kaggle_moroccan_sentiment,mixed
هذي ممثلة الرذيلة سكس,negative,kaggle_moroccan_sentiment,mixed
اسطوريية,positive,huggingface_darija_reviews,Arabic
mokrez Karim yesser,negative,kaggle_moroccan_sentiment,mixed
انسان ياسر بهيم.وعلاش جايبينو اصل.,negative,kaggle_moroccan_sentiment,mixed
متربي و متخلق,positive,kaggle_moroccan_sentiment,mixed
بية ماشية وتصغار تبارك الله عليها زعمة شنية السر,positive,kaggle_moroccan_sentiment,mixed
3ssal edenya,positive,kaggle_moroccan_sentiment,mixed
وااااااااااااااااااااااااااااااااااااااااااااااااااااو محـلاهــا تهبـّــــل ،،،،,positive,kaggle_moroccan_sentiment,mixed
Alah latraba7 .?,negative,kaggle_moroccan_sentiment,mixed
علااااامة و الله العظيم الا مت بالضحك و احسن من الشعيبة بزااااف مستوى طوب.,positive,huggingface_darija_reviews,Arabic
Mela fdhaey7  bleeed 9a7ba,negative,kaggle_moroccan_sentiment,mixed
Haylaaaa,positive,kaggle_moroccan_sentiment,mixed
Tayraaaaaa bravooo semiii wlh 4o7ka mouch nrml,positive,kaggle_moroccan_sentiment,mixed
روعة والله,positive,kaggle_moroccan_sentiment,mixed
محرزية العبيدي تمثل المرأة التونسية,positive,kaggle_moroccan_sentiment,mixed
Masta w tefha el 7al9a,negative,kaggle_moroccan_sentiment,mixed
Masta mela drama  fi 7alka loula  pfff,negative,kaggle_moroccan_sentiment,mixed
momanthla yaser tahfouna w rzina,positive,kaggle_moroccan_sentiment,mixed
Yaaaser maaaasta wajiha fasdet kol chay 7atta la3bed karheto nsibti la3ziza,negative,kaggle_moroccan_sentiment,mixed
صراحة ساعة زوينة و تستاهل الواحد يشريها 👍🏻👍🏻,positive,huggingface_darija_reviews,Arabic
welahi lahou metrebi we kima 9al howa il fom il 7arek ... tiiiiiiiiiiiit n7eb na3ref za3ma omou ta3ref il be9i we ken mata3refech isel o5tek,negative,kaggle_moroccan_sentiment,mixed
بكل  تربية واخلاق   راكم  اعملتو  العار  يا  قناة التونسية,negative,kaggle_moroccan_sentiment,mixed
l7al  tabaddel l9anet...mais bennesba liya ..ena fassa5tha 9anet ettathir mte3kom min win...yeser tefhin w ferghin...rako 3maltou erri7a...,negative,kaggle_moroccan_sentiment,mixed
MOUNEF9INE OU  LA7ASA,negative,kaggle_moroccan_sentiment,mixed
خليه ليهم يسخنو بيه .الله يخلف على الشوايات الكهربائية.و المقلة و الفران ديال الدارندير لاطة ندخلها للفران حسن ليا .,positive,hespress_manual_khalid,Arabic
M3alem walid,positive,kaggle_moroccan_sentiment,mixed
Mahlaha sa3a,positive,kaggle_moroccan_sentiment,mixed
تفوووووووووووه عليك مكش متربي مسخ,negative,kaggle_moroccan_sentiment,mixed
To9tol aycha n7ebha barcha,positive,kaggle_moroccan_sentiment,mixed
خسارة الفن بريئ  منك حتى تحسن الفاضك .المثل يقول الرزانة حكمة..اخجلتنا وسط العائلة...الشيب والعيب.....,negative,kaggle_moroccan_sentiment,mixed
salem mr maset,negative,kaggle_moroccan_sentiment,mixed
رجل تونس الأول و موحدها    من دون منازع .... نحبك يا شيخ,positive,kaggle_moroccan_sentiment,mixed
واعرة اخويا الله يعطيك الصحه👌🎵🎵 👌👌,positive,huggingface_darija_reviews,Arabic
يا خويا أمسط منك ما راتش عيني 😒😒,negative,kaggle_moroccan_sentiment,mixed
mas9etha faza 5ayba 3mletha mathanet ela mafazdet 3la o5tha,negative,kaggle_moroccan_sentiment,mixed
Barcha 9illet torbiya rana 3ailet netfarjo mayjich 3ib,negative,kaggle_moroccan_sentiment,mixed
l7a9 dima mwaher,positive,kaggle_moroccan_sentiment,mixed
برافو عليك يا وليد ياولد الغالية,positive,kaggle_moroccan_sentiment,mixed
يكب سعده أكثر ملئ هو مكبوب,negative,kaggle_moroccan_sentiment,mixed
Karakouz 😂😂😂,negative,kaggle_moroccan_sentiment,mixed
Tayaaaaaaaaara chekhna dhohk,positive,kaggle_moroccan_sentiment,mixed
Ramdam raho msatea heka ☺☺,negative,kaggle_moroccan_sentiment,mixed
Bravo karim👍👍👍,positive,kaggle_moroccan_sentiment,mixed
نجلاء حضور و أناقة و جمال و ثقافة مشاء الله فعلا نساء تونس فخرة,positive,kaggle_moroccan_sentiment,mixed
المغريبي كيتسنا غير الفرصة باش يطحن خوه المغريبي.,negative,hespress_manual_khalid,Arabic
bsara7a m3alem,positive,kaggle_moroccan_sentiment,mixed
تبارك الله عليك الله يكمل عليك بالخير يارب 🤲,positive,huggingface_darija_reviews,Arabic
Mabanhaa 😍 men ahla l momathlet twensa,positive,kaggle_moroccan_sentiment,mixed
kalebbbb y3awnou fi ereheb lil 5louha libled tfouuuh,negative,kaggle_moroccan_sentiment,mixed
استهتار ولعب باعصاب المغاربةكيف حتى اخر يومفي انتظار تاكيد قرار الطاس ليؤكد احقية المغرب في الكاس,negative,hespress_manual_khalid,Arabic
Bravo y'a si neji irajel rajel w il kakb kalb,positive,kaggle_moroccan_sentiment,mixed
تتشرف أنك تجمعي اذا انت في مزبلة التاريخ يا سقط المتاع...,negative,kaggle_moroccan_sentiment,mixed
بليد  هههههههههه,negative,kaggle_moroccan_sentiment,mixed
maaaaaaaset,negative,kaggle_moroccan_sentiment,mixed
Tbarkalah aaleha bravo walah,positive,kaggle_moroccan_sentiment,mixed
حتى دخلتو بمساطة ،والله قداش نكرهو,negative,kaggle_moroccan_sentiment,mixed
5ayiba wa fatracha,negative,kaggle_moroccan_sentiment,mixed
هادي غييييييييير للبشرة الجافة اولا التالفه 😭😭😭😭😭,neutral,huggingface_darija_reviews,Arabic
سامسونج فالفلاكشيب ديالها توب عجبني لميلونج ديال اس و نوت ❤️❤️❤️,positive,huggingface_darija_reviews,Arabic
infinix 0  احسن هاثف  في التصوير الليلي,positive,huggingface_darija_reviews,Arabic
نهضاوي كرهني في كلام الناس,negative,kaggle_moroccan_sentiment,mixed
ممسطو ممسطو,negative,kaggle_moroccan_sentiment,mixed
مستوى منحط يا علام العار,negative,kaggle_moroccan_sentiment,mixed
معلم مدام برشة يحبوك.,positive,kaggle_moroccan_sentiment,mixed
Mamsathaaaaaaa !!! Pffff,negative,kaggle_moroccan_sentiment,mixed
شكيب درويش اخيب حاجة في البرنامج,negative,kaggle_moroccan_sentiment,mixed
قداش فما طحانة في هالبلاد تفوه عليكم حتى ترمكم تبيعوها على الفلوس يا انذال,negative,kaggle_moroccan_sentiment,mixed
و زينت لكم اعمالكم و انتم في غفلة معرضون,negative,kaggle_moroccan_sentiment,mixed
"فاسد وزيد نحب نقولو حاجة ""إذا الشمس كوّرت"" مش إذا الأرض كوّرت -_- :3",negative,kaggle_moroccan_sentiment,mixed
للجمال اهلو ومواليه،هاو الزين وله لوح،ريم وريم صح اسم على مسمى,positive,kaggle_moroccan_sentiment,mixed
Allah la traba7kom kleb dam,negative,kaggle_moroccan_sentiment,mixed
يكب سعدك يا مسخ تي نجلا طلعت تلصف قدامك,negative,kaggle_moroccan_sentiment,mixed
Garnier 3ndi lifih himaya dyal xams mazwinx bhala dayra tabaxir lwjhk mais l9itlih wahd l9alb tanfzg wjho wndiro,negative,huggingface_darija_reviews,Arabizi
mamistik w marakik 3yich wildi,negative,kaggle_moroccan_sentiment,mixed
M3alem,positive,kaggle_moroccan_sentiment,mixed
Mamstouuuu,negative,kaggle_moroccan_sentiment,mixed
ملا ماسط عامل فيها شيخ ورع وهوا ما يشم فيها شي لا فن ولا تربية. برا شد سبحة خيرلك وانت ساق في البر وساق في القبر,negative,kaggle_moroccan_sentiment,mixed
ماسطة برشا,negative,kaggle_moroccan_sentiment,mixed
الأموال المقرضة تذهب كالعادة لحبوب خاصة او يتم تحويلها لحسابات سرية في الخارج والدليل هو عدم تاثير الملايير المقرضة منذ سبعون سنة على التنمية ومعيشة المواطن على العكس هناك تراجع رهيب فيما يخص مستوى عيش الشعب بين ما كان عليه واليوم حيث التراجع والانهيار الواضح !الكارثة هو ان الأجيال القادمة  من أبناء الشعب ستبقى تودي القروض المختفية,negative,hespress_manual_khalid,Arabic
Mamestoo,negative,kaggle_moroccan_sentiment,mixed
نحي راس بصل وحط راس ثوم والزوز بوق واحد اما برجولية امين ماسط تحسوا رزين وسعات يوحل باش يعدي لحكاية .اما سلمونا على حمالة الحطب مايا الي مهمتها وفات ولطفي لعماري ديما اساسي بالروح والدم والعالم الله.,negative,kaggle_moroccan_sentiment,mixed
Min arwa3 al moumathelet,positive,kaggle_moroccan_sentiment,mixed
Tfoooo klochrat,negative,kaggle_moroccan_sentiment,mixed
بالعكس رخيص في متناول الجميع 🤣🤣🤣🤣🤣🤣 الله اودي,negative,huggingface_darija_reviews,Arabic
ممثّل ماسط ومسلسل ما جاء شيء بطرون لمّ القحاب والموبّن متاع تونس في نفس المسلسل وعدّوهولنا في شهر فضيل اللّه ل تبارلكم!!!,negative,kaggle_moroccan_sentiment,mixed
Tbarkala 3lih 3ati ma 3andou,positive,kaggle_moroccan_sentiment,mixed
يعطيه الصحه نشا الله يكون محايد,positive,kaggle_moroccan_sentiment,mixed
Tayarawe raw3a bravoooooooooo,positive,kaggle_moroccan_sentiment,mixed
مازال الخير في الدنيا .. راجل وليد كيما أغلب الفنانين الشعبيين .. ولاد الحوم ..,positive,kaggle_moroccan_sentiment,mixed
tfouuuh,negative,kaggle_moroccan_sentiment,mixed
فالصراحة مشهي ناخد شي ساعة بهاد الشكل..  برافو خويا مراجعة ممتازة,positive,huggingface_darija_reviews,Arabic
5iiiihhhh,negative,kaggle_moroccan_sentiment,mixed
"Mle5er amin bravo bravo bravo tawa wala 3ana fi tounes monachtin behin bravo amin gara""",positive,kaggle_moroccan_sentiment,mixed
Mossiba ta3 tounas,negative,kaggle_moroccan_sentiment,mixed
😠😠🙈🙈🙈🙈🙈🙈,negative,kaggle_moroccan_sentiment,mixed
رااااااااااااااااااااااجل و كفى 🙏,positive,kaggle_moroccan_sentiment,mixed
Wa7dek ya semi l fehri. Équipe 8ayr 3adyya w 3la rasshom ENA kerim l 8arbi. Min edho7k lin chra9t za3maaaa........ Yitwelleh rabbi yo9tok biddo7k hhhhh,positive,kaggle_moroccan_sentiment,mixed
chii5 monef99iin,negative,kaggle_moroccan_sentiment,mixed
خطوة أولى في الطريق الصحيح,positive,kaggle_moroccan_sentiment,mixed
9adeh ti3jibni hanen w 9adehechi ma9boula !!,positive,kaggle_moroccan_sentiment,mixed
كان يعجبني برشا أما يا ليتني ما تفرجت فيه الليلة,positive,kaggle_moroccan_sentiment,mixed
ممسطك يااا شكيب ومبلدك توا حقا حقا توري في روحك ....قداكشي جاهل ومختلف والله بلاسطك موش غادي أما الله غالب,negative,kaggle_moroccan_sentiment,mixed
عار عليك ايها الابله .  لوطي و يدعي بالإسلام و يقول حريه شخصية  fk you,negative,kaggle_moroccan_sentiment,mixed
te3jebni hanen,positive,kaggle_moroccan_sentiment,mixed
ها مقداد شد دارك راك ماسط لاسط بجاه ربي معادش تدعوه في تلفاز راه ماااااااااسط,negative,kaggle_moroccan_sentiment,mixed
"A7la 3youn fi dnya 
احلا جعفور ولد بلادي ولد مدنين ام التمر بلابيه الضحكة ما تحلا
Sem7a
Bravo badar
M3ezhom le5wet :D
<3 <3
امرأة بألف رجل ..اعشقها ❤️
صوووتها يهبل
نمجدوها خاطر مرا تستحق التمجيد هي مثال لكل مرا شخصيتها ضعيفة وهي مهياش مسكينة المسكين هو الجاهل العاجز  عقليا . أنا اثرت في المرا بصراحة خاطر رغم كل شي تحدت نظرة المجتمع ووصلت وراجلها أكيد يستحق التقدير أما هو حبها هي خاطرها إنسانة طموحة تصنع من الضعف قوة وبربي نقصوا من الفكرة الذكورية الي ديما تحب المرا في تبعية للرجل . أنا نحيي كل مرة شخصيتها قوية وتعمل على روحها وماتضعفش
yasser finesse w dho7ek mouch f blastou
ألفة بن رمضان فنانة بكل المقاييس صويت ولا أروع .وإلي محليها أكثر خفة روحها موش كيما بعض الفنانات الي كل مرة تمرجونا بيهم
Rajel Walid dima s7i7
احترم هذا الشخص
yasir ta3jebni nhebha bercha fanana wa3liha leklam hdhour ra9i tbarkalah aliha
m3allem
ماشاءالله
Mate3jebnich bel kol
بصراحةعبد الفتاح مورو اقوى سياسي في تونس
wa7adha
9dche dhamir nmout 3lik karime
Tbarkallah a3lik vraiment mawahoba w yeeeeeeessser yod5ol l9aleb
Bravo najla zine wrzana
معلم في كلمة
Bravo
برافو لطفي نحبك صريح
برافووووو خديجة واصل
Vraiment khadija c'est un star bravo
ربي يطول في عمرك وراك امبراطور الفكاهة لاقبلك ولا بعدك
Mala f5ama ou fyena ou sout 3andek
bravo fekra e7louwa bar8a ya semssoum
Bravo
Weld 7omti kafon w 8neyeto :-)
toktel mahleha
برافو وليد وحدك
vraiment bravo bakewni m3ahom
te3jebni barcha 7ata ena na3ref enmatel semi
أنيقة ^^ و لاهية بروحها.. وحسب الريبورتااج.. ماتفلت شي كل شي حاسبتو بالمليي.. وبالنسبة لفنانة هاذي تعرف خدمتها بالباهي خخخ. #تشجيع :)
و الله تبارك عليه حلى السهرية
bravou tahfoun barcha
Ma7laha dima motal9a
برافوا
Akthaer i3lemi jeri2
m3alma
شحال نحبو
ضحكة  التلفزه راك يا جعفور
بصراحة مرأة و عليها الكلام  أبدعتي حقا...بالفكرة والبسمة التى لا تفارق وجهك...تونس في حاجة لأمثالك
Ma7lekom ena zeda in7ibkom
m3alma berjouliya
تحفونة
بحبوح و ياسر متربي و ربي يوفقك واصل
Klam 7a9 bravo rajel
bravo   tawfik  ..fanene  7asess  w  y7es  b  enes   fi klem   enes
ياسر حلوة اللقطة هاذي
Weld houma 3arbi.......  Maaleeem
وحدك جعفور. ...
انا جزاءري و نقول لبلطي احسنت صوت ماشاء الله اخلاق و تواضع وبنتي سمر 5 سنين اما تموت على اغانيك. ان شاء الله ديما الى الاحسن و تحيا تونس
يعطيك اصحا سامي
M3aleem ama bkayyyyy hhhh
دخلت لقلبي يا ربي محلاها
Tbarkallah 3lik ken jet la3bed lkoul kifek Ray tones b5ir
Bravoooooio
HHHH #CHAKIB😂😂😂😂#HSAIN 😂😂😂😂#BRAVO 3LA JAWEB HHHHH
Ibravo 7anan
Bravooooooo khadoujaaaa
bravoooooo
Bravo amine continue vers la réussite
Bravooo alaa w rabi yleme chamel kol 7ade b3ide 3ala omo
bravooo yeser ta7foun sitcom ma9tla dho7k wbarcha chleba9 hhhh
لا المعلم جملة و بدون منازع
Bravo 👏
Ana n7ebha
mahlek w mahla zinak
Wahdek ya K2rym <3
m3alm ya walid walahi baretli 3la 9alibi
#راجل
tayarra
Enssen ndhif akhle9ou 3alia ye3jebni
Raw3a
Rajel bou zinak
جعفور يا معلم وحدك سهرت نتفرج على خاطرك
behiii
راجل طلع
3ssal
بصراحة رائع تونسي ماهوش منافق
bravoo olfa j'<3
M3alem barcha sur tt ja3four kartha mta3 dho7k
راجل
Nhebha
inti lem3alem rabi iwaf9e9
محلاك يا جعفور
تحية تقدير ناجي جلول
thabel mechallah 3aliha yesser mesrara wmezyena
7out 3lik
bravo  3ala   wa  alf  mabrouk. pour  mona.
❤😘😚❤😉😘❤😘
brvoo lotfiii ente m3lemm• w bch to93ed m3alem kol me etzid nabrtek :) ;)
A9wa monachet ye3jibni bravo
Mettha9fa ou ta3raf ta7ki  wasil haka ya3tik isaha
men a7la elmounachtin fi anja7 9anet
Sa3a 3aza thabell
Yaser bakatni.bravo
أكثر حاجة تعجبني فيها هي كلامها :-p
ena 3jbetniiiii brchaaaaaaaaaaaaaaaaaaaaaaa
Bravo hssiin eddik 9omt belwéjb wzyéda
cha9nosa yaser a5ih :3
bravooooooooooooooooo naji jaloul
احلا كادوريم
Dj costa rak m3alem
La classe <3
وحدك يا رشودة في الوهرة :)
برافو فوزي
Awel mara hal9a behia w tfarhed
والله بردتلي على قلبي يا احمد
ﺃﻋﺰ ﻭ ﺃﺣﻠﻰ ﻭ ﺃﺣﺴﻦ",positive,kaggle_moroccan_sentiment,mixed
mala ka3ba bravooooooo,positive,kaggle_moroccan_sentiment,mixed
تتسشكاو من قلة البركه وللرزق من قلة المطر تتشكاو من الجتمع ، تحللو في ماحرم ربي بإسم حقوق الإنسان وبسم الحريه ألا لعنة الله على القوم الفاسقين يافساق ،,negative,kaggle_moroccan_sentiment,mixed
dima emnaweraaaaaaaaaaaaaaaaaaaaa,positive,kaggle_moroccan_sentiment,mixed
T3awef.w mati5rejech 3liha lfinesse,negative,kaggle_moroccan_sentiment,mixed
m3alem si fat7i w klemo lkol s7i7 w la3meriii tha7ekto zeyda,positive,kaggle_moroccan_sentiment,mixed
شلة امتاع قحاب و موبنة شلايك,negative,kaggle_moroccan_sentiment,mixed
Brabiiiii rakkkkk kerthaaaaaa makech mtaa talvza chnéya soueletttt lbhéma mme mehrzéya tetfarej fih lfilm ??? Yekki msatekkkk a ce point ??? Ehtram w taalem kifeh tesell ?!! Vraiment tu es grave bhemaaaaaaa tastikaaaaa tkosss alihom lklem matatach tetsarechh!! Pffffff,negative,kaggle_moroccan_sentiment,mixed
Had filorga ghalya ela walou,negative,huggingface_darija_reviews,Arabizi
9oulelhem isakrou 9anet irhabiya zitouna,negative,kaggle_moroccan_sentiment,mixed
klemou dima logique w mathel chari7a kbira min twanssa,positive,kaggle_moroccan_sentiment,mixed
Bravo Jaloul,positive,kaggle_moroccan_sentiment,mixed
الإنسان هذا فاشل فنياً اعلاميا ومفهمتش شبيه الجهل يضحك في تونس! ',negative,kaggle_moroccan_sentiment,mixed
ja3fouuuuuuuuuuuuuur bonne courage,positive,kaggle_moroccan_sentiment,mixed
yab9a dima m3alem,positive,kaggle_moroccan_sentiment,mixed
Te3jebni w tchaya5ni manel bravooo,positive,kaggle_moroccan_sentiment,mixed
قداش اعلام تونسي ردي وتافه ومؤسف ولمخل مقدمين بلحق معندهمش ثقافة جملة بلحق اعلام العار توة لمقدم برنامج هذا يقرن في صلاح مصباح بنور شيبة ليغني في لخطأ ويغني تحت لحيوط وفوق سطوحات لاي هو عمر نور شيبة عدها صلاح مصباح يعدل في لعود متاعو هو عمي علي وكلام تافه وضخمو اعلام يا حسارة دنيا وزمان لمعكوس يسكت لكنارو ويغني لخنفوس,negative,kaggle_moroccan_sentiment,mixed
hhhhh chab3a thohk walh,positive,kaggle_moroccan_sentiment,mixed
Mamsstou,negative,kaggle_moroccan_sentiment,mixed
احلي حلقة في عندي منقلك,positive,kaggle_moroccan_sentiment,mixed
klém7a s7i7e ...,positive,kaggle_moroccan_sentiment,mixed
برنامج تافه و كلها تعفط و تكذب عشعب و أسلوب رديء فلحوار...,negative,kaggle_moroccan_sentiment,mixed
bravo tayara soutek,positive,kaggle_moroccan_sentiment,mixed
Bravo samir safi said ne7tarmo barcha liano sadek w fahem l histoire kol,positive,kaggle_moroccan_sentiment,mixed
كبير و ميبون ههه,negative,kaggle_moroccan_sentiment,mixed
ما شاء الله عليك صوت وصورة من احلى الأصوات اللي سمعتها,positive,kaggle_moroccan_sentiment,mixed
مريض نفسي والناس لكل تكرهك يا مقداد يا تافه,negative,kaggle_moroccan_sentiment,mixed
Chakibb yamhabalhom,positive,kaggle_moroccan_sentiment,mixed
سيدة محترمة و مثال للمرأة التونسية,positive,kaggle_moroccan_sentiment,mixed
والله عجبتني الهدة تاع علاء ربي يرحم ميمتو ويبارك فيه وكيما وعدها وفا بوعدوا وربي يفرج على كل مومن خاصة ناس الغربة,positive,kaggle_moroccan_sentiment,mixed
ميسا كانت احلي شي في حلقه,positive,kaggle_moroccan_sentiment,mixed
Malla manta9  w malla  7ala .tfouh 3lih,negative,kaggle_moroccan_sentiment,mixed
Yesser motrobi,positive,kaggle_moroccan_sentiment,mixed
bravooooooooooooooooooooooooo si jalloul,positive,kaggle_moroccan_sentiment,mixed
Tooop,positive,huggingface_darija_reviews,Arabizi
Bravo sami  😅😆,positive,kaggle_moroccan_sentiment,mixed
انا انحبها وتمثيلها حسب الدور اما ديما تعجبني موش كيف برشا اشكال كيف اتغطسهم في جره بالعسل يبقاو ابصل,positive,kaggle_moroccan_sentiment,mixed
ملا سلعة اش تطلع تونس من 💩💩💩💩💩💩💩,negative,kaggle_moroccan_sentiment,mixed
3ib walah  mostewiyet,negative,kaggle_moroccan_sentiment,mixed
حت البهيم جنب البهيم ياما يعلمه الشهيق او النهيق,negative,kaggle_moroccan_sentiment,mixed
Maset maset 3la il 7eyt pfffffff,negative,kaggle_moroccan_sentiment,mixed
والله التمثيل التونسي في تقدم كبير ربي وفقكم انشاء الله,positive,kaggle_moroccan_sentiment,mixed
7louwa ti3jibni ena,positive,kaggle_moroccan_sentiment,mixed
بربي علاش تجيبو فيه هالبوكيمون خلونا توانسة صافيين,negative,kaggle_moroccan_sentiment,mixed
NAWART TV ELILA NCHALLA DIMA  MAWJOUD,positive,kaggle_moroccan_sentiment,mixed
"Braaaavo , fih jaw mch normmml",positive,kaggle_moroccan_sentiment,mixed
Ey mala vaza mahleha,positive,kaggle_moroccan_sentiment,mixed
"مسلسل مزيان و أحداثو تحب و إلا تكره موجودة في بلادنا 
يعطيه الصحة بصراحة و الله تأثرت خاطر حسيتو صادق...شكيب خوانجي شوي اما قلبو طيب و ناس ملاح مش خايب و تنجم تتعايش معاه رغم الاختلاف ياريت جماعة النهضة الكل جاو كيفو عالاقل اما ان شاء الله مع التعايش و التوافق بين الاحزاب المختلفة باش نوصلو نهار ينتهي التطرف
<3
راجل برافو وليد والله برادلي على قلبي
el 7a9 metrobbi
يا سامي برافو كل حلقة توفى بتشويق ما فماش حتى طرف تمطيط و تكرار في السيناريو و سيتكوم زادة حلو و خفيف رغم التفاوت في اداء الممثلين
WAW  bravo maysoun
عجبني برشة وجيه الجندوبي
ENA 3ajbni
يعطيها الصحة والله بكاتني
ميساء امنوورا البرنامج
Amira 3asla toufela mitarbi
Wwwew ana nmooot 3la badrrrrrr
يا حنين  يا معلم  ديما يضحكنا ويزهينا ويحن برشا على الزواولة ومنين يدوروه يدور للتمثيل و التنشيط وحتى الغناء عندو ما يقول في روحو انا نحبو برشا ونقولو نشاء آلله ربي يعاونك ومن حسن إلى أحسن
بببببببببببببببررررررررررررشة",positive,kaggle_moroccan_sentiment,mixed
Ro7o 5afifa,positive,kaggle_moroccan_sentiment,mixed
محلا صوتها هههههه,positive,kaggle_moroccan_sentiment,mixed
ta7foun w ba7bou7,positive,kaggle_moroccan_sentiment,mixed
الفازه ماسطه بارشا وهي امسط,negative,kaggle_moroccan_sentiment,mixed
Borjoliya m3alim,positive,kaggle_moroccan_sentiment,mixed
ماشاء الله هذا هو الجهاد,positive,kaggle_moroccan_sentiment,mixed
Nmouuuuuuuuut 3liha a7la moumathla,positive,kaggle_moroccan_sentiment,mixed
Bsaraha  traded  ye mrith :poop:,negative,kaggle_moroccan_sentiment,mixed
Mamemstou,negative,kaggle_moroccan_sentiment,mixed
المعتوهة مايا الكسوري والاهبل المسخ لطفي العماري زوز كلاب تنبح على طيارة والفاهم يفهم,negative,kaggle_moroccan_sentiment,mixed
Mamseeetha,negative,kaggle_moroccan_sentiment,mixed
كنت كنفكر منين غادي ناخد فولار للعيد غانجي عندك تبارك الله فولارات فنين شكرا اختي كريمة,positive,huggingface_darija_reviews,Arabic
رجل في زمن اللارجال,positive,kaggle_moroccan_sentiment,mixed
bravo khouya tstahel 1M ABONNER,positive,huggingface_darija_reviews,Arabizi
Bravo samsoum,positive,kaggle_moroccan_sentiment,mixed
Bghit gher ne3ref had lewliyad sghewer finahowa 😂😂,positive,huggingface_darija_reviews,Arabizi
انحب انقول لحسين الديك انت في قلوبنا و قلوب سورين تونس وا لا سوريا بلاد واحدة,positive,kaggle_moroccan_sentiment,mixed
تهابل,positive,kaggle_moroccan_sentiment,mixed
mariouma ma7lek,positive,kaggle_moroccan_sentiment,mixed
"فنان محترم و يخدم على روحو يعرف الناس شنوة تحب صوت حلو و قاعد يطلع درجة درجة
M3alim baltu
Bravo
thabel  ma7leha sobhan el 5ale9
bravooooooooooo
معلم يا وليد
فنانة بكل ما في الكلمة من معنى
Lotfi ya m3adhabhom hhhh nitfarej fih nadh7ek dha7ka mel galb
محلاهم
7al9a 3alamiya
Macha allah
برافو يا شيخ",positive,kaggle_moroccan_sentiment,mixed
Masta w besla,negative,kaggle_moroccan_sentiment,mixed
ممصط دين رب أمك,negative,kaggle_moroccan_sentiment,mixed
Belle tof rafi9ti,positive,kaggle_moroccan_sentiment,mixed
محلاك جعفور ياسر تحفون وتلقائي والله حلو مووووووت يا جعفر يا باهي,positive,kaggle_moroccan_sentiment,mixed
Bravo Hannouna dima mnawra el émission tbarkalah 3lik ....,positive,kaggle_moroccan_sentiment,mixed
كل شيء جميل في هذه السيارة الجميلة إﻻ الجودة واﻹتقان؟,negative,huggingface_darija_reviews,Arabic
a7sen momathel comedy fi tounes tawa ;),positive,kaggle_moroccan_sentiment,mixed
معلم الشيخ تحيفة,positive,kaggle_moroccan_sentiment,mixed
mhazil walet ftounis walah wikolo 3liha fanana mhhazzzzzzilllll,negative,kaggle_moroccan_sentiment,mixed
مارك يجيبو فيها باش يزيدو يدخلو البنات في حيط  و,negative,kaggle_moroccan_sentiment,mixed
ونعم الأخلاق,positive,kaggle_moroccan_sentiment,mixed
الماسطين الكل جبتهم يا قاره,positive,kaggle_moroccan_sentiment,mixed
برافو رحموني,positive,kaggle_moroccan_sentiment,mixed
Wajiha ya m3alma koul kilma fi blasitha,positive,kaggle_moroccan_sentiment,mixed
امسط وحدة في المسلسل بسراحة لا علاقة,negative,kaggle_moroccan_sentiment,mixed
روعة برافوووووووو,positive,kaggle_moroccan_sentiment,mixed
tbaarkalah aalik 5adeem o li yon9od fik rao nrmlmnt y9awik o raabi maak,positive,kaggle_moroccan_sentiment,mixed
مخيبوا من الناس الي بعاد على الفن,negative,kaggle_moroccan_sentiment,mixed
Bouzinekkkkkkkkkkk,positive,kaggle_moroccan_sentiment,mixed
yeser damer ya lotfi :p,positive,kaggle_moroccan_sentiment,mixed
لعنت الله عليك احترمنا شويا,negative,kaggle_moroccan_sentiment,mixed
salam 3andi tilifon omix x300 chi tari9a nformatih,neutral,huggingface_darija_reviews,Arabizi
tbarakkah 3la southa (y),positive,kaggle_moroccan_sentiment,mixed
mamsetek ya si z...,negative,kaggle_moroccan_sentiment,mixed
3asla momathla 9adira w mo7tarma,positive,kaggle_moroccan_sentiment,mixed
naoufel el wartani ooooooo 9addekech maset,negative,kaggle_moroccan_sentiment,mixed
والله. علة على القلب وعلى الشعب التونسي,negative,kaggle_moroccan_sentiment,mixed
محلاها,positive,kaggle_moroccan_sentiment,mixed
tfouh 3ala lom lijabeti ya weld la7ram,negative,kaggle_moroccan_sentiment,mixed
"تصحيح افضل معالج فصوق ذابا هو 
Snapdragon 8 G1",positive,huggingface_darija_reviews,Arabic
hedhi kelba bhima leima 0.0,negative,kaggle_moroccan_sentiment,mixed
من على الشابي لأمين قارة:قناة الحوار تحب  تزلزل الأسرة و تبث الرذيلة و الفاحشة في أولادنا,negative,kaggle_moroccan_sentiment,mixed
Jabriiiiiii,negative,kaggle_moroccan_sentiment,mixed
كلب بن علي,negative,kaggle_moroccan_sentiment,mixed
Hhhhhhhh ma7lehom,positive,kaggle_moroccan_sentiment,mixed
Bravo walid tounsi,positive,kaggle_moroccan_sentiment,mixed
شكرا لكل مواطن بسيط يخاف علا تونس و تونس  ديمة واقفة بالرجاله,positive,kaggle_moroccan_sentiment,mixed
تعجبني بااااررشا,positive,kaggle_moroccan_sentiment,mixed
خاااامج,negative,kaggle_moroccan_sentiment,mixed
برا يرحم والدين والديك يا وليد فرهدتلي على قلبي,positive,kaggle_moroccan_sentiment,mixed
Wahdeeeek,positive,kaggle_moroccan_sentiment,mixed
جعفووور يا باهي محلا طلتك والله كان مش انت لا نتفرج 😀😃😍😍😍😍,positive,kaggle_moroccan_sentiment,mixed
تذهب وهف و 5 لاف ياسر فيها الله لا يردها لا ليوم و لا عام جاي تقمر و تحب تربح و الي ربح فلوسه كلهم حرام يحب يحللهم يبدا من 0 و فلوس لحرام ما تثمرش كيما جات كيف ما بتمشي,negative,kaggle_moroccan_sentiment,mixed
لمين وحدو في اافكاهة,positive,kaggle_moroccan_sentiment,mixed
y3jbni barcha 5atrou tel9a2iiii,positive,kaggle_moroccan_sentiment,mixed
dima met2ala9 lotfi bravo,positive,kaggle_moroccan_sentiment,mixed
3asal,positive,kaggle_moroccan_sentiment,mixed
إنسان فاشل و جابوه في تلفزة إفهم إشنية باش يصير هههه,negative,kaggle_moroccan_sentiment,mixed
فيلم ديال كِوالو صراحة تقول سيناريو وتمثيل جاي من الموزنبيق,negative,huggingface_darija_reviews,Arabic
ممسطكم، عندو الحق الزين كي كان نازل عليكم يا اعلام العار، تتمقعرو على المرزوقي ياخي وحدو دخل قصر قرطاج تي ماو الشعب كان السبب، اطلعو بمستواكم برشا موش شويه، ويزي بلا تقشقيش حناك و خليو البلاد تقدم.,negative,kaggle_moroccan_sentiment,mixed
فيلم باااااااااسل,negative,huggingface_darija_reviews,Arabic
تعجبني برشا,positive,kaggle_moroccan_sentiment,mixed
7lowa,positive,kaggle_moroccan_sentiment,mixed
Neuterogena khayb Ana endi peau grasse khrej lia ela wjhi nweeed lia lhbub o kinchf bla qyaas,negative,huggingface_darija_reviews,Arabizi
Mosalsel mte3 ta7ana w 5omej na3lboukom elkalb hadhi elli fasdet elmojtama3,negative,kaggle_moroccan_sentiment,mixed
ايه فيها ، وحدة رخيصة و متبرجة و درا شتشوف في روحها حمد لله ك ربحت 10 د و ياسر فيها,negative,kaggle_moroccan_sentiment,mixed
mala ba9ara 7aloub 9adech sa5ifa,negative,kaggle_moroccan_sentiment,mixed
برافو سامي الفهري,positive,kaggle_moroccan_sentiment,mixed
نحسها ممثلة متكاملة ثقافة وفن و اخلاق و تواضع.  في كلمة محلاها >3,positive,kaggle_moroccan_sentiment,mixed
طحيحين 💸💸,negative,kaggle_moroccan_sentiment,mixed
انت معلم 😃❤,positive,kaggle_moroccan_sentiment,mixed
فلم واعر بزاف كنصحكم تفرجوه❤️,positive,huggingface_darija_reviews,Arabic
La classe,positive,kaggle_moroccan_sentiment,mixed
العراء والقراء وقلة الحياء,negative,kaggle_moroccan_sentiment,mixed
تسبو في الحوار أو ساكتين على قناة نسمة الي لكلها عاار و الافلام. الي تجيب فيهم لكلها وسخ و فواحش و هي زادة الي جابت الفيلم يشوه الجلالة و الرسول عليه الصلاة و السلام!!!  علااه نسيتوها و رجعتو تشاهدو فيها كأن شيء  لم يكن و كبشتو في هاذم,negative,kaggle_moroccan_sentiment,mixed
جعفور ديما منور القنوات التونسية,positive,kaggle_moroccan_sentiment,mixed
maset laset kane chaf 5edmao5ra 5ire,negative,kaggle_moroccan_sentiment,mixed
محلاها ريم,positive,kaggle_moroccan_sentiment,mixed
كلب كبير,negative,kaggle_moroccan_sentiment,mixed
Rabi 5alihlek,positive,kaggle_moroccan_sentiment,mixed
Amsat 7al9a melli bdet émission klem ennes yesser jahel flop flop flop 3allekher ce soir,negative,kaggle_moroccan_sentiment,mixed
بردلي على قلبي في لي قالوا لشكيب..بارك الله فيك كرمك الله راك من احسن ممثلين,positive,kaggle_moroccan_sentiment,mixed
كرواسة وقهوة وحليب ب40 درهم الضحك على الذقون,negative,huggingface_darija_reviews,Arabic
خمسة و خميس عليه يفهم ياسر في تونس حاوس تفهم,positive,kaggle_moroccan_sentiment,mixed
Yhabel bayrem,positive,kaggle_moroccan_sentiment,mixed
ملا متخلف و جاهل من دنيتو لجنتو من غير تشهد ههههه,negative,kaggle_moroccan_sentiment,mixed
Masetttttttt,negative,kaggle_moroccan_sentiment,mixed
والله عملتو العار بالشكال إلي تجيبو فيها و المواضيع إلي تحكو فيها  نورمال إنتم تو مرتاحين هكا برو ياراكم محروقين أنتم وتلفزتكم,negative,kaggle_moroccan_sentiment,mixed
Bravo  motrebi,positive,kaggle_moroccan_sentiment,mixed
Ka3eba le,negative,kaggle_moroccan_sentiment,mixed
hhhhh 9talni b dho7k bravo sami,positive,kaggle_moroccan_sentiment,mixed
شيطان ولد حرام يا عنبوك وبو ولديك يا طحان  الدين اشرف منك ومن الي زيك يا كلب,negative,kaggle_moroccan_sentiment,mixed
يعطيك نقطة ياهجورة دمك عسل والله ضحكت من قلبي 😂😘😘,positive,kaggle_moroccan_sentiment,mixed
raw3a bravo,positive,kaggle_moroccan_sentiment,mixed
Ena ta3jebni .ta7founa,positive,kaggle_moroccan_sentiment,mixed
"تعجبني برشا انشالله يكون حظها مزيان كيفها
M3alllllllllem
a7la jaw m3a lotfi
hhhhh ama ti3jibni
Dima M3alem
برجولية معلم
Bravo kafon zidna mousika W nzid n9olek #Bravo😁😁
Bravo
ماشاءالله على هالصوت يا اميمة
M3alamm
حسنا فعلت معالي الوزير .
جعفور عاطي للاناقة كارها(y)
barvou 5oya ja3four atyb ensin ritou
oui bravo
M3alem, ma l9ach rou7ou m3ah lotfi la3mari
Zina mahlekkk nmout 3lik wlh f njeh  benti lema njibkkkkkkkk
بالرسمي ممثلة و علاها الكلام تعجبني وقت لي تحكي تحسها عندها منطق و توزن في كلامها
Bravou 7all9a 7lowa
Ma7leha
me7leha hetofla
bouzinek marwa rabi m3ak wa enchalla masira fania naj7a
Bravo oooooo
يا شكيب راك معلم انتي انضف صحفي في تونس
Fekra tayara bravooo sami
ناجي جلول الرجل المناسب في المكان الناسب
Me3alem
Bravo et bonne continuation.
Ismeek nour w intii nour ♥♥♥
M3alemmm
3ejbitni taihet 3la nsibti la3ziza
Bravo
و تنحني لهم الرؤوس ... مبدعة",positive,kaggle_moroccan_sentiment,mixed
الزبلة لميناها يا فهري يا خامج,negative,kaggle_moroccan_sentiment,mixed
"حسب برنامج كلام الناس عبدالله قش طلع  ولي صالح و انا نقول شبيها البلاد قحبة و متعيش فيها كان القحبة و متحكمها كان القحبة بنت القحبة!! 
الحق في البرنامج كل مره إجيب لنا. ،غريبه،نحن دوله مسلمه لازم نأخذ موقف ضد . هاته القناة،قناة العار   ،والكفر.استغفر الله   استغفر الله  استغفر الله
Tafehet
سبحان الله طفل 4 سنوات يخطف و يغتصب و يذبح كالخروف بزجاجة!!!! و الله إنها كارثة إنسانية بامتياز فإن لم نقف عندها فأين سنقف؟أم أن العربي دائما همه الوحيد بطنه و فرجه و لهوه. 
بدأت ورقة التوت تسقط  ....دولة الهانة
A3outho bellah menkom
الشيب والعيب
برا الله  لا تربحكم يافساد...
الجهل مصيبة و الانا الاعلى الا حكى علها فرويد هي المجتمع هههههه ايسلم قرايتك فضحتنا ههههههه
Maseeeet al le5errr 👎👎👎👎👎👎👎
3maltou l3ar allah la traba7kom lwe7d wala y7chm 3la rou7ou ki ytfarj fi tv mte3kon,law ken li ta3mlou bih fi mosalsat mas5a kifkom 3maltou bih machrou3 yfid lbled 5irelkom ml5maj li ta3mlou fih,allah la traba7kom ya mas5in ya 5omaj
howa ablah w sketet
maset laset w zid mase5 3o9dtou nahdha w 3andou mochkla m3a dine cheka fih mol7ed
y3ayeef
Lokza fedour hetha
هذا المنافق لابد له ان يرحل لانه انتهى وسقط من القلوب والعقول اولا  ولازال الى يومنا يدافع عن ارهابى وهابى داعشى اسمه رضا الجوادى وبالمناسبة اتوجه بتحية الى لطفى العمارى
مهوش راجل معجبنيش في حياة جبنون كي قال المرءة بيضعة
echib w el 3ib , mahou ki sidi ki jwadou ;madem lom patrouna chnow testenna men el bent
واحد منحط و خامج يدعو للرذيلة و حتى هي قاعدة ليه مكة با يمسيلها تفوه عليه
Meskin tounes jebet oujouh l lo7 kima l 7erzét
لعنة الله على اعلام العار ياشلايك هاكا مستواكم يابهايم
Marzen mlayektou ya3tek sa5ta,
سخافة
ياسر يغش ههههه
Moch 5arej edawr a3liha
mala zebla
المرة هذه معجبنيش ماسط و الفازات كلها بايتة
Barou na3el boukom we7ed we7ed
كلام الناس  امساط بيك
نموت و نعرف علاش تضحك  اففف ممسطك و ملسطك
Pffff y5awefff
تافهة جدا مثلها مثل الي معاها
Lokza w en plus nahthawi
mergaa w mjet chay w karim maaaaaseeeeet
Mala 9haba
بصراحة العيب موش فيك العيب في الي جابك والله عار على تونس
التونسية  اعلام  العار
9adech nakrhek w 9adechek maset  maset  pffff w 3amel feha 3a9el hhh
تافهة و حمقاء و اهم حاجة ما تمثلنيش كمرأة تونسية و زيد نقولها من انتي لتتكلمي عن احمد الاندلسي
استر ما ستر الله . قلة حياء
مسلسل كي ... الخرا
5ir men nawfel elmaset
جرذ
ne9sine 3sab na7na :p
والله شىء يحشم وعندك وجه تقابل بيه فى الناس وتناقش ملا رقعة
انا ملي شفت الضيوف وشفت فيهم الغربي عرفت الي الحلقة فاشلة .
هذا معفن وخامج ووجهو ممسوخ وخسارة كبيرة اسمو الطاهر والحمد لله انو ظهر في التلفزة وكشفو الشعب على حقيقتو الوسخة
سيف الدين مخلوف معلم عليك",negative,kaggle_moroccan_sentiment,mixed
Mamesetou,negative,kaggle_moroccan_sentiment,mixed
وين كان هدا ناقصين مساطة بربي سلع فازدة,negative,kaggle_moroccan_sentiment,mixed
لا هذا راه مكيصفيش البشرة من البقع و تقيل على البشرة كيدار غير في بلايص لي متضررين و لا فيهم تهييج,neutral,huggingface_darija_reviews,Arabic
iklam ili 9alito is7i7 w t3jibni barcha iklamha ilkoul imla5is,positive,kaggle_moroccan_sentiment,mixed
مكثر ها عهرات وكان إلقيت ذكر في وصتهم رهو لي عندو في الدار عاهرة تفوه عليكم كان تولوا عباد يا خماج,negative,kaggle_moroccan_sentiment,mixed
Bravo nawfel,positive,kaggle_moroccan_sentiment,mixed
Hadiii machi cream hydratante hadi baume kaddar l chi jar7aa ba9ya jdida wllz derti lassir wta7re9ti diriha wlla wajhek kadirilo bezaaaf leq produits kadiriha 3 fois par semaine,neutral,huggingface_darija_reviews,Arabizi
ربي يحفضكم انتم بنات اصل,positive,kaggle_moroccan_sentiment,mixed
A7le welad mofida,positive,kaggle_moroccan_sentiment,mixed
يعن بوك وبو بوك يا مسخ تفوووو عليكم وعلى امثالكم,negative,kaggle_moroccan_sentiment,mixed
Wallah miskin,negative,kaggle_moroccan_sentiment,mixed
Fara5,negative,kaggle_moroccan_sentiment,mixed
bsara7a southa 7low,positive,kaggle_moroccan_sentiment,mixed
Baba lamiin entii domarek kbiir wma3adech dahek waliit antika,negative,kaggle_moroccan_sentiment,mixed
Yessir bidoun ou rkik,negative,kaggle_moroccan_sentiment,mixed
تعجبني برامج انتاعك الكل تبدع فيها موش رمي ورود لكن الحقبقة اما بابنسبة المفيدة الليلة كانت ضعيفة الشخصية في مواجهة مشكلتها علما وانك فدمتها في صورة المراة القوية من قبل ايضا بيرم في الاول رجلة وبعد اصبح يهدد في والدته..المهم برامجك حلوين برشا وابدعت فيهم,positive,kaggle_moroccan_sentiment,mixed
انت خامجة ومكش انسانة بالكل ما نيش عارف منين جيتونا تونس خمجتوها بالخماج الي كيفك,negative,kaggle_moroccan_sentiment,mixed
Matfarajtech ema ken ltlafez ltounsia fi romdhan walet haka chay y7achem,negative,kaggle_moroccan_sentiment,mixed
بتوفيق وجيهة الجندوبي انت احسن ممثله تونسيه  نتمنولك التوفيق و رنا نحبوك الكل,positive,kaggle_moroccan_sentiment,mixed
Ja3four enchallah dima mnawer ya m3alem enchallah rabi m3ak w waf9ik,positive,kaggle_moroccan_sentiment,mixed
منحط لا تربيه لا ثقافه تو من قلة المسرحيين جايبينو هنكره و تو هذا تسميوه مسرحي من اصلو,negative,kaggle_moroccan_sentiment,mixed
لااا ماسط,negative,kaggle_moroccan_sentiment,mixed
Tfiiiiiih,negative,kaggle_moroccan_sentiment,mixed
Mala moustawa tayih alakiir,negative,kaggle_moroccan_sentiment,mixed
to9tel.,positive,kaggle_moroccan_sentiment,mixed
..حلقة متميزية  جدا,positive,kaggle_moroccan_sentiment,mixed
الكبير كبير يا بابا,positive,kaggle_moroccan_sentiment,mixed
محلي  زينو بدير,positive,kaggle_moroccan_sentiment,mixed
سلام مسيو خطير جدا على المشاعر,negative,kaggle_moroccan_sentiment,mixed
Menaiek,negative,kaggle_moroccan_sentiment,mixed
Bravo 👍wahdek,positive,kaggle_moroccan_sentiment,mixed
ممثل فاشل و ماسط,negative,kaggle_moroccan_sentiment,mixed
WAHDAK YA AMIN,positive,kaggle_moroccan_sentiment,mixed
افلام ديال قيلني عليك هههههه,negative,huggingface_darija_reviews,Arabic
بالعكس هي محبوبة بررررررررشة,positive,kaggle_moroccan_sentiment,mixed
a7la sahryaaaaaaaaaaaaaaaaa dima 3la ettounsiyaaaaaaaaaaaaaaaa,positive,kaggle_moroccan_sentiment,mixed
نور شيبة وين ما يكون ديما ناجح ملا وهرة و ملا فن محلاه عندو تسمع التراث و الكلمة الحلوة المنسية,positive,kaggle_moroccan_sentiment,mixed
برافووو😁😁😁😁😁,positive,kaggle_moroccan_sentiment,mixed
maset barcha,negative,kaggle_moroccan_sentiment,mixed
A7ssen we7ed fihom,positive,kaggle_moroccan_sentiment,mixed
كاين بروو 💯,positive,huggingface_darija_reviews,Arabic
Ya fartasse Enti 3ar 3ala El fan,negative,kaggle_moroccan_sentiment,mixed
Raw3a raby ya3tik ajmal imraaa,positive,kaggle_moroccan_sentiment,mixed
Chakib yam3alimmmmm,positive,kaggle_moroccan_sentiment,mixed
Mouch el mase5 hetha eli mché fih heka sa7afi mta3 jaridét sada fi labés w howa chléka maya3réf ken chléka,negative,kaggle_moroccan_sentiment,mixed
ملاّ امّارك,negative,kaggle_moroccan_sentiment,mixed
ممسط غنايتو,negative,kaggle_moroccan_sentiment,mixed
Wlh mel9it man9ol  kin bar .......... belhi yezik rak a3melt el 3ar rajel meskin mekl tera7a o mes5se5tou wahed mes5a wenti ta7ki hekek wlh 3ib,negative,kaggle_moroccan_sentiment,mixed
Bravoooooo,positive,kaggle_moroccan_sentiment,mixed
ser ser 3lah 😂❤❤❤,positive,huggingface_darija_reviews,Arabizi
rabi m3Ah,positive,kaggle_moroccan_sentiment,mixed
Hhhh 3jbetni,positive,kaggle_moroccan_sentiment,mixed
برشا مصاطة يا سي البهيم الواحد يتفرج معا دارهم راو,negative,kaggle_moroccan_sentiment,mixed
عشرة ملايين توب (top) زينك و كلامك و إنسانيتك .....,positive,kaggle_moroccan_sentiment,mixed
على انا صوت تحكي على قطوسه تمغوق و تتعصر بربي هالمنضر لاعاد تعطوعا اهميه كبرتولها راسها كان باللهوه اووووف مرزنها,negative,kaggle_moroccan_sentiment,mixed
البنك الدولي هو سبب خراب البلاد والعباد  وسياكل الأخضر واليابس والمستفيدان من الوضع بالدرجة الأولى الفساد والبنك الدولي. اما الشعب هو من سيدفع الديون وثمن الشرف .,negative,hespress_manual_khalid,Arabic
صقيطه فجيره وسيخه قبيحه أعمل بيهوم غنياء,negative,kaggle_moroccan_sentiment,mixed
masit yassir kleim nass walla jibouln rapeur bahi,negative,kaggle_moroccan_sentiment,mixed
قمة النفاق واصل سامي,negative,kaggle_moroccan_sentiment,mixed
ma3jabounich hata tarf,negative,kaggle_moroccan_sentiment,mixed
tfoooooooooooooh,negative,kaggle_moroccan_sentiment,mixed
ta7fouuuna yeser,positive,kaggle_moroccan_sentiment,mixed
bravooo amine👌👌👍👍👍👍,positive,kaggle_moroccan_sentiment,mixed
الانسان لوحيد المحبوب من التوانسا لكل نطالب بترشح جعفور للانتخابات مع الشكر,positive,kaggle_moroccan_sentiment,mixed
الشيب والعيب هذا آش نجم نقلك الي كيفك راهو يكون قدوة وتعبر على فخرك بموقف الممثل احمد موش تنقدو تعلم الرجله من احمد الي في سن ابنك وكان المفروض انك تعلم موش تتعلم,negative,kaggle_moroccan_sentiment,mixed
ماشاءالله  خويا عليك,positive,kaggle_moroccan_sentiment,mixed
Euuuh wajiha oukhyty chbik masta barchaaa,negative,kaggle_moroccan_sentiment,mixed
راجل وسيد الرجال,positive,kaggle_moroccan_sentiment,mixed
ماسط خاطر باش اهز الجيل في هاوية توا نورمال تسمع طفل صغير اغني في مزاطيل ههه,negative,kaggle_moroccan_sentiment,mixed
Bravooooooooooo c'est bin  c'est manifique,positive,kaggle_moroccan_sentiment,mixed
قاعد يكبس في رحو و هوة كي تافشة و حيد اصلع و بهيم حشاكم,negative,kaggle_moroccan_sentiment,mixed
ياسر ماسط,negative,kaggle_moroccan_sentiment,mixed
أنا نموت عليك وإنت سيدهم الله يحميك,positive,kaggle_moroccan_sentiment,mixed
"شوكات انا اشك في انك تونسي 
مخيبها الفازه عالللخر
Tfouh 3a lemarek
Msatet
حسبي اللّه و نعمة الوكيل فيكم هذا شخص عار و كذلك قناة الحوار التونسي
قناة الماخور التونسي تعمل لضرب الهوية الوطنية، في ذكرى يوم الارض يستضيفوا يهودي، لا حول ولا قوة الا بالله.
ملا مساطة
Mella 9ellet torbia 😠
Oh mala mostewe mon7at hetha yejbed fi omou w hetha y3akilou 3la bouh ou memetou mala 7ala
Haka chakib maye3jbou chay ken 5hli9tou
ناجي بهلول.. وزير التربية ناقص تربية.. برنامجو الإصلاحي. . كافون لجماعة الابتدائي.. و قطوس منال عمارة للثانوي و سارة جاي للجامعي.. .
Mabslek
msatik
hh tekber w tansa
زنوس مڨلبة
شيب و العيب والله كنت نحبو أما خسارة ما أقل حياه
والله محقهمش يجيبوهم في التلفزة عيب كبير اللواط ولى حرية شخصية قد ما تعيش تتعلم
hhhhhhhhhh cv moch mast
مسلسل تافه  وبعيد على الواقع و الممثلين الي فيه في المسلسل صيودا ويفلمو و البرا جبناء و موبن و اولهم صاحب القناة الفهري ....ولتوا متفرجتش فيه و متحلش في الدار ..شويا الو جدة وبعد نسيبتي لعزيزة و مبعدو ورد وشويا كورة و ترويح  و مبعد سهرية .......
ماكش متربيي مستوي منحت.
Ya 5ouya mamstek w marznek pfffffff mat9el damk
Masst i3ayef
yesser tefeh w masset
الله لتربحهم
mala e7tiram w mala torbia  yseb fi wzir fi wejho
kaleb we met7azeb
ماسطة لاسطة
Chy yhashim
Ma5ybek walah
ملا مستويات منحطة !!!!
Mathil 5maj malla nes
#كلاب  خليهم ياكلو بعضهم شمدخلنا فيهم أحنا
يلحس و قفف و حاول يتقرب لطفي العبدلي يا ولدي راك ماسط
Bsara7a ma3ejbetnich ma5iebha mesmema ejdod ka3ba lė 3al 7it
فريال قحبة
برجوليا معادش عندو نكهة دليلك ملك يا حسرة
wa7da 5amja kif bouha wo omha jaybinne mass5a5dmettha t3arri bzzazelha wo chkoune y7eb yrkeb tfouh ...........
Ta7an kbire
ياسر ماسط -_-
مريض
ماسط لاسط و قفاف و الطحين يجري في دمو -_-
و الله عيب و الله عيب ههه خخخخ
برا واحد يمشي يرقد خييييير",negative,kaggle_moroccan_sentiment,mixed
sel3aaa mala mase5,negative,kaggle_moroccan_sentiment,mixed
Ken chadet darha 5irrr,negative,kaggle_moroccan_sentiment,mixed
Bravo wlh bent bledi bravo bravo.incha allah mabrouk ..vraimment la3bet bien...ferchichiya w ra5e la,positive,kaggle_moroccan_sentiment,mixed
ﻗﺎﻃﻊ_ﺍﻟﻤﺨﻮﺭ,negative,kaggle_moroccan_sentiment,mixed
Ma7lek 3aycha,positive,kaggle_moroccan_sentiment,mixed
Bravo amin,positive,kaggle_moroccan_sentiment,mixed
مسلسل دعارة وإنحلال أخلاقي,negative,kaggle_moroccan_sentiment,mixed
aw sout raw3a,positive,kaggle_moroccan_sentiment,mixed
بشااااخ 🔥🔥,positive,huggingface_darija_reviews,Arabic
ربي يكثر منك الناس,positive,kaggle_moroccan_sentiment,mixed
3wi9la w ndhayfa ama khsara ma3and'hech chaabeya kbira ken jet t3ary w twari momken ray star akther men haka ! Dhaw9 etounssi fi 3inou mech wedhnou,positive,kaggle_moroccan_sentiment,mixed
Bravoooo Laila chebi,positive,kaggle_moroccan_sentiment,mixed
صراحة s22ultra حسن,positive,huggingface_darija_reviews,Arabic
ja3four Mahlek wlh tounes mestha9a  Lik,positive,kaggle_moroccan_sentiment,mixed
A7la dinya,positive,kaggle_moroccan_sentiment,mixed
Machala,positive,kaggle_moroccan_sentiment,mixed
إمرأة ذات طابع رجولي. و نشوف فيها فادة برشا من ااسيدة شمس اادين,positive,kaggle_moroccan_sentiment,mixed
نحن نعشق الحوار التونسي,positive,kaggle_moroccan_sentiment,mixed
روع المسلسل,positive,kaggle_moroccan_sentiment,mixed
ملا ملهط تدافع على المثلية الجنسية  لعنة الله عليك نعلمك انو سيدك احمد الاندلسي,negative,kaggle_moroccan_sentiment,mixed
برافو وليد وحدك فلوهر,positive,kaggle_moroccan_sentiment,mixed
Chlyk,negative,kaggle_moroccan_sentiment,mixed
Kalib rcd .,negative,kaggle_moroccan_sentiment,mixed
ياشكيب اعلاش ديمة تغزل علي بورقيبة حبيب الشعب اشرف منك ومن امثالك يا حقير يا خوانجي,negative,kaggle_moroccan_sentiment,mixed
نريد جهازا لكشف الفساد و الغش و نريد جهاز بكشف الغش في الامتحانات  مع جماز لكشف فساد المباريات الخاصة بالتوظيف خاصة مباريات المحاماة,neutral,hespress_manual_khalid,Arabic
Bravooo ❤,positive,kaggle_moroccan_sentiment,mixed
"تونسي يمتلك قدرة صوتية كبيرة،  اللي قام بيه ""إبداع""",positive,kaggle_moroccan_sentiment,mixed
نحبها هي عسل,positive,kaggle_moroccan_sentiment,mixed
5hit a5yeb animateur retouu bazz emision bech t5yebb,negative,kaggle_moroccan_sentiment,mixed
قناة الخنار للتونسي والله كان ايحلوها قدام حيوان ما يندبهم .ايجبلك موضوع لواط وبعدها ايقولك الارهاب منين .الشفاعة يا رسول الله .اقسم بالله شي نطق .ياامة ضحكت من جهلها الأمم,negative,kaggle_moroccan_sentiment,mixed
Tha3leb,negative,kaggle_moroccan_sentiment,mixed
Nour ya m3lam bravo wasel rabi m3ak wtwanssa lkol fa5ourin bik,positive,kaggle_moroccan_sentiment,mixed
Manather m9alba le manta9 le chakel t3awaj fi fomha ki lba9ra 5iiit,negative,kaggle_moroccan_sentiment,mixed
ملا منضر وملا قفراشي,negative,kaggle_moroccan_sentiment,mixed
Barcha 9ilet tarbya,negative,kaggle_moroccan_sentiment,mixed
Me7lek,positive,kaggle_moroccan_sentiment,mixed
هدا واعر وجربيه ودعيلي مع زوجي ربي يشافيه ويخليهلي,positive,huggingface_darija_reviews,Arabic
فنان معقد برشااااا,negative,kaggle_moroccan_sentiment,mixed
yhabel mosalsel,positive,kaggle_moroccan_sentiment,mixed
Cv pas .5ayba,negative,kaggle_moroccan_sentiment,mixed
علة راك يا بية,negative,kaggle_moroccan_sentiment,mixed
كان جا بيدي قسماً برب الكعبة ننفيك من تونس ونبعثك للصومال انت والحثالة الورتاني، أنتم أكبر عار علي تونس,negative,kaggle_moroccan_sentiment,mixed
Ya3jebni,positive,kaggle_moroccan_sentiment,mixed
صدقني لا نهظمك,negative,kaggle_moroccan_sentiment,mixed
معلم 👍😉,positive,kaggle_moroccan_sentiment,mixed
ya nour chiba nchala dima mnawerna w mnawer tounis <3,positive,kaggle_moroccan_sentiment,mixed
m3alm a7la kafon fi denya,positive,kaggle_moroccan_sentiment,mixed
Oufffff chbik 3bedtelna safi said ye5i on n'a plus de competences politiques fel blad??!!!,negative,kaggle_moroccan_sentiment,mixed
محلاه التاتو متاعك 💞💞,positive,kaggle_moroccan_sentiment,mixed
رووووووووووووووووعة بكل صراحة,positive,kaggle_moroccan_sentiment,mixed
لا تعليق,negative,kaggle_moroccan_sentiment,mixed
جعفور انسان محترم فدلاك ومحبوب من عند الناس الكل :-),positive,kaggle_moroccan_sentiment,mixed
ثرثار و اخاف من راضية,negative,kaggle_moroccan_sentiment,mixed
mamstek ya kalb ti inta matjib fik ken lkanet hathi mta3 la7asa,negative,kaggle_moroccan_sentiment,mixed
Vraiment a7la 7al9a n7eb n9oul l rim ryehi ma7leha w ma7la klemha bravo wassel w enssaf lya7yeoui rak mwahra tbarkalah 3lik wassel,positive,kaggle_moroccan_sentiment,mixed
قناة العمالة و الخيانة و المهزلة ...قناة الجنس و الدعارة والعار ...قناة الظلم والافتراء و البهتان ...قناة النذالة و الخقارة والخسة ....قناة الرذيلة و الفحشاء و الفتنة ....قناة تزييف و الكذب و التزوير باختصار شديد قناة الباجي السبسي ...الاعيبكم مملة لانها اصبحت مكشوفة يا عبيد...,negative,kaggle_moroccan_sentiment,mixed
التونسية تحاول تبييض اعمال بن علي من خلال تافه و جاهل و منحط... اخي كي ظال هجتكم باش ادغفونا و ترجعو بن علي تي ماو جيبو واحد راجل موش ةاحد اجهل من سباطي.. يا ولدي بن علي راكم اتفهو فيه بها الوجوه المقلبة...كي اطحنو اعرفو قواعد الطحين....,negative,kaggle_moroccan_sentiment,mixed
أنا فديت من تفاهتكم و فسادكم و بيع دينكم و بلدكم و أخلاقكم يا إعلام فرنسا و إسرائيل إعلام المجاري إعلام نوفمبري فاسد حسبنا الله و نعم الوكيل فيكم,negative,kaggle_moroccan_sentiment,mixed
Rejel,positive,kaggle_moroccan_sentiment,mixed
تعجبني ياسر,positive,kaggle_moroccan_sentiment,mixed
منافق مقداد,negative,kaggle_moroccan_sentiment,mixed
عنصر مشاغب لا يليق بالبرنامج ولا يليق بتونس,negative,kaggle_moroccan_sentiment,mixed
فنان كبير مشرف توني يعطيه الصحة,positive,kaggle_moroccan_sentiment,mixed
محلى زيني يا ربي,positive,kaggle_moroccan_sentiment,mixed
انت معلم و احنا منك نتعلم,positive,kaggle_moroccan_sentiment,mixed
بِسْم الله ما شاء الله,positive,kaggle_moroccan_sentiment,mixed
احلى كوميدى فى تونس,positive,kaggle_moroccan_sentiment,mixed
زهير الذوادي محلاك محلاك هههههههههه,positive,kaggle_moroccan_sentiment,mixed
souutou behhi,positive,kaggle_moroccan_sentiment,mixed
ضامرة و خفيفة و الشلابق خدامة ههههههههههههههه,positive,kaggle_moroccan_sentiment,mixed
mamset mleyketha,negative,kaggle_moroccan_sentiment,mixed
هذا انسان يحارب في الميوعة وقلة الحياء انا معاك يامعلم,negative,kaggle_moroccan_sentiment,mixed
فنان عندو أنسانية كبير مش كيما بقية الفنانين الأخرين كان تفاها و تفشفيش . برنامج يطير بداري ديكو,positive,kaggle_moroccan_sentiment,mixed
"يخلي داركم كان الطحين و النفاق مرة مع بورقيبة و مرة مع بن علي و تو مع قايد الناقة تو كيف إنت مريض خلي لعباد تدعيلك بالشفاء عﻵه تخليهم يسبوا فيك""",negative,kaggle_moroccan_sentiment,mixed
maset bsara7a -_-,negative,kaggle_moroccan_sentiment,mixed
Nice product,positive,huggingface_darija_reviews,Arabizi
wlhh m3além kamél :* Bonne contuniations :D :v,positive,kaggle_moroccan_sentiment,mixed
Mehich chrifa,negative,kaggle_moroccan_sentiment,mixed
w barnemjek nchalah yfai9 la3bed,positive,kaggle_moroccan_sentiment,mixed
Bravo balti :-) :-) :-),positive,kaggle_moroccan_sentiment,mixed
توا وفى مسلسل زازة و نجلاء و كرارز عبلا و هاو جاكم مسلسل منال عمارة و كاديريم و المنقالة و الكبوط و رأس اللمبوط برعاية قناة الحوار ..... الراعي الرسمي لكل ماهو عار و خنار !!!!!,negative,kaggle_moroccan_sentiment,mixed
من أجل الإنصاف وعدم التمييز بين مهنيي الصحة، يجب وضع قانون مماثل لأطباء الطب العام، حسب عدد الفحوصات التي يجرونها شهريا. كما يجب سن قانون يفرض على المريض، قبل أن يتوجه إلى طبيب مختص، أن يمر أولاً عبر طبيب عام،وهو من سيرشده إلى اللجوء لطبيب مختص، إذا اقتضى الأمر.,neutral,hespress_manual_khalid,Arabic
Sa9et w mech rajel w my7chmech w 9wade w l'kaleb achref menou... w l'3yib fi sami eli m5lyik tet3da en tel!!!!,negative,kaggle_moroccan_sentiment,mixed
في المستوى خويا,positive,huggingface_darija_reviews,Arabic
Mssat !,negative,kaggle_moroccan_sentiment,mixed
مسلسل منحط حتى اسم المسلسل تافه,negative,kaggle_moroccan_sentiment,mixed
Awell mara ye3jebni bravoo,positive,kaggle_moroccan_sentiment,mixed
chnakerhu,negative,kaggle_moroccan_sentiment,mixed
Massta lassta,negative,kaggle_moroccan_sentiment,mixed
كذّاب كبير,negative,kaggle_moroccan_sentiment,mixed
7al9a fachila,negative,kaggle_moroccan_sentiment,mixed
barbi hak hanen mahich tachof fi ro7ha fi meraya smina raw mouch 5arej 3lik beffffff,negative,kaggle_moroccan_sentiment,mixed
ma7lehom la5wet ky y7essou beb3adhom,positive,kaggle_moroccan_sentiment,mixed
قلة حيا وقلة تربيه ووقاحه وفساد,negative,kaggle_moroccan_sentiment,mixed
Tefah,negative,kaggle_moroccan_sentiment,mixed
منصح حتى وحد يضيع عليه الوقت والله مصالح,negative,huggingface_darija_reviews,Arabic
Bravoooo nour wasssel,positive,kaggle_moroccan_sentiment,mixed
M3lm bader,positive,kaggle_moroccan_sentiment,mixed
W sami barvo barvo barvo,positive,kaggle_moroccan_sentiment,mixed
ماسط وكنا ننتظر احسن من هذا العمل من الحوار التونسى لكن مع الاسف .................................,negative,kaggle_moroccan_sentiment,mixed
بالصراحة لا علاقة بالتمثيل,negative,kaggle_moroccan_sentiment,mixed
معلم كريم,positive,kaggle_moroccan_sentiment,mixed
لمين انت معلم,positive,kaggle_moroccan_sentiment,mixed
باسلة,negative,kaggle_moroccan_sentiment,mixed
ماصط لاصط القمار في شهر العبادة ربي يهدينا  عيب,negative,kaggle_moroccan_sentiment,mixed
أحمد راجل وفاهم,positive,kaggle_moroccan_sentiment,mixed
tfouh 3likom ya massi5!!!,negative,kaggle_moroccan_sentiment,mixed
Naaadi,positive,huggingface_darija_reviews,Arabizi
ملا همجية,negative,kaggle_moroccan_sentiment,mixed
موش. مربي.  و بهيم.,negative,kaggle_moroccan_sentiment,mixed
Ja3four ya ja3four rabi ywaf9ek,positive,kaggle_moroccan_sentiment,mixed
Nawfel ahsen,positive,kaggle_moroccan_sentiment,mixed
Raouwaa,positive,kaggle_moroccan_sentiment,mixed
واصل كريم,positive,kaggle_moroccan_sentiment,mixed
مسلسل تافه ومنحط و مافيه حتي تشويق,negative,kaggle_moroccan_sentiment,mixed
Ma9al torbitooo!!!!,negative,kaggle_moroccan_sentiment,mixed
machalah 3lik enti whanen echograni,positive,kaggle_moroccan_sentiment,mixed
محلها,positive,kaggle_moroccan_sentiment,mixed
Awel mara yi9oul 7aja tasla7,positive,kaggle_moroccan_sentiment,mixed
souteou tayaaaaaaaaaaaaara,positive,kaggle_moroccan_sentiment,mixed
"....و تحسو بوهالي.... و دمو ثفيل  yesser rziiiin maaaaaaaset""",negative,kaggle_moroccan_sentiment,mixed
انا بصراحة الفنان هذا ما هضمتوشي بالكل ' ملي ريتو في التلفزة كرهت الفن بصفة عامة مازال كان البهيم حاشاكم ما غناش اهه يا تونس بالحق هرمت و كبرت و عزعزت وجبت 'كافون '',negative,kaggle_moroccan_sentiment,mixed
عزوزة متصابية ، ياسر مغرورة و تافهة ، ماسطة وجاهلة,negative,kaggle_moroccan_sentiment,mixed
tbarkallah 3lik wajiha dima mwahra,positive,kaggle_moroccan_sentiment,mixed
"Ya3tik essa7a ja3four 3jebtni barcha fil emision bklemek w jawek 
yhabloooo ��
روعة
Zouz ma7lahom ty ebkatherte mani mrakza em3ohom edou5a la3bet bia hhhhhh
مزالت البركة كرمكالله ❤
Brvoooooo:-O
تلقائية...
😍
Ma7leha
A7LA Couple
Wlh m3alm kol klma fi 7a9ha
بالحق برااااااافو ;-)",positive,kaggle_moroccan_sentiment,mixed
kaleb sa9it mete7chemiche,negative,kaggle_moroccan_sentiment,mixed
نكرة لاتاريخ لهاولااتصوران لهامستقبل فني....مجردفقاعة في فن التمثيل...وتستمرالرداءة,negative,kaggle_moroccan_sentiment,mixed
انا نحبها و نموت عليها عندها . تعرف اش تقول من الفنانات القلائل الي عندها كاريزما و شخصيه.  الله يوفقها متميزه في المسرح و في الدراما و في السنيما.,positive,kaggle_moroccan_sentiment,mixed
masset  yessser,negative,kaggle_moroccan_sentiment,mixed
على حليلتها أمونة ربي ينجحها,positive,kaggle_moroccan_sentiment,mixed
mastat,negative,kaggle_moroccan_sentiment,mixed
زوين هد لفلم ولكن بش خيبه بي لغليض,neutral,huggingface_darija_reviews,Arabic
Chapo walid m3alim,positive,kaggle_moroccan_sentiment,mixed
زياد فنان متكامل مشالله عليه ممثل و ملحن و مغني و اكثر مسلسلاتو اللي عجبوني حلوة,positive,kaggle_moroccan_sentiment,mixed
Ena  baketni bravo,positive,kaggle_moroccan_sentiment,mixed
khamej barcha,negative,kaggle_moroccan_sentiment,mixed
هذا المسؤول جاء فقط لدق آخر مسمار في نعش التعليم العمومي ومختلف المؤشرات على ارض الواقع تدل على ذلك !لكن لماذا رموز الكيان المصطنع يعزون فشلهم للحكومة الماضية رغم ان الشعب يعرف من كان اهم حزب في الحكومتين الماضيتين اي منذ 2013 سنة المؤامرة المعروفة اي العمل على خروج حزب الاستقلال واستيلاء فعلي للكيان الإداري على اهم مناصب والوزارات في حكومة بنكيران والعثماني ! فهذا استهزاء من ذكاء المواطنين,negative,hespress_manual_khalid,Arabic
Nour ya a7la chiba hhhhhh ma7lek,positive,kaggle_moroccan_sentiment,mixed
M3almaaa 💓 b sars7aaa ... tayaara,positive,kaggle_moroccan_sentiment,mixed
Ma7lhom,positive,kaggle_moroccan_sentiment,mixed
ديما حلوة,positive,kaggle_moroccan_sentiment,mixed
behi bravo,positive,kaggle_moroccan_sentiment,mixed
ﺍﻟﺸﻴﺐ ﻭ ﺍﻟﻌﻴﺐ ﻳﻌﻄﻴﻬﺎ ﻃﺮﺷﻴﻘﺔ ﻓﻲ ﺭﺃﺳﻬﺎ:-D,negative,kaggle_moroccan_sentiment,mixed
ملا سلعة لا أخلاق و لا تربية و لا منظر,negative,kaggle_moroccan_sentiment,mixed
chab3a tho7k bravoooooooooooo,positive,kaggle_moroccan_sentiment,mixed
والله عائلة قروده حاشا القروده,negative,kaggle_moroccan_sentiment,mixed
"في الجنوب كلمة خايبة يا ثعلب""",negative,kaggle_moroccan_sentiment,mixed
بقات ف الفاخر حتى نضمن بعدا الحولي ولكن سيشوى جيب  المواطن على الفاخر قبل الحولي.او الله يسهل الأمور للجميع.,negative,hespress_manual_khalid,Arabic
Ya mo9ded 9adechek maset,negative,kaggle_moroccan_sentiment,mixed
نور اشالله دايما من حسن الي احسن,positive,kaggle_moroccan_sentiment,mixed
برافوااااا عليكم,positive,kaggle_moroccan_sentiment,mixed
maste,negative,kaggle_moroccan_sentiment,mixed
Cheritou khaib endi nwed lia lhbub re9ii9 tiji ghi m3a la peau sèche,negative,huggingface_darija_reviews,Arabizi
ana dohretli yasser mezyana,positive,kaggle_moroccan_sentiment,mixed
الماكر والداهية,negative,kaggle_moroccan_sentiment,mixed
باهي برشا ان شاء الله بتوفيق تعجبني بالمسلسلات,positive,kaggle_moroccan_sentiment,mixed
دائما أنيقة على الدوام,positive,kaggle_moroccan_sentiment,mixed
ماسسسطط,negative,kaggle_moroccan_sentiment,mixed
عالحيط,negative,kaggle_moroccan_sentiment,mixed
Wach kadiri  livraison flmaghrib okharij lmaghrib,neutral,huggingface_darija_reviews,Arabizi
شنكرههم هرهوت تفوووه,negative,kaggle_moroccan_sentiment,mixed
ممصطهم الكل على بعضهم,negative,kaggle_moroccan_sentiment,mixed
ماشاءالله تبارك كلهم زوينين الله يحفظك يارب 🥰🥰🥰🥰,positive,huggingface_darija_reviews,Arabic
A7la artistowet illila Ja3four+Noor,positive,kaggle_moroccan_sentiment,mixed
برافو وليد التونسي ياسر كلامك عجبني والله بردتلي على قلبي يعتيك الصحة,positive,kaggle_moroccan_sentiment,mixed
تفيه عليكم فردا فردا يا جرذان المسخ سامي الفهري,negative,kaggle_moroccan_sentiment,mixed
انسان ماسط وفارغ وانتهازي,negative,kaggle_moroccan_sentiment,mixed
مايخرجش عليك لكلام إلي تقول فيه يا شيخ أنت راجل كبير و تقول  في لكلام هذا و نحن مع العائلة عيب عليك :/  :(,negative,kaggle_moroccan_sentiment,mixed
ماسط أمسط من نوفل الورتاني,negative,kaggle_moroccan_sentiment,mixed
ربي يفضلك وليد,positive,kaggle_moroccan_sentiment,mixed
M'en a7sen ma3dna fi tounis w tsta7a9 adwar akber m'en liga3da ta3mlhoum,positive,kaggle_moroccan_sentiment,mixed
انا نحبك جعفر,positive,kaggle_moroccan_sentiment,mixed
جعفور ... عندو برائة  و طيبة في وجهو ما فهمتهمش ... فيسع يدخل للقلب,positive,kaggle_moroccan_sentiment,mixed
زرت المطعم رائع والاكل لديد و أتمنة جد مناسبة أنصح بكل مغربي وأجنبي زيارته ❤❤❤❤🥰,positive,huggingface_darija_reviews,Arabic
معاااااااااااااااااااااالم  زايد وحدو في التفدليك,positive,kaggle_moroccan_sentiment,mixed
برافو خالد شوكات ....,positive,kaggle_moroccan_sentiment,mixed
مصدق روحو إلي هو يغنى خير منها وهف يهزكم,negative,kaggle_moroccan_sentiment,mixed
برشا وبنى و فساد,negative,kaggle_moroccan_sentiment,mixed
M3alma men m3almiet mousalsel awled moufida,positive,kaggle_moroccan_sentiment,mixed
Amouna ya masset kil 3ada 3awdtna bemsatek wdhyefek kifk,negative,kaggle_moroccan_sentiment,mixed
توفيق الغربي ردىء ومبتذل,negative,kaggle_moroccan_sentiment,mixed
TA7FOUN BARHA,positive,kaggle_moroccan_sentiment,mixed
Zayed m3alma bonne chance <3,positive,kaggle_moroccan_sentiment,mixed
كم أنت كريم يا رب  تباركله عليها مثال عن المرأة  التونسية  برافو,positive,kaggle_moroccan_sentiment,mixed
بكل بساطة معلم,positive,kaggle_moroccan_sentiment,mixed
N9adrou momthel behi,positive,kaggle_moroccan_sentiment,mixed
Wallah baridli al 9albi,positive,kaggle_moroccan_sentiment,mixed
الله يرحم والديك علي موقفك مالكلب الخوامجي شكيب التافه .حطيطو في بلاصتو,negative,kaggle_moroccan_sentiment,mixed
Nhibak barcha w ili fi galbik 3a lsenek  baradli 3a galbi,positive,kaggle_moroccan_sentiment,mixed
ممثلة طيارة و متمكنة تحياتي لاها,positive,kaggle_moroccan_sentiment,mixed
واو هذا الشي روعة تبارك الله سرغينة زوينة,positive,huggingface_darija_reviews,Arabic
m3allem weld bledi w3ab9ari rabi ywafa9 koll tounsi,positive,kaggle_moroccan_sentiment,mixed
وجيهة في 3 كلمات متخلقة و حنينة و صعيبة .,positive,kaggle_moroccan_sentiment,mixed
مزيانلفلوس كيدوها غار شفارةانا بناي فسويسرا كنشد اكثر من الطبيب فلمغرب,negative,hespress_manual_khalid,Arabic
Rim ma7lek yser class 💕💕💕,positive,kaggle_moroccan_sentiment,mixed
والله زويز روعه ربي يبارك,positive,kaggle_moroccan_sentiment,mixed
برافو شرفتنا ليوم وزيد صوتك روعة برافو (y),positive,kaggle_moroccan_sentiment,mixed
5amssa w5miss 3alik ya zina,positive,kaggle_moroccan_sentiment,mixed
Marzen mleyiktek w ma9al 7yek tfouh 3la hal mandher,negative,kaggle_moroccan_sentiment,mixed
Bghit hadik dyal 110 €,positive,huggingface_darija_reviews,Arabizi
متاع مفرخ والا متاع عزايز  ماسطة ماسطة لاسطة ،وهذيه النوعيه بابورها صفر واندثر,negative,kaggle_moroccan_sentiment,mixed
برافو سناجي جلول,positive,kaggle_moroccan_sentiment,mixed
mamstou :p,negative,kaggle_moroccan_sentiment,mixed
Tabrkalla,positive,kaggle_moroccan_sentiment,mixed
محلاه بدر.أقوى لقطة برفواااا,positive,kaggle_moroccan_sentiment,mixed
لوح تلفون من صطح اخر تجربة لتلفون,neutral,huggingface_darija_reviews,Arabic
عز الناس امرأة ب 100 رجل. برافو محرزية اخلاق و خلق,positive,kaggle_moroccan_sentiment,mixed
mala mounefi9,negative,kaggle_moroccan_sentiment,mixed
"عبد الفتاح مورو رويبيضة. العصر 
مصقتها
Eli kifou lezeem imoutou   ✌
تافه يتكلم في امر العامة
Tfouh alik ya kemja
رجل اعمال وهدرة وحراسة ومال واعمال ومستواه منحط.يحكي كي الفصالة ويسهر في كباريه بدورو ويلوج عل بنات هك وهك.ملا حالة وكابة
Barcha 9ellet torbiya
قمة العارر بلاد تقاوم فالارهاب و ذكوررا تلوج علا الذكوررا
5orda
Barcha 3ar w fdhayah
merg w masat
بلاد الواق واق",negative,kaggle_moroccan_sentiment,mixed
داسيا مزال مطورت الامان مزال مدارو ديسك فران عجلات خلفية,negative,huggingface_darija_reviews,Arabic
الغش تحاربونه ولكن الفساد في نقط الباك والوساطات و المدارس الحرة التي تنفخ في النقط من سيحاربها ((حاميها حراميها)),negative,hespress_manual_khalid,Arabic
Masssiiiit,negative,kaggle_moroccan_sentiment,mixed
Mala chleka jeya meded wejhou hedhka 7adou Wlh matfhek tejbd fil mouta 7ata houma ma men3ouch yaltiiiiiif zeyed matfhek 3abd 7acha 5li9et ra7men,negative,kaggle_moroccan_sentiment,mixed
Borjoliya masit,negative,kaggle_moroccan_sentiment,mixed
ما نعرفهاش أما عملت مداخلة باهية يعطيها صحة,positive,kaggle_moroccan_sentiment,mixed
ساقط ادافع على امريكا وقطر وتركيا الي امولو في داعش,negative,kaggle_moroccan_sentiment,mixed
Bravo sami élféhri,positive,kaggle_moroccan_sentiment,mixed
محلاك و محلا صوتك وانا من اكبر معجبينك وربي يوفقك :-* <3,positive,kaggle_moroccan_sentiment,mixed
"ya si taoufik , :(  rak maset laset , , tha9aftik mta3 7bouset  w ni9achik mta3 9hawiiii",negative,kaggle_moroccan_sentiment,mixed
Maset barchaa,negative,kaggle_moroccan_sentiment,mixed
أنا مقاطع هذه القناة الكارثة,negative,kaggle_moroccan_sentiment,mixed
تحبو دخلو في المخاخ العباد الي الحرام نورمااال 😡😡,negative,kaggle_moroccan_sentiment,mixed
Masssta lasssta koul hiya matekelch thaw bellehi barrra ara wejjek kadech kla thaw w botokx,negative,kaggle_moroccan_sentiment,mixed
Wallah 3ib rana nitfarjou 3ayla lkol en plus tarbia mte3na matisma7ech lina bech nitfarjou fi 9anetkom yikfina nasalou yizi,negative,kaggle_moroccan_sentiment,mixed
والله منور ربي يبارك فيك عرفت تجاوب على دولسي الجديد وهاديك ماش رافة زرافة,positive,kaggle_moroccan_sentiment,mixed
Yaser maghrour w maset maha9homech jabouh,negative,kaggle_moroccan_sentiment,mixed
أسقط وأرذل خلق الله هم أنتم يا حزب النهضة,negative,kaggle_moroccan_sentiment,mixed
شكيب متاع النهضة ، المحايد,negative,kaggle_moroccan_sentiment,mixed
أحلي جعفور في دنيا وله فرهتنا علي قلوبنا,positive,kaggle_moroccan_sentiment,mixed
هو صراحة المحتوى عمرو ضحكني اسالة جدااا مستفزة للفنانين و فيها بزاف ديال القلة الادب,negative,huggingface_darija_reviews,Arabic
هذا هو الفندق الذي يزدهر و يكثف نشاطه في الصيف، عندما تتوافد عليه المغربيات و يرتمين في احضان الاجانب، للمساهمة في ميزانية الدولة، أسعار مغرية و تخفيضات من المغربيات.,negative,huggingface_darija_reviews,Arabic
مصائب قوم عند قوم فوائد فخط الغاز المغرب النيجر سيحضر بأولوية على الخط الجزائري الذي يمر ببؤر التوتر فالاروبيون لن يخاطروا باستثمارات مهددة فالامن اولا وهذا مايضمنه الخط المغربي الذي يمر عبر الأطلسي ويجعل من المغرب محطة استراتيجية للتوزيع,positive,hespress_manual_khalid,Arabic
"Mra mtha9fa w ta3rff chtahki n7tarem mawe9efha ra8m eli manwef9hech,",positive,kaggle_moroccan_sentiment,mixed
نجلاء انت ممثلة كبيرة و انا نحبك برشا و نتبعك برشا اما نقولك  الصوت و لغناء سيب عليك خليك في  دائرة التمثيل  يزي خليك محبوبة  ^_^,positive,kaggle_moroccan_sentiment,mixed
اتفوووووه عليهم,negative,kaggle_moroccan_sentiment,mixed
M3alem jaafour,positive,kaggle_moroccan_sentiment,mixed
sarha litygolo khayba bek3kss mzn katrmem bechra otertbha okt3tiha wahd nadara zwina khass teb3iha,positive,huggingface_darija_reviews,Arabizi
mahleeekoum louleeeed nhbkoum,positive,kaggle_moroccan_sentiment,mixed
هاتف رائع وقوي الحمد لله محرماتناش سامسونغ من النوت حيت كيتعتابر احسن هاتف عالمي المعالج واعر الشاشه وقوة السطوع كيف العاده من الأفضل الكامرات تاني افضل كامرات بعد سوني لي كيبغي اتصور بسناب راه اروع مكين الحجم مزيان الالوان الأسود الأفخم الصراحه و استهلاك البطاره مكنظنش غادي يكون بحال 13pro max  ولكن 5000ملي اومبير مزيانه وسرعه الشحن مزناه ولكن السعر زادو فيه شويه,positive,huggingface_darija_reviews,Arabic
بالطبيعة تونس الكل تعرفو.أخي تستبهلو فينا ملا اسئلة تافها كيف برنامجك يا امين,negative,kaggle_moroccan_sentiment,mixed
malla 7ayawan hadha,negative,kaggle_moroccan_sentiment,mixed
7louwa yacer ta3jbni ♡♡,positive,kaggle_moroccan_sentiment,mixed
ياقو عليك ربي ياسامي,positive,kaggle_moroccan_sentiment,mixed
ma7la fazt bayrem am3a abrhim w bader am3a omi barvooo,positive,kaggle_moroccan_sentiment,mixed
Samsung dima lemssa dyalha spécial 😍❤,positive,huggingface_darija_reviews,Arabizi
اووووووف تفدد محرزيه والله,negative,kaggle_moroccan_sentiment,mixed
عجبتني وليد الموقف هذا ينجم يكبرليك الكاشي هههه bravoooo,positive,kaggle_moroccan_sentiment,mixed
ولّينا مهزلة آخر شيء أن ما يُسمّى بنور شيبة أصبح يفتي في القضاة.منين عندو الثقافة.هو الفن بعيد عنه فما بالك بالقضاء.خسئت يا غريب الفن,negative,kaggle_moroccan_sentiment,mixed
tmaredh bel coulira -_-,negative,kaggle_moroccan_sentiment,mixed
هههههههه كل ليلة ينتحي القلق بشوية ضحك وتفرهيد وسهرية تفتق البرامج الكل حلوة برافو,positive,kaggle_moroccan_sentiment,mixed
Mahlek watetek elebsa,positive,kaggle_moroccan_sentiment,mixed
mala manadher tfouuuuuuuuuuuhh,negative,kaggle_moroccan_sentiment,mixed
كيف آمين تربيه أخلاق,positive,kaggle_moroccan_sentiment,mixed
عيب عليكم مخليتولناش بلطي يحكي,negative,kaggle_moroccan_sentiment,mixed
بعدي من كلين تكليغ,negative,huggingface_darija_reviews,Arabic
وليد التونسي معلم اشكون باش يتكلم,positive,kaggle_moroccan_sentiment,mixed
فيلم مغربي جميل,positive,huggingface_darija_reviews,Arabic
تقتل محلها,positive,kaggle_moroccan_sentiment,mixed
اقمار فى رمضان...ربى يهديكم,negative,kaggle_moroccan_sentiment,mixed
Wlh wahra beki jiba,positive,kaggle_moroccan_sentiment,mixed
"لطفي  ما يلعبو حد و ما يكبر في عينو حد 
Tbarkalh 3liha
7al9a hbel
Ya m3alem
ye3jbni rabi ykawi imeno w imena nasse lkol ..
وجيهة وجيهة في أعمالها ووجتها في التمثيل تشرف
الحمد لله على كل حال وربي يعطيها القوة
Bravo khadouja
Rajel rajel rajel t3ich walid
Bravoooooo
Mhaffa wdamha bered
يا وليد يا معلم .. و الله العظيم راجل و برسمي أثبتت إنك فنان راقي .. و عجبتني كي دفعت على أحمد .برافو ..برافو ..
ياسر محلاه ❤️
M3aalem
مسلسل  جميل طوب
bravooo te3jebni yeser fi tamthil :)
تعجبني
محلاه كلامو ...جزاه الله كل خير
فنان شيك و ساماتيك برافو نور شيبة كمل اكيكا
سلطانة التلفازة
heyel yeser
Moch normal te3jeni 3ale5er
ya3taha sa7a ..
انت المعلم
نحترميك اماااا يا هشام نقص اشوية نفخة....
maryem nhbhaaa baarcha
نحبها
Ya3tihom saha
Rahmouni ndhif w monadhel
mahleha
يا خويا قداشو ارطب
Akid",positive,kaggle_moroccan_sentiment,mixed
انا بشرتي دهنية عارفة بلي ماشي مرطب ولكن ملي ستعملتو كل نهار دارلي لحبوب و دابا كنستعملها غير اذا حسيت بوجهي نشف,negative,huggingface_darija_reviews,Arabic
mala sel3a :),negative,kaggle_moroccan_sentiment,mixed
ربي يحفضلك جمالك,positive,kaggle_moroccan_sentiment,mixed
Bon courage,positive,huggingface_darija_reviews,Arabizi
Tbarkallah 😍😍😍,positive,kaggle_moroccan_sentiment,mixed
حلقة ممتازة,positive,kaggle_moroccan_sentiment,mixed
ان الله يمهل ولا يهمل، فذلك هو جزاء خونة الوطن الجشعين لجمع الأموال على حساب الشعب ،فهم يريدون تصدير كل شيء ولا نومهم نحن رغم انهم يستنزفون الفرشة الماءية من أجل السقي ونحن لنا نصيب مثلنا مثلهم فيها,negative,hespress_manual_khalid,Arabic
bravo ;),positive,kaggle_moroccan_sentiment,mixed
jaw ahla jaw :),positive,kaggle_moroccan_sentiment,mixed
حمد الله مشرتوش هدا أسوء نسخه بنظري,negative,huggingface_darija_reviews,Arabic
لعنة الله عليكم .. يا مفسدين يا كلاب .. تخيبوا في رهوطكم حاسبين الشعب ظحكة يا شياطين ..,negative,kaggle_moroccan_sentiment,mixed
bravoooooooooooooo sami kol moussalsil 3amaltou inti tayara,positive,kaggle_moroccan_sentiment,mixed
Mella wejh lo7 .enti 3ar 3la touneeeees.9alet 3malna thawra hhhhh,negative,kaggle_moroccan_sentiment,mixed
Lotfi rak m3alem bravo wlh :* :*,positive,kaggle_moroccan_sentiment,mixed
ضروري زعما يديروا  الألوان السبعة؟,negative,huggingface_darija_reviews,Arabic
تفرج وحدك في قناة الزبالة,negative,kaggle_moroccan_sentiment,mixed
sil3aaaaaaaaaa,negative,kaggle_moroccan_sentiment,mixed
M3allem y'a walide allah y5alik .baredli ala galbi,positive,kaggle_moroccan_sentiment,mixed
أحل جعفور برفو,positive,kaggle_moroccan_sentiment,mixed
واش ردتو البال المطعم خااااوي,negative,huggingface_darija_reviews,Arabic
madhroub fi rou7ou barcha,negative,kaggle_moroccan_sentiment,mixed
بصارحة انت معلم,positive,kaggle_moroccan_sentiment,mixed
إنت إلي طيحت فنك يا كافون زطلة و شم هذا موش كلام,negative,kaggle_moroccan_sentiment,mixed
برشا سخافة و رخس و قلت تربية والله اول مرة نتفرج فيه خاطر حطينو في القهوة و اخر مرة زادة,negative,kaggle_moroccan_sentiment,mixed
Jaafour mahlek ou mathemrek,positive,kaggle_moroccan_sentiment,mixed
Mmsetkm pffff,negative,kaggle_moroccan_sentiment,mixed
Balti bravo a7sen rapeur n7bou,positive,kaggle_moroccan_sentiment,mixed
افففففففففففف شي يفدد,negative,kaggle_moroccan_sentiment,mixed
برافو فوزي وينو جديدك,positive,kaggle_moroccan_sentiment,mixed
mamsatha •,negative,kaggle_moroccan_sentiment,mixed
Bravo walid INTA MAALLEM,positive,kaggle_moroccan_sentiment,mixed
محلاااااك ألفة,positive,kaggle_moroccan_sentiment,mixed
Mahboula wzagrtoulha fi withnha,negative,kaggle_moroccan_sentiment,mixed
كاريني نشف ليا وجهي ونوض ليا حبيبات بزاف معجبنيش بقا غير محطوط,negative,huggingface_darija_reviews,Arabic
هههه ما يعرف دواه كان بندير مان .. ماااااسط,negative,kaggle_moroccan_sentiment,mixed
"أحسن مقطع هو ديال 
سي عتمان لبغل 
ولله العظيم إلى مت بضحك 😂😂😂",positive,huggingface_darija_reviews,Arabic
هادوك السراول لعراض كنت شريت منهم واحد ملي تصبن رجل طلعات على رجل واش فايت وقعات ليكم؟,negative,huggingface_darija_reviews,Arabic
enta m3aleeeem <3,positive,kaggle_moroccan_sentiment,mixed
احسن فيلم,positive,huggingface_darija_reviews,Arabic
22 ألف درهم مالو بغا يولد ليا دراري مايستهلش داك تمن,negative,huggingface_darija_reviews,Arabic
Ma3azzouu,positive,kaggle_moroccan_sentiment,mixed
محلك ومحل مرتك وموتين بعضكم,positive,kaggle_moroccan_sentiment,mixed
Mase9etha,negative,kaggle_moroccan_sentiment,mixed
فنانة ياسر لاهية بروحها...آناقة ورشاقة ومتفائلة وطموحة جداا...أتمنى من بعض الفنانات الاتي يعشن في إهمال فني وذاتي ونفسي أن يقتدين بهاته الفنانة التي شدت إعجاب الملايين من داخل تونس وخارجها...بالتوفيق إن شاء الله,positive,kaggle_moroccan_sentiment,mixed
mamsathhhhhhhhhhhaaaaaa oooofffffff,negative,kaggle_moroccan_sentiment,mixed
"1000\1000""",positive,kaggle_moroccan_sentiment,mixed
"بورحولية الراجل هذا وقفلي مخي ... كيفاه يحب يرجع بن علي .. تي مالا وعلاه احنا عملانا ثورة .. 
شعب بهيم و مستك و جحش و كلاب في نفس الوقت تفوه
Mamstou 😖 amsat mel broudou
تدخلات  فارغة  موش  بلاصتو كلام الناس  و يزينا من  
Kadheb
تفووووووووووه ياولد عاهر
masset barcha
أمين قارة جابوه للحوار التونسي باش يطير عليهم العين هههه أمسط منشط في الدنيا #أمين_قارة_أول_غلطة_لقناة_الحوار_التونسي 
ye5ou fy flouss  7ram fih
البلعوط
pffffffffffffffffff mamset ommek
تفوه علي ما يحشمش تلم وهف يهزك. ملا شلايك عليها من الله ما تستحق.
ماسط ماسطه مالهاش مثال ولا في الخيال و تستاهل هذه 💣.😃
عيب عالاقل استر ماستر رببي جايبينو يحكي مباشر ملا تطور صاير فيالبلاد رانا نتفرجوا صغارر وكبار والله عيب ما ننكروش الي الحوار التونسي تعجبنا ونحبوها اما ننصحكم بلاش محبة الشعب ما يصرير شيء وشكرا
ملة مهزلة بلاهي كي ما تعرفش القرآن أش لزك عليه يا كافون
kalb mchawat zendik
يا حثالة كمشة مثليين و سقاط
رني رني علمو الشعب الدياثة و القحب
قاداشكم ارخاس الشعب الكل اكرهكم
mamset zok omou
Masta 😪😪
راك ماسط راك لاسط راك سلعة كلخة ما تشيخ الراسط واااا حمزاوي فين طاير في السماء كيما قالوا ناس بكري معيز و لو طارت و الفاهم يفهم
mamstik au moins elli keno chedin wizra keno tiba w mohandsin ith7ak 3ala rou7ek w pr critiquer personne 7awel ta7ki bi osloub mit7athar
Tfoooouh
Khiiiiittttttttttt 3lik, 9atletkom elghira wel ghazoul min lotfi
حمزاوي اعتزل الفن بعد ما شهد هذه المهزلة
فضحونا بالعرى .
Massettt
fi belek brou7ek t7azen el galeb
chbik maset el bereh eddrama athret 3lik
Mastaaaaaa
Tfouh...
فنان عنصري و غبي
مزوّر
راك ماسطة راك لاسطة
الشيب والعيب
Farekh tafeh mta3 El Fehri
كراكوز ياغربي
ابتذال وسفالة بدون حدود .
أشبعو صتايك يا قناة المخور
ya  mase5
Malla mestawa2 mon7at me k9itou me tjibou kene hal mander hatha
نكرهك انت هذ سال
ماااااسط
ملا حالة وملا مستوى متاع سي الكبش الفرُك
من اسخف و اوطى الاعمال بصراحة مش متع سهرية وسط العايلة
5wenji tla3 mel brima wzid kadheb wtes2el fina chnowa rayna fih? yemchi yrou7 
تأفه برشا
سحقا لمفيده وأولادها لهمل يعلمو في الشاب بعد عن ربي ودينهم حسبي الله ونعم الوكيل فيكم يا خمج
برنامجكم  في النازل  و اعتذاركم  المتعالي لا يكفي و لن  ننسى  انكم كنتم تسوقون  للمثلية
Maset laset
wallah 7ram 3likom
تحب تعيشوا الناس في الخيال التافه متاعكم رمضان و قلة حيا أش بش تلقوا فعلكم
فرخ
ماسط ﻻسط
خنزير هذا
مقرف
فدينا منوا ماللخر
قمة السخافة
-tefeh 
Masta lasta
Mamsetha tetcha9nesss  w 7aasbaa rou7ha sghiiiira
malla bahloul whaika ilbhim ,kfaih yithhak  mythahkouch
ممصطها
مقدم تافه  و تفاهه
شلاكة
Masseeeeeettt
الله يهلكءك يا فهري يا مجرم
barcha fsed et wabna
mala emgarabaa
Chlaka
اسمو طاهر وهو مسخ هههه شيخ المثليين
nekraha
init kalb 7ach ismik
عندها حق ماسط يكتل
الطحين لترويكا
جاهل من جهال تونس
مقداد والله كثرت علي ما وصاوك
فاتك القطار
tfouh 3la jed weldikom l kalb
عيب و عااااااااااااااااااااااااااااااااااااااااااااااااااااااااااار",negative,kaggle_moroccan_sentiment,mixed
"A7sen 7aja feha tha7ketha , ma7leha ... <3 9a3da te5dem fi 5edma kbira ya3taha sa7a ;)",positive,kaggle_moroccan_sentiment,mixed
"المخرج اللي مخرج الفيلم تافه وعزيزة عليه الحموضة 
من ديك خيتي اللي مجبدة ف المسبح.... وخاسرين عليها لبسة ديال حورية البحر.... وكيفاش تاتكلم .... إبان ليكم المخرج حامض مدور بيه الحامضي",negative,huggingface_darija_reviews,Arabic
malla in7itat w malla mostawayet,negative,kaggle_moroccan_sentiment,mixed
Ma5yeb chaklek wa7da rdhila mridha w zeied echleka chleka w hedhi ha ethawra ech t5alef ken l`emnayek w 5ou,negative,kaggle_moroccan_sentiment,mixed
3aaaar,negative,kaggle_moroccan_sentiment,mixed
Ye3jibni ! <3 <3,positive,kaggle_moroccan_sentiment,mixed
مسهلتش روحك يا سامي نهار هكه تخمم وحدك وتقول شبيني تافه,negative,kaggle_moroccan_sentiment,mixed
wjouh lo7 hacha karim elgharbi,negative,kaggle_moroccan_sentiment,mixed
أحلی نجلاء,positive,kaggle_moroccan_sentiment,mixed
Raw3a raw3a,positive,kaggle_moroccan_sentiment,mixed
yesser maset amin w rziin fi thmarou mouch mta3 klem ennes,negative,kaggle_moroccan_sentiment,mixed
mrjtouna bih hal far5 ..fadadtouna,negative,kaggle_moroccan_sentiment,mixed
Nmouuuut ala bayrim yfatak,positive,kaggle_moroccan_sentiment,mixed
اعجبني جمالك ولوأنك في عمر أمي,positive,kaggle_moroccan_sentiment,mixed
تمجيد المخلوع و نظامه هو قمة الاهانة لهذا الوطن و  قمة الوقاحة والإستهانة بمشاعر الشعب. تب لك ايها الاعلام الماجور,negative,kaggle_moroccan_sentiment,mixed
wlh ta7ana ya jma3et tounisya,negative,kaggle_moroccan_sentiment,mixed
masét bsara7a,negative,kaggle_moroccan_sentiment,mixed
Moslsel najaa7 barcha ta7yia meni likoum men paris le tunis mahlkoum ya touansa,positive,kaggle_moroccan_sentiment,mixed
فيه الريحة,negative,kaggle_moroccan_sentiment,mixed
Ma7lh lmaryol,positive,kaggle_moroccan_sentiment,mixed
استقالة جماعية و المحاسبة يلا وقع شي مشكييل ب سباب هاد الاجال,negative,hespress_manual_khalid,Arabic
و ياسر قلة حيا,negative,kaggle_moroccan_sentiment,mixed
صاحب كلمة و إلي عندو يقولو,positive,kaggle_moroccan_sentiment,mixed
sa7a ja3four :p,positive,kaggle_moroccan_sentiment,mixed
راجل !,positive,kaggle_moroccan_sentiment,mixed
Tbarkal 3alih,positive,kaggle_moroccan_sentiment,mixed
Vrais toooop :-) :-) :-) :-) :-) :-),positive,kaggle_moroccan_sentiment,mixed
امسط مالمرزوقي,negative,kaggle_moroccan_sentiment,mixed
الفاسد هذا من سوسة و الشيئ من مأتاه لا يستغرب ...,negative,kaggle_moroccan_sentiment,mixed
Wallah la iwali rajel,negative,kaggle_moroccan_sentiment,mixed
hsin dik tbarkallh a3lik,positive,kaggle_moroccan_sentiment,mixed
Mousalsil zbala,negative,kaggle_moroccan_sentiment,mixed
كبر وخرف,negative,kaggle_moroccan_sentiment,mixed
Metrobi w rziiin w competent bravo et bonne continuation amin,positive,kaggle_moroccan_sentiment,mixed
Ma7lekom bou zinkom,positive,kaggle_moroccan_sentiment,mixed
tfooooouh 3lik ya kelb tawa heda mouhami  ya nessss,negative,kaggle_moroccan_sentiment,mixed
"Yalah kent end demato, qatli comme quoi hadi kadir lhbob yla dertiha chaque jour",negative,huggingface_darija_reviews,Arabizi
يا بية إحشم على روحك ،جاية تعري في أكتافك راك عملت العار,negative,kaggle_moroccan_sentiment,mixed
رمز وماسط .....,negative,kaggle_moroccan_sentiment,mixed
Ma3jbitniych elfaza,negative,kaggle_moroccan_sentiment,mixed
tfouh 3likom klab,negative,kaggle_moroccan_sentiment,mixed
مكشر متغشش مافهمتوش لينات كحل بصراحة ماسط,negative,kaggle_moroccan_sentiment,mixed
عيشوشة محلاك و محلا زنيك,positive,kaggle_moroccan_sentiment,mixed
Nhebha,positive,kaggle_moroccan_sentiment,mixed
مسلسل تحفون,positive,kaggle_moroccan_sentiment,mixed
ya bayrammm yéssrrr massettt wallit,negative,kaggle_moroccan_sentiment,mixed
"mais hespress tous le yeux sont vers les deux .finals champions league, et vous parler encore de la coupe d’afrique.",negative,hespress_manual_khalid,Arabic
3aychoucha rabi i5alik bé dnya rak <3,positive,kaggle_moroccan_sentiment,mixed
hhh wa7dk kraim,positive,kaggle_moroccan_sentiment,mixed
bravo vraiment tayara (y),positive,kaggle_moroccan_sentiment,mixed
اخييييييييييت ممسطها تمثيلها مشا مع السبوعي الله يرحم,negative,kaggle_moroccan_sentiment,mixed
Ensen mriiiiidh maset laset,negative,kaggle_moroccan_sentiment,mixed
رااااجل الحلقه,positive,kaggle_moroccan_sentiment,mixed
alah yehlekhom elkeleb,negative,kaggle_moroccan_sentiment,mixed
وانا اقول لها انك خنزيره ساقطه واريد ان اسأل ابوها ان كانت بنت شرعيه شنو رايك  وشنو تقول لربك وللمجتمع ناس تربي ذريه صالحه باش تربح دعاء الخير وانت باش تربح كان اللعنه  واعلم ان النبي صلى الله عليه وسلم قال  اذا مات ابن ءادم انقطع عمله الا من ثلاث صدقة جاريه وعلم بثه في صدور الرجال وولد صالح يدعو له,negative,kaggle_moroccan_sentiment,mixed
Oui bravo,positive,kaggle_moroccan_sentiment,mixed
ممثل كبير برشا ومن اكثر الممثلين الي يضحكوني واصل جعفور.,positive,kaggle_moroccan_sentiment,mixed
Abda3ta,positive,kaggle_moroccan_sentiment,mixed
Maset maset maset,negative,kaggle_moroccan_sentiment,mixed
والله نيكهم يا بهيم ههههههه,negative,kaggle_moroccan_sentiment,mixed
Ahhh Mala hmoum jamda,negative,kaggle_moroccan_sentiment,mixed
mamstou w-mamrgou yetma3jen ki loubena,negative,kaggle_moroccan_sentiment,mixed
hhhhhh taaaaaaaayeeerr mch 3aadii raak 😘😘😘😘 😍😍😍,positive,kaggle_moroccan_sentiment,mixed
ya  mhblhom,negative,kaggle_moroccan_sentiment,mixed
جمال وصوت راءع وثقة بالنفس  انا عجتني برشا  ربي  يوفقك اميمة,positive,kaggle_moroccan_sentiment,mixed
يتفرجو فيه كان لكلاب كنيش.,negative,kaggle_moroccan_sentiment,mixed
Mamstouuuuuu,negative,kaggle_moroccan_sentiment,mixed
راااااائع رائع راااائع وديما الجاديييد🌹🌹🌹🌹,positive,huggingface_darija_reviews,Arabic
Ma7laaaaaaaha,positive,kaggle_moroccan_sentiment,mixed
مرأة مثقفة,positive,kaggle_moroccan_sentiment,mixed
نور شيبة ... فنان ناجح بأتم معنى الكلمة ، وهرة و قد .. يا نور الله و أحد,positive,kaggle_moroccan_sentiment,mixed
دائما في القمة,positive,huggingface_darija_reviews,Arabic
wallhi 3andek el 7a9 kalmek sa7i7,positive,kaggle_moroccan_sentiment,mixed
معجبنيش صوته  انحسه نشاج,negative,kaggle_moroccan_sentiment,mixed
Yesser masset,positive,kaggle_moroccan_sentiment,mixed
mela masa5 w mela ta7an w m.... met5alef w rojla mayasm3ch beha,negative,kaggle_moroccan_sentiment,mixed
ھھھھھھھھھھھھھھھھھ موش نرمال تقتلللللللللللللللللللللللللل,positive,kaggle_moroccan_sentiment,mixed
Ya masi5 ya sami,negative,kaggle_moroccan_sentiment,mixed
Hey le9a7b jet,negative,kaggle_moroccan_sentiment,mixed
Wa7dek olfa nchallah dima mwahra,positive,kaggle_moroccan_sentiment,mixed
Macha'allah 3lik habibti koulchi rouzal👍👍👍👍👍❤,positive,huggingface_darija_reviews,Arabizi
هههههههه اي هوما بيدهم شعب منافق,negative,kaggle_moroccan_sentiment,mixed
Masetin lkol 😠,negative,kaggle_moroccan_sentiment,mixed
Walah rajel,positive,kaggle_moroccan_sentiment,mixed
واش زوين ليطراش لحبوب التصبغات (للبشرة الحساسة),neutral,huggingface_darija_reviews,Arabic
Mahleeeeeeeek,positive,kaggle_moroccan_sentiment,mixed
mahlék nassim,positive,kaggle_moroccan_sentiment,mixed
Mamsteeeeeekkkk wooooouuuuuhhhhhhhh e555555iiiiiiihhhhh,negative,kaggle_moroccan_sentiment,mixed
Bravoooooooooooo sami,positive,kaggle_moroccan_sentiment,mixed
فندق جميل يجمع الماضي والحاضر والأجمل قضاء بعض الأيام فيه مع من تحب من الأعماق,positive,huggingface_darija_reviews,Arabic
Ma7lek! Zin ou fannena 7loua.,positive,kaggle_moroccan_sentiment,mixed
Ma7leha,positive,kaggle_moroccan_sentiment,mixed
تافه تافه تافه,negative,kaggle_moroccan_sentiment,mixed
Woo !! A9wa la9ta !!,positive,kaggle_moroccan_sentiment,mixed
"matfhouuu w mamstouu,sans comment!!!",negative,kaggle_moroccan_sentiment,mixed
قناة الكلام الزائد. موش قناة الحوار التونسي,negative,kaggle_moroccan_sentiment,mixed
وليييد يا معذبهم معللللللم 👏👏👏,positive,kaggle_moroccan_sentiment,mixed
اخلاق و جمال و تربية عيشوشة,positive,kaggle_moroccan_sentiment,mixed
جعفور هبلهم بالروج 😆,positive,kaggle_moroccan_sentiment,mixed
مسخ و طحان تي تعتذر من يهودي والله طحان,negative,kaggle_moroccan_sentiment,mixed
Ooooooooh go3ra,negative,kaggle_moroccan_sentiment,mixed
M3alllm,positive,kaggle_moroccan_sentiment,mixed
الله اكبر علي هالزين,positive,kaggle_moroccan_sentiment,mixed
كركوز كركوز,negative,kaggle_moroccan_sentiment,mixed
طحان بن علي,negative,kaggle_moroccan_sentiment,mixed
ميمتي على نيفو فيلم غنتدمو عليه الخوت مستوىطايح,negative,huggingface_darija_reviews,Arabic
Clean clear akhti katzrg o machi mortib hiya,negative,huggingface_darija_reviews,Arabizi
توفيق الغربي نوع من الارهاب السمعي و البصري والمعنوي بالنسبه ليا خييبييبببببببت,negative,kaggle_moroccan_sentiment,mixed
Fannena b atam ma3na l kalima,positive,kaggle_moroccan_sentiment,mixed
نور احسن مغني صاحب جو وتيارة احسن راجل .. شنحبك يا نور,positive,kaggle_moroccan_sentiment,mixed
منافقين زايد >:(,negative,kaggle_moroccan_sentiment,mixed
N7bha,positive,kaggle_moroccan_sentiment,mixed
Bravooooooo,positive,kaggle_moroccan_sentiment,mixed
قلة حياء و قلة تربية الغلطة في العباد إلي جابتها البرنامج طاح ياسر مستواه باشباه العباد هاذم ايا تراه فيق يا لطفي العماري,negative,kaggle_moroccan_sentiment,mixed
hhhhhhh vraiment bravoo :D,positive,kaggle_moroccan_sentiment,mixed
Ahla mariouma,positive,kaggle_moroccan_sentiment,mixed
Nitfkrou 9lbi youj3 hhhh,negative,kaggle_moroccan_sentiment,mixed
mella li3eb,negative,kaggle_moroccan_sentiment,mixed
bravo a3liha,positive,kaggle_moroccan_sentiment,mixed
sayeb el maryoul ya baya.yeeeeser masta,negative,kaggle_moroccan_sentiment,mixed
امسط ما ريت في حياتي هاك شكيب بربي علاش حاطينو  راه ماسط راه لاسط,negative,kaggle_moroccan_sentiment,mixed
M3aalam,positive,kaggle_moroccan_sentiment,mixed
شكيب راجل فحل واذا راح خساره للقناة والوقت هذا روا الراجل وصاحب الكلمه والمتخلق يكرهوه الناس ، اقولها وانا جزاءري يكفي شكيب فخرا انه كان صاحب مبدا,positive,kaggle_moroccan_sentiment,mixed
masta kifik,negative,kaggle_moroccan_sentiment,mixed
Mamsetouu !! FLOOOOP,negative,kaggle_moroccan_sentiment,mixed
ya3tih  wahf  ma9al  tarbitou mala  ghadanfir                 :poop:,negative,kaggle_moroccan_sentiment,mixed
zin🤝🖤🌷,positive,huggingface_darija_reviews,Arabizi
M3alma bent lgas,positive,kaggle_moroccan_sentiment,mixed
والله لطفي العماري كان يحطوه رئيس لتونس ما يخدمها مليح و الله فاهم اللعبة في تونس ملييييح مليح برافو كلامك في الصميم يا لطفي عكس شكيب,positive,kaggle_moroccan_sentiment,mixed
Thabile khadouj,positive,kaggle_moroccan_sentiment,mixed
Hatha 9lil 7yaa mouch mitribi jimla lmafrouth waldih y3awdou yrabouh min jdide ech nakrho wa marzin damo,negative,kaggle_moroccan_sentiment,mixed
Tbarkallah 3lik ya le choix,positive,huggingface_darija_reviews,Arabizi
بسم الله مشاء الله الله يحميك كي وترجع لبلاد وتشوفيي أهلاك يا حبيبتي الله يسعدك,positive,kaggle_moroccan_sentiment,mixed
Bravoooo wa7ida.. aussi badr 3andou dawr mch nrml..m3alleeem.. ama akthr 7aja ta3jbni hia reaction bin l'o5wa... bravooo sami elfehri,positive,kaggle_moroccan_sentiment,mixed
مسلسل فاسد وشهر رمضان مايجوش مع بعضهم فيقوا على وضعكم,negative,kaggle_moroccan_sentiment,mixed
tharra7touh w taya7toulou 9adrou ...,negative,kaggle_moroccan_sentiment,mixed
5amjetha,negative,kaggle_moroccan_sentiment,mixed
برافووووووو وليد و ربي يسترنا دنيا و آخرة,positive,kaggle_moroccan_sentiment,mixed
ضيف غير مرغوووووووووب فيه,negative,kaggle_moroccan_sentiment,mixed
مشالله عليكم الزوز,positive,kaggle_moroccan_sentiment,mixed
Bravo  SAMIR,positive,kaggle_moroccan_sentiment,mixed
مسكينة تونس...فاش تقاسي العيب موش فيه فلي جابو...,negative,kaggle_moroccan_sentiment,mixed
أختي واش زوين واقتصادي,neutral,huggingface_darija_reviews,Arabic
3Alami fi le5er,positive,kaggle_moroccan_sentiment,mixed
Ma7leha fekra ami semi,positive,kaggle_moroccan_sentiment,mixed
Malla msouta,negative,kaggle_moroccan_sentiment,mixed
..ممصتك يا امين قاره,negative,kaggle_moroccan_sentiment,mixed
"Rabi m3aha , wenchllh rabi iwfa9'ha w nchoufou ma a7sen",positive,kaggle_moroccan_sentiment,mixed
ياسر محلاها  أناقة ثقافة و رجولة,positive,kaggle_moroccan_sentiment,mixed
مسكينة  تحسها  تتحمل في شمس  فوق من  قلبها  !,positive,kaggle_moroccan_sentiment,mixed
Yesser hloua halga bravo,positive,kaggle_moroccan_sentiment,mixed
3jebni,positive,kaggle_moroccan_sentiment,mixed
Ya M3alem Ray Bruxelles. ... ya M3alem,positive,kaggle_moroccan_sentiment,mixed
علاش هاد المسؤول في الجامعة بقى هو حتى نهار الاخير و كيقولك صادف يوم الأحد أليس هذا باستهتار؟,negative,hespress_manual_khalid,Arabic
هههههه احنا اعجبتنا في التمثيل,positive,kaggle_moroccan_sentiment,mixed
wallahi a7sen comedien,positive,kaggle_moroccan_sentiment,mixed
Marwa dima met2l9a ou yeser hlowa ama 3lech dima sekta :),positive,kaggle_moroccan_sentiment,mixed
اقوة لقطة ايهبل,positive,kaggle_moroccan_sentiment,mixed
3morha matedbadel :*,positive,kaggle_moroccan_sentiment,mixed
جعفور يا غالي نحبك برشا و نموووت على خفة دمك .. واصل و نشالله من حسن إلى أحسن,positive,kaggle_moroccan_sentiment,mixed
وين ماشي عريت اتونسه يارخيص رهم ابنا بلادك وين رجوليتك وغيريتك علي اصغار بلادك,negative,kaggle_moroccan_sentiment,mixed
إنسان ماسط برشا و ما يعجبنيش,negative,kaggle_moroccan_sentiment,mixed
Bravo Olfa !!!!,positive,kaggle_moroccan_sentiment,mixed
شاشة اذج خايبة كن كانت  عاذية حسن,negative,huggingface_darija_reviews,Arabic
موش بلاصتك يافوزي,negative,kaggle_moroccan_sentiment,mixed
"الله يشفيها ويطول بعمرها ويخليها لوالديها , وتحية للسيد علاء على هذا البرنامج الأنساني الرائع",positive,kaggle_moroccan_sentiment,mixed
7aja grave 3al le5er !!!!,positive,kaggle_moroccan_sentiment,mixed
Mamsto w marsnou chim 3lih rahit chi5 rchouda,negative,kaggle_moroccan_sentiment,mixed
Mamsto sahriya kmla w howa ynags ywatr l3sab,negative,kaggle_moroccan_sentiment,mixed
ملا مناظر مقلبه....,negative,kaggle_moroccan_sentiment,mixed
Rajelllll,positive,kaggle_moroccan_sentiment,mixed
Mamstek ya semi ken fi belek suspense rahou maset barcha,negative,kaggle_moroccan_sentiment,mixed
الله ياسي علولو حلقة الليلة تهبل الله يوفقك في برنامجك المفظل,positive,kaggle_moroccan_sentiment,mixed
"ma7leha &announa, tdha7akni ena <3",positive,kaggle_moroccan_sentiment,mixed
Bravo Ahmed w allah rajel,positive,kaggle_moroccan_sentiment,mixed
Ma7lehom la5wet haka 😍  😍,positive,kaggle_moroccan_sentiment,mixed
لدي ابن عمي في مالي والخبر ان اكتر من 18 شاحنة مغربية احترقت صباح اليوم ولم يقتصر الامر على الشاحنات بل شمل حتى السيارات الشخصية لمواطنين ماليين انفسهم خصوصا في باماكو (هناك ارهابيين يروعون المواطنون العزل),neutral,hespress_manual_khalid,Arabic
attttfffah menek mariitech massset lasset,negative,kaggle_moroccan_sentiment,mixed
ماشاء الله عليك وعلى ذوقك الرفيع,positive,huggingface_darija_reviews,Arabic
rak ent ta3jebni bravo kamel haka,positive,kaggle_moroccan_sentiment,mixed
البجعة ههههههه,negative,kaggle_moroccan_sentiment,mixed
Sami el Fehri Mnawar el 7iwar ettounsi vraimen,positive,kaggle_moroccan_sentiment,mixed
مهرج  لا يحسن  الكلام  ولا يحترم  الاخرين   وموش متربي,negative,kaggle_moroccan_sentiment,mixed
Mo9ded fechel ama men 7a9 lol tounsi ydef3 3a l5le9,negative,kaggle_moroccan_sentiment,mixed
Bkolhom chkara wel b7ar,negative,kaggle_moroccan_sentiment,mixed
A7sn mouselsel bravoo,positive,kaggle_moroccan_sentiment,mixed
awled 3ahra mofida mosalsel da3ara w 5maj w 3aaaaaaaaar ya 5omej,negative,kaggle_moroccan_sentiment,mixed
ma5yeb wejhouuu sii nawefll mela mantherrr 5ihhhh ou itfiiiiiiiiiiiiiihhh,negative,kaggle_moroccan_sentiment,mixed
Masttta barcha,negative,kaggle_moroccan_sentiment,mixed
العاهرات أمثال هذه اللي يلهثو وراء المال والشهرة هما  سبب لدمار المجتمع والفتنة اللهما لا تاءخذنا بما فعل السفهاء منااااا,negative,kaggle_moroccan_sentiment,mixed
mela 7iwar ken ta7an w 5ouh tfouh 3likom,negative,kaggle_moroccan_sentiment,mixed
"ماسطه 
معادش نتفرج فيه البرنامج
Maaaaaseeeeeeettttttt
mokrez
maste
راك ماسط لاسط بربي حد يفهمو هذا
Tefah
عيييب والله عييييب ان نناقش مساءل محرمة في ديننا ونقول انها حرية شخصية عييييييبب
ماسط لاسط
Hedheya dhaher fih 5rof w ma3adech 3aref fech y9oul
ملا فظايح مهومش رجال خواتها
قداكشي تافه يا شكيب
يعطيك الجرب
كان مشا ttttttttttt خيرللو :-D
Tfouuuuuuh 3a ratsa mta3 bouk ya masa5 ya 5amej 3tak el wa9t wta7ki 3al club tfouuuuuuuuh
طحان و لحاس ... موش راجل
Ma5ybek w ma5yeb madhrek ya 3efcha👎👎👎👎👎👎
قداش ممسطك و مرمزك
maset barcha
malla chleka jeybinou w malla mostawe
brabbi winou 3alaa ye5i naoufel bech ye7tal el baramej el kol masta barcha le7keya
MA5AYB RASOU
Kalib rcd .
ممسطو
الشيب و العيب
يعرفوه طحان و لحاس و بايع ذمتو للادارة",negative,kaggle_moroccan_sentiment,mixed
MA7lek Ya marwa dima mnawra,positive,kaggle_moroccan_sentiment,mixed
Mala chlayek,negative,kaggle_moroccan_sentiment,mixed
محلاها ريم قداه مثقفة ومتربية انا نحبها برشا,positive,kaggle_moroccan_sentiment,mixed
massssta,negative,kaggle_moroccan_sentiment,mixed
مرا زين و عين و تربية و ضخامة و فيناس و كلام موزون و في بلاصتو برجولية محلاهاا مراا ♥,positive,kaggle_moroccan_sentiment,mixed
3andha mat9oul fi rou7ha,positive,kaggle_moroccan_sentiment,mixed
برافو على مسلسل اخوة و زمان,positive,kaggle_moroccan_sentiment,mixed
N7beha ❤❤,positive,kaggle_moroccan_sentiment,mixed
bravooo,positive,kaggle_moroccan_sentiment,mixed
فيلم حقييييييير,negative,huggingface_darija_reviews,Arabic
"Hali jibtoiha matta kahwa arbi
يا سامي يا حيوان يا كلب ...",negative,kaggle_moroccan_sentiment,mixed
ياخي مش فايق بروحو اللي هو رزين و ماسط و يعيف,negative,kaggle_moroccan_sentiment,mixed
Wa7id rajel bere777 bilehi na7oulna haka amine rahouu masittttþ,positive,kaggle_moroccan_sentiment,mixed
TAFHA W MASS5A,negative,kaggle_moroccan_sentiment,mixed
متصلاحش كمرطب,negative,huggingface_darija_reviews,Arabic
فعلا فولارات أنيقة ديال الذوق الرفيع كيف عودتينا اختي كريمة,positive,huggingface_darija_reviews,Arabic
محلاهم,positive,kaggle_moroccan_sentiment,mixed
وجيهة الجندوبي من أقوى الممثلين في تونس.,positive,kaggle_moroccan_sentiment,mixed
ها الممثلات التوانسة تعلمو كان التمعجين و الريق الزايد فضحتونا ......... -_-,negative,kaggle_moroccan_sentiment,mixed
فنانةراقي ويستحق كل الاحترام تي هوما فنانين شلاويح ويحكيو برواحهم ااف تحية للكبير صلاح مصباح,positive,kaggle_moroccan_sentiment,mixed
Lahes ya tahan,negative,kaggle_moroccan_sentiment,mixed
انتهازي,negative,kaggle_moroccan_sentiment,mixed
عيب على ا مين ولطفي اللي يجيبو مواضيع كيف هكذا رانا نتفرجو مع العائلة الله يهديكم,negative,kaggle_moroccan_sentiment,mixed
برنامج لمن لا اخلاق له,negative,kaggle_moroccan_sentiment,mixed
efffffffffff tafaha,negative,kaggle_moroccan_sentiment,mixed
ماتجيس في ظفر أحمد الاندلسي .. ماعنتها إنسانة تافهة .و غالطة في روحها ..,negative,kaggle_moroccan_sentiment,mixed
براڥو جعفور وحدك يا معلم والله زهيتنا وفرهدتنا بروحك لخفيفة ونكتك الحاضرة والي عجبني فيك تعبر بصمتك وبكلامك راك فنان شامل,positive,kaggle_moroccan_sentiment,mixed
Mabladha,negative,kaggle_moroccan_sentiment,mixed
رجل محترم وأكد من خلال ذكره لبعض ايات قرآنية أنه مثقف,positive,kaggle_moroccan_sentiment,mixed
Bien wasel,positive,kaggle_moroccan_sentiment,mixed
"يغلي كالبرمه !!!!! شكون إسكتو وترلي اعصابي "" حرام عليكم معادش تعديوه حياتو كامله يسب و إعارك وما عاجبو شي وهو ما جا شئ عندو الحق بندير مان """,negative,kaggle_moroccan_sentiment,mixed
أخي مهدي وخا نسقسيك samsung galaxy s10 plus واش باقي صالح بنسبة لعام 2022,neutral,huggingface_darija_reviews,Arabic
محلاك,positive,kaggle_moroccan_sentiment,mixed
عادي جدا غالي نبعتو 3شهور مابالي حتى فرق castalia vit c zwin,negative,huggingface_darija_reviews,Arabic
Bravo amin  …,positive,kaggle_moroccan_sentiment,mixed
"اخخخخخخخخخخخخخ""",negative,kaggle_moroccan_sentiment,mixed
الهاتف بذلك  وبدون chargeur +pochette +quitte وبزاف على تكشاش Samsung  هههههه مزيدا من التألق في عملك ماشي بحال شي موحدين متطفلين على الميدان. يضعون هواتفهم ولا من مجيب(نصابة),negative,huggingface_darija_reviews,Arabic
سمحة يا سر رابي وافقها,positive,kaggle_moroccan_sentiment,mixed
tbarkallah 3liiiiik mimo sawt men arwaa3 l aswaat rabii ywaf9eeek nchallah :* :*,positive,kaggle_moroccan_sentiment,mixed
Mas9etha ines w masswed 9albha asswed ki ch3arha w ki veste li dima telbes fiha!,negative,kaggle_moroccan_sentiment,mixed
ماسط لاسط .,negative,kaggle_moroccan_sentiment,mixed
"الله يسهل عليك أخويا كمل 
مݣانة Calling لي واعر ولاكين مع شرح الخطير ديالك زتي بينتي لينا روعة ديالو وشكرا بزااااااف 7",positive,huggingface_darija_reviews,Arabic
7ayawen pas +,negative,kaggle_moroccan_sentiment,mixed
لقطه تحشم بصراحه !!!,negative,kaggle_moroccan_sentiment,mixed
فظائح ومهازل والشعب التونسي يعاني البطالة والفقر والتهميش والحكومة تواصل الكذب والتدليس على شعبها وتحاول ان تغطي على فشلها بمحاولة التركيز على اﻻوظاع في ليبيا وانه لو تم تدخل الغرب في ليبيا سيتدفق الليبيون على تونس واﻻستعداد لمواجهة تداعيات هذا التدخل علما ان الليبيين يدخلون الى تونس باموالهم وليس كﻻجئين ويساهمون في انعاش اﻻقتصاد التونسي منذ دخولهم وحتى مغادرتهم ووفقا لمكتب اﻻمم المتحدة للﻻجئين في تونس فانه ومنذ 2011 م لم تسجل اي حالة ﻻجئ ليبي ولم يتصل بالمكتب اي ليبي طلبا للمساعدة كﻻجئ ولذلك على الحكومة التونسية والسياسيين واﻻعﻻميين التوانسة ان يهتموا بالشأن المحلي لتونس ومعالجة مشاكل شعبهم والمحافظة على عﻻقات طيبة بجيرانها على اساس اﻻحترام المتبادل ﻻن تأزم العﻻقات بين ليبيا وتونس سيؤثر اكثر على الشعب التونسي وبصف خاصة على سكان المناطق الحدودية في بن قردان ومدنين وتطاوين الذين تعرضوا للتهميش من الحكومات التونسية المتعاقبة وتجاهلها في برامج التنمية وكأنهم ليسوا توانسة ولوﻻ امتهانهم للتجارة الموازية مع ليبيا لما استطاعوا ان يواجهوا متطلبات الحياة واخيرا نسأل الله أن يحغظ ليبيا وتونس,negative,kaggle_moroccan_sentiment,mixed
مش غريب عليه التبندير,negative,kaggle_moroccan_sentiment,mixed
Mamstouuu kadech tharbou fi rouhi,negative,kaggle_moroccan_sentiment,mixed
fi kelma: maye3jebnich,negative,kaggle_moroccan_sentiment,mixed
rass el bhim wejhou mouch mte3 telvza w el dhmar 5atih,negative,kaggle_moroccan_sentiment,mixed
منافق وكيما قال كافون: منافقين قبي قبي,negative,kaggle_moroccan_sentiment,mixed
روعة والله ! Bravo,positive,kaggle_moroccan_sentiment,mixed
wa7dek ya ja3fer ye3jebni osloubek ki tdha77ek ennas moch 3la 7sab la3bed kima ya3mlou barcha momathlin bon couraje,positive,kaggle_moroccan_sentiment,mixed
معلم ياسين بن قمرة من افضل الممثلين حاليا في تونس برافو,positive,kaggle_moroccan_sentiment,mixed
Bravoo ja3four t es le meilleur ;),positive,kaggle_moroccan_sentiment,mixed
روعة يا سامي الفهري,positive,kaggle_moroccan_sentiment,mixed
مستوى متدني يدل على مستوى صاحبه,negative,kaggle_moroccan_sentiment,mixed
Akbar la7as fi tones mantcharfouch eb7othalh kifek,negative,kaggle_moroccan_sentiment,mixed
Bravo bravo bravo,positive,kaggle_moroccan_sentiment,mixed
Wlahi mousalsil tayara   bravooooooooo,positive,kaggle_moroccan_sentiment,mixed
اخضعت لعملية جراحية بمصحة معروفة بالدالبيضاء.وقبل اجراءها  الطبيب الجراح طلب مبلغ خمسة الاف درهم( تحت الطاولة) .وقد فعلت لانني مجبر وكنت اعاني من مرضخبيث.وهذا  يعني انه سياخذ اجرته من المصحة اللتي تدخل في الفاتورة ،والاموال اللتي  اخذها مني.سامحه الله.,negative,hespress_manual_khalid,Arabic
برافو عماد دغيج علقل رفعت روس التوانسة ماخليتش بن علي يضحك علينا الليلة براااااافو,positive,kaggle_moroccan_sentiment,mixed
سي جلول تنجم تكون أي حاجة الي وزير تربية,negative,kaggle_moroccan_sentiment,mixed
والله منعرش كفاش خذاها جائزة افضل  ممثل,negative,kaggle_moroccan_sentiment,mixed
ياسامي والله انك عسل ربي يحميك لاولادك,positive,kaggle_moroccan_sentiment,mixed
Ena bkit music yesir tayara,positive,kaggle_moroccan_sentiment,mixed
Mra mo7tarma barcha rabi iwafa9ha,positive,kaggle_moroccan_sentiment,mixed
ماااااسط لاااااااسط,negative,kaggle_moroccan_sentiment,mixed
masta barcha w yessir mitsan3a :3,negative,kaggle_moroccan_sentiment,mixed
ماسط لاسط والله جايبينو زايد سود وجهك تولي تضحك ملا مناظر يجيبو فيها ما عرفتش شني محلو من الاعراب انشالله العام جاي ينقرضوا ناس هاذهم 😈😠,negative,kaggle_moroccan_sentiment,mixed
Wlh frehtlo men 9albi,positive,kaggle_moroccan_sentiment,mixed
Mala 7ala,negative,kaggle_moroccan_sentiment,mixed
انشالله مني نجي للمغرب نمشي ليه ديكور والأصالة قمة ف الروعة ❤️,positive,huggingface_darija_reviews,Arabic
مميزات الكاميرا و مقارنة شاملة مع آيفون 13 برو ماكس.طوب كمل❤🔥,positive,huggingface_darija_reviews,Arabic
Ya3tih saha momtaz,positive,kaggle_moroccan_sentiment,mixed
Bravo. Neji jalloul,positive,kaggle_moroccan_sentiment,mixed
برافووووووووووو  للأخت سميرة التي وقفت بجانب أخيها في محنته ولم تستعار منه وتتشرف بيه وتسافر له أسبوعيا لتطبخ له وتنظف وتاخذه للطبيب. هي مثال للأخت الصالحة. وهذا تطبيق للمثل التونسي,positive,kaggle_moroccan_sentiment,mixed
Bravo RIM etbarkalla alik zine et aklek Raby maak,positive,kaggle_moroccan_sentiment,mixed
hayèaweeeeeeeeeeeeen,negative,kaggle_moroccan_sentiment,mixed
حلقة جميلة,positive,kaggle_moroccan_sentiment,mixed
Yeser maset,negative,kaggle_moroccan_sentiment,mixed
برافوووووووووووووووووووو قمة الاحترافية شكيب أثبت حقيقة المثقف التونسي. .....,positive,kaggle_moroccan_sentiment,mixed
Kalba wdayra 3rjel le bhiem etafhin,negative,kaggle_moroccan_sentiment,mixed
Men a9wa lmoumathlin fi tounes. Bravo wajiha (y),positive,kaggle_moroccan_sentiment,mixed
بصراحة مرا مثقفة وتعرف أش تقول. تعجبني برافو مدام محرزية,positive,kaggle_moroccan_sentiment,mixed
يا قرد,negative,kaggle_moroccan_sentiment,mixed
يا قليل التربية السوريات بشرفوكبس الظاهر مو قدران ت صلن لحتى عم تحكي عليهن هيك ماحد خبيث غيرك انت وامثالك ربي يهدك,negative,kaggle_moroccan_sentiment,mixed
Oui heyla,positive,kaggle_moroccan_sentiment,mixed
"honnetement masta barcha meme trop fade, sa présence au feuilleton nsbti aziza n'a aucun sens ni valeur",negative,kaggle_moroccan_sentiment,mixed
Taw bellehi hadheya rappeur o_O,negative,kaggle_moroccan_sentiment,mixed
Jarbou3 ou massit lasit 😧,negative,kaggle_moroccan_sentiment,mixed
ya ja3four ya m3alam lik wahcha 3a télé wenti nour rak dima mnawarna,positive,kaggle_moroccan_sentiment,mixed
kariiiiim bravo,positive,kaggle_moroccan_sentiment,mixed
ملا فضايح مستوي منحط معتش نجم نتفرج مع عايلتي,negative,kaggle_moroccan_sentiment,mixed
Billehi hak elkalb nour chiba tfouh 3lik w 3la ekalb likbir neji jalloul,negative,kaggle_moroccan_sentiment,mixed
انا نكرهههههههه,negative,kaggle_moroccan_sentiment,mixed
ملا موبنى,negative,kaggle_moroccan_sentiment,mixed
Mala manader mwachmim,negative,kaggle_moroccan_sentiment,mixed
موش خايب,positive,kaggle_moroccan_sentiment,mixed
بارك الله قيك خونا علاء  و علي كل حاجة تقدم فيها .,positive,kaggle_moroccan_sentiment,mixed
Pffffffffff bélehi ech fikom meyetfarej m5a5 fer5a w tefha 😠 el,negative,kaggle_moroccan_sentiment,mixed
Kafooooonnn ya mahmachhom,positive,kaggle_moroccan_sentiment,mixed
Rabi ma3kom nechla,positive,kaggle_moroccan_sentiment,mixed
sami 9edkch kaleb,negative,kaggle_moroccan_sentiment,mixed
T7EBBOU TRODDOUHA BLED FSEEEEED 3maltou l3aaaaaaaar.....3MALTOU L3AAAAAAAAAAAAR,negative,kaggle_moroccan_sentiment,mixed
Ma5yeb rassou,negative,kaggle_moroccan_sentiment,mixed
"Ena metfarjtech
Kamcha 5maj
maaaasta
Mamstah !
شحص جاهل و لا يستحق موجود في البرنامج..",negative,kaggle_moroccan_sentiment,mixed
Tawfi9 elgharbi makhiiiiiiibek,negative,kaggle_moroccan_sentiment,mixed
Hhhhh uii 3ejbetniii,positive,kaggle_moroccan_sentiment,mixed
Bravo sami...,positive,kaggle_moroccan_sentiment,mixed
Ja3fourrr... Ya m3alem...rabi m3ak,positive,kaggle_moroccan_sentiment,mixed
ساعة جميلة ولكن البطارية ضعيفة. كل يوم خصك تصرجيها,negative,huggingface_darija_reviews,Arabic
mala sa5ta mala manther mala zbala ech nakraha sa5ta,negative,kaggle_moroccan_sentiment,mixed
mala 9o7b :(,negative,kaggle_moroccan_sentiment,mixed
Sekta,negative,kaggle_moroccan_sentiment,mixed
الي عجبني فيهم رغم طلاق بوهم من امهم و بوهم غايب عليهم 14 سنة يلوجو على بباهم حاجة باهية  برشة في المجتمع ريتو الفرحة كفاش ...ريتو اللمة  ...بلا بو و ام  مهيش معيشة و اغلا حاجة عندي انا ربي سبحانو و الوالدين ...نقولهم ربي يدوم محبتكم  و ربحتو حاجة في الدنيا هي رضاية الوالدين . اخوكم مراد من الجزائر,positive,kaggle_moroccan_sentiment,mixed
هذا ارهابي يساري و لازم يتحاكم كيف الدواعش ما فم حتي فرق بيناتهم 2 متطرفين,negative,kaggle_moroccan_sentiment,mixed
Tir ma5yeb rasik,negative,kaggle_moroccan_sentiment,mixed
امسط انسان على وجه البسيطة تجمعي تعيس ماعندوش اخلاق وزايد جايبينو,negative,kaggle_moroccan_sentiment,mixed
Yezina mel bla bla bla mté3ou!,negative,kaggle_moroccan_sentiment,mixed
تقتل بالضحك,positive,kaggle_moroccan_sentiment,mixed
فنان كبيير و ناس ملااااح...,positive,kaggle_moroccan_sentiment,mixed
ڨرودة,negative,kaggle_moroccan_sentiment,mixed
كلاب في بعضهم ...,negative,kaggle_moroccan_sentiment,mixed
Bravoooooo sami wallah m9atel tho7k et surtout karim l 8arbi(sabri),positive,kaggle_moroccan_sentiment,mixed
Barvo,positive,kaggle_moroccan_sentiment,mixed
"ما أجملك يا زطني لكن جيبي وجيوب شعبك تزقزق 
و2500 dh أختي را عشرين مليون مغريبي كيتخلصها فالشهر . كنتي ديري الفيديو خاص لأصحاب اللعاقة و الله ازيدهم  او لي واكلين رزق وعرق عباد الله",negative,huggingface_darija_reviews,Arabic
وبش جرثومة,negative,kaggle_moroccan_sentiment,mixed
صيد وراجل,positive,kaggle_moroccan_sentiment,mixed
تعجبني ممثلة وعليها لكلام,positive,kaggle_moroccan_sentiment,mixed
mamstek,negative,kaggle_moroccan_sentiment,mixed
bravo mahleha rabi y5aliha saghrouna,positive,kaggle_moroccan_sentiment,mixed
ye3jebni...ensen mo7aaayed mouch ki laslala3,positive,kaggle_moroccan_sentiment,mixed
Mala ka3ba mouch normal,negative,kaggle_moroccan_sentiment,mixed
Tfouh 3likom ya klab hadhema li 5arbou lblad be5majhom alah y5areb sa7etkom nchala,negative,kaggle_moroccan_sentiment,mixed
تو هذا راجل؟ تو هذا بني ادم!!!! يا ربي ارزقنا هجة من هل البلاد يا ربي,negative,kaggle_moroccan_sentiment,mixed
Yesser tetma3jen,negative,kaggle_moroccan_sentiment,mixed
Mahlehom lzouz,positive,kaggle_moroccan_sentiment,mixed
maseet meskina tounes...,negative,kaggle_moroccan_sentiment,mixed
انت لقيت متجرع المسحية للنخاع تفوه عليك وعلي فلوسك وعلي برامجك,negative,kaggle_moroccan_sentiment,mixed
a7sen mouselsel 9a3id yet3ada houa we alou jeda,positive,kaggle_moroccan_sentiment,mixed
ما امصطك اخخخخخخخخ,negative,kaggle_moroccan_sentiment,mixed
Yam3alem,positive,kaggle_moroccan_sentiment,mixed
مكش راجل يا طحان الإفريقي أكبر منك يا رخيص,negative,kaggle_moroccan_sentiment,mixed
tfouh,negative,kaggle_moroccan_sentiment,mixed
tfouhhhh and tfihhhhhhh,negative,kaggle_moroccan_sentiment,mixed
فعلا انسان ممتاز و طقطوقه من طقاطق تونس الله يخليه و نستناو جديدو,positive,kaggle_moroccan_sentiment,mixed
زوين بزاف وفعال احسن برودوي بالنسبه ليا رشيه خليه شوي وحكي البلاصه لي رشيتيها,positive,huggingface_darija_reviews,Arabic
Jaw 7afali w tho7ek maa lotfi,positive,kaggle_moroccan_sentiment,mixed
Sitcom ta7foun w dhamr,positive,kaggle_moroccan_sentiment,mixed
هؤلاء قوم لا يمكنهم العيش بكرامة و لا بحرية هؤلاء يعشقون جلاديهم....يرقصون فرحا لعودة أحد كلاب بن علي اليوم كم يتمنون في أنفسهم عودة سيدهم بن علي,negative,kaggle_moroccan_sentiment,mixed
lotfi a7la momathel w komidi fi touns bravooooo,positive,kaggle_moroccan_sentiment,mixed
فن فن فن ولكن را تيرمم الوجه انا كانو عندي مسام واسعين لاحضت بداو ينقصوو ووجهي لونو رجع ليه🙂,positive,huggingface_darija_reviews,Arabic
Mahlekom rabi ihanikom,positive,kaggle_moroccan_sentiment,mixed
أفضل سلسلة على الإطلاق😂😂😂😂😂😂😂,positive,huggingface_darija_reviews,Arabic
من الاحسن خودي غيى لاخور حيت ضروري هدا كتشديه بيديك عاد كضربي حيت الريوس ديالو مكيوصلوش لكريم حيت عندي اختي ونصحتك,negative,huggingface_darija_reviews,Arabic
جميلة أنت حينما تبتسمين ، و تصيرين أجمل حينما تتحدّثين ، و أنت كما أنت بما تحملين أجمل الحاضرين ...,positive,kaggle_moroccan_sentiment,mixed
كلب ابن كلب,negative,kaggle_moroccan_sentiment,mixed
Clean nassi7a ghi bdliha b nivia caire hit clean katzrr9 lwjh knt kandirha sinin twiila ta 7ssit bwjhi 9rib imxi o 7ydtha,negative,huggingface_darija_reviews,Arabizi
"و كيما قال كريم الغربي : راك تغيض راك تغيض""",negative,kaggle_moroccan_sentiment,mixed
m3aaaaaaaaalam w baridli 3la 9albi ki7ke 3la dali nahedi,positive,kaggle_moroccan_sentiment,mixed
Mamstw lham hedhee,negative,kaggle_moroccan_sentiment,mixed
T7ebbek laf3a ye wejh ellou7.attoyor 3le achkelha ta9a3,negative,kaggle_moroccan_sentiment,mixed
ذرية صالحة ما شاء الله كما كرمو اباهم سيكرهم الله في الدنيا ويجازيهم في الاخرة ويرزقهم ذرية تبر بهم فكما تدين تدان .اشكر علاء على حصته الرائعة واقول له لا تستمع للحاقدين عليك من زملاء المهنة او من عامة الشعب فحصتك نا جحة ولك جمهور كبير في الجزائر يحبك ويحترمك.اخوكم من الجزائر,positive,kaggle_moroccan_sentiment,mixed
Mala remz,negative,kaggle_moroccan_sentiment,mixed
الله يعز الاندرويد وان بلاس ولا اس 22 سامسونج ، أما الايفون معقد بحال شي واحد زوفري فعمر ربعينات ولا عانس فربعينات لول 🥴,neutral,huggingface_darija_reviews,Arabic
yeser mtwath3a chapeau,positive,kaggle_moroccan_sentiment,mixed
مقداد السهيلي مريض نفساني يمشي يعدي خير و شدوا كان نجلاء هذي تي شوفو لخرين لعرا و قرا و كلام زايد ماتكم حد توا يحل في فموا و يتكلم بربي شكونوا هو ناس كل خايفا منوا حتى كلام ما يعرفش يحكي,negative,kaggle_moroccan_sentiment,mixed
مشروع جيد شريطة تطبيق قانون الوظيفة العمومية و طرد أي طبيب يشتغل بالقطاعين العام و الخاص فالنوار بما فيهم أساتذة الطب في المستشفيات الجامعية,positive,hespress_manual_khalid,Arabic
Em3allen <3,positive,kaggle_moroccan_sentiment,mixed
الرجلة عندها ناسها برافووووووو وليد,positive,kaggle_moroccan_sentiment,mixed
مسلسل تافه,negative,kaggle_moroccan_sentiment,mixed
Lichomize.zwinine.,positive,huggingface_darija_reviews,Arabizi
Me7lekomm,positive,kaggle_moroccan_sentiment,mixed
Bled 9a7ba,negative,kaggle_moroccan_sentiment,mixed
tfuuuuuuuuuuuuh puuuuuute,negative,kaggle_moroccan_sentiment,mixed
Mamstou 3ed,negative,kaggle_moroccan_sentiment,mixed
محلاها يعجبني تمثيلها نحبها برشا,positive,kaggle_moroccan_sentiment,mixed
تقدري تلقايه موهيم انا كناخدو من مرجان,neutral,huggingface_darija_reviews,Arabic
احسن كادو ديال العواشر مشكور اخي,positive,huggingface_darija_reviews,Arabic
Chay kbire ya 3omri,positive,kaggle_moroccan_sentiment,mixed
Allah yehlekom nchallah ya e3lam la3ra w t7iiin thanou wa3da allah 9ariib wentom ab9ou 8afiloun,negative,kaggle_moroccan_sentiment,mixed
ta3ref adwarha fi tamthil ken bka w ta8rid,positive,kaggle_moroccan_sentiment,mixed
ياسر متكبر وحاسب روحو خير من الناس مزال منهم برش الانماط هاذي زيد يسب في الراجل عيب عليه,negative,kaggle_moroccan_sentiment,mixed
Ma7lakom 3la b3adhkom w rabi y5Alicom lb3adhkom,positive,kaggle_moroccan_sentiment,mixed
"4100 dh kont chrit A52s 8+256 5G , SD 780G , camera 64mpx OIS et 4500 Mah f la batterie , écran 120 hrz 800 nits et la qualité dial samsung , et fih carte sd !!! ida ghir 3la l'écran , incassable dayer 20 dh !!",neutral,huggingface_darija_reviews,Arabizi
زيد ظهر روحك في الميدان قادرة بش تتصنف لولة في التمثيل,positive,kaggle_moroccan_sentiment,mixed
وخا نتفرج فيه 100 مرة مكنميلش من سلسلات كبور قتلني بالضحك تحياتي من رباط سي كبور هههههه 😅😅😅,positive,huggingface_darija_reviews,Arabic
Taw hedha mante9 !! Kathroulha,negative,kaggle_moroccan_sentiment,mixed
بااااااااااااارداه ومسمامه,negative,kaggle_moroccan_sentiment,mixed
اووووه محلاك .... اووه ... ليوم بلذات حبيت تونس يا ربي زيد علينا هل نعمة ❤❤,positive,kaggle_moroccan_sentiment,mixed
Mwaher ya ja3four,positive,kaggle_moroccan_sentiment,mixed
mast last hèdha ws,negative,kaggle_moroccan_sentiment,mixed
احلى النساء,positive,kaggle_moroccan_sentiment,mixed
M3alim👍,positive,kaggle_moroccan_sentiment,mixed
Bravo bendir man,positive,kaggle_moroccan_sentiment,mixed
لحاسة بن علي ماشين ويكثرو,negative,kaggle_moroccan_sentiment,mixed
bravooooooooooooooo walid,positive,kaggle_moroccan_sentiment,mixed
"#شباب#ريفي""",positive,kaggle_moroccan_sentiment,mixed
ربي يعينك يا صطوفة,positive,kaggle_moroccan_sentiment,mixed
Masta lasta,negative,kaggle_moroccan_sentiment,mixed
الله يهلك التلفزه و الفيس بوك و الانترنات الي ضيعت الناس شتتت الافكار و فرقت العايلات تي شباها الدنيا ولات هكا تي شبيها الدنيا فسدت تي شبيها الناس تنحات منها الحشمه و الحياء كل يوم نسمعو بالموت و ماناش حاطين ربي في بالنا و لو شوي )':  يانفسي كفي عن العصيان و اكتسبي فعلا جميلا لعلي #الله يرحمني,negative,kaggle_moroccan_sentiment,mixed
على الاقل ماتنساوش بلي المسلسل ياعدا في شهر فضيل عيييييييييييييب وعار رانا نتفرجو في عايلة,negative,kaggle_moroccan_sentiment,mixed
9a7ba,negative,kaggle_moroccan_sentiment,mixed
Malla marek,negative,kaggle_moroccan_sentiment,mixed
Tahfona,positive,kaggle_moroccan_sentiment,mixed
جعبون العبدلي,negative,kaggle_moroccan_sentiment,mixed
Ya ta7an,negative,kaggle_moroccan_sentiment,mixed
Marzen mlayktek ya mo9ded,negative,kaggle_moroccan_sentiment,mixed
مركب سياحي جميل لكن الاثمنة مرتفعة جدا,negative,huggingface_darija_reviews,Arabic
7ta ana 3ndi peau mixte khdam liya mzian,positive,huggingface_darija_reviews,Arabizi
يا طحان تفووووووووه,negative,kaggle_moroccan_sentiment,mixed
Mahlek mariem tbarkallah 3alik,positive,kaggle_moroccan_sentiment,mixed
ماسط وساذج في تفكيرو ....كلمات تافهة من عبد أتفه,negative,kaggle_moroccan_sentiment,mixed
واحد مشكل بان فيه واش هدشي صحيح ملي كدخل لكاميرة فتطبيق سناب او تيكتوك الكاميرة كتخسر وتتسمع واحد صوت فشكل,negative,huggingface_darija_reviews,Arabic
مسخفوو -_-,negative,kaggle_moroccan_sentiment,mixed
oooooooh naoufel mamstou,negative,kaggle_moroccan_sentiment,mixed
Ya ja3fouuur ya m3alem :*,positive,kaggle_moroccan_sentiment,mixed
Un grand bravoooooooooooo walid eltounsiii,positive,kaggle_moroccan_sentiment,mixed
إلى أن يثبت خلاف ذلك، يقع قطاعا الزراعة والغذاء ضمن اختصاص وزارة الزراعة.,neutral,hespress_manual_khalid,Arabic
فسدت برنامج الراجل بضمارك الثقيل,negative,kaggle_moroccan_sentiment,mixed
لحوار التونسية افسد قناة عار على تونس الحبيبة,negative,kaggle_moroccan_sentiment,mixed
Bravo raw3a enmout fiha walh 3andha mostakbel kebir,positive,kaggle_moroccan_sentiment,mixed
Machi crème hydratante hadi,neutral,huggingface_darija_reviews,Arabizi
احسن مثال للمرا التونسية الشهلولة و الضحاكة و قلبها صافي,positive,kaggle_moroccan_sentiment,mixed
Hhh!wa7dek Bayrem!,positive,kaggle_moroccan_sentiment,mixed
Ma3jbtnich,negative,kaggle_moroccan_sentiment,mixed
وحدك فالوهرة ههها وليد,positive,kaggle_moroccan_sentiment,mixed
Bravo ahmed,positive,kaggle_moroccan_sentiment,mixed
بربي مالقيتوا باش اتمسطوا البرنامج كان بهاك الخاري,negative,kaggle_moroccan_sentiment,mixed
اصلا قمة العار باش يحكيو فى هذا الموضوع.......,negative,kaggle_moroccan_sentiment,mixed
a79ar ma fama fil a3lam,negative,kaggle_moroccan_sentiment,mixed
والله باسل و ما صط,negative,kaggle_moroccan_sentiment,mixed
Pffff chou aka semi 7altou,negative,kaggle_moroccan_sentiment,mixed
Borjoliyaa klem ha9 a7sen wehid fi rzaaan howaa,positive,kaggle_moroccan_sentiment,mixed
تفوووووووه على زمن أصبح فيه الطحانة يطالبون بحقوقهم,negative,kaggle_moroccan_sentiment,mixed
يا لطفي العمري يا أكبر بهيم ريتو في حياتي اللواط هو من الكبائر يا تفه يا جاهل يا متخلف لو كان جيت أمامي راني وقفتك عند حدّك اما صاحة ليك ايها الجهل,negative,kaggle_moroccan_sentiment,mixed
كيفش تجيك الجراة و تمد وجهك في برنامج وتحكي  ملا حالا واله عار على تونس,negative,kaggle_moroccan_sentiment,mixed
"mayji 7ata chay ha 7i7on hatha , taw hetha rappeur ya rasoul elleh .",negative,kaggle_moroccan_sentiment,mixed
Momathla 9adira te3jebni barcha,positive,kaggle_moroccan_sentiment,mixed
ساعة خطيرة,positive,huggingface_darija_reviews,Arabic
خديتو صرااحة واعر بجهد,positive,huggingface_darija_reviews,Arabic
mrith fi mo5o,negative,kaggle_moroccan_sentiment,mixed
اروع مسلسل شفت في حياتي,positive,huggingface_darija_reviews,Arabic
rajel 💖👍👏,positive,kaggle_moroccan_sentiment,mixed
maset laset majet chayyy rak manich 3aref kifah ydha7ek fel 3bed !!!!,negative,kaggle_moroccan_sentiment,mixed
امسخ وقواد ورخيص وكلب,negative,kaggle_moroccan_sentiment,mixed
لعنة الله عليك يا مسخ تفوووووووووه على وجهك المسود,negative,kaggle_moroccan_sentiment,mixed
Thabel wajiha,positive,kaggle_moroccan_sentiment,mixed
كم اتمنى لو كان جو الممثلين لكل كيف جعفور,positive,kaggle_moroccan_sentiment,mixed
maset barcha -_-,negative,kaggle_moroccan_sentiment,mixed
Mamssatha lotf :(,negative,kaggle_moroccan_sentiment,mixed
مجموعة متاع أنذال تلوج علفلوس بقلة المعروف فكيف لمثلكم أن يتكلم عن المحاماة. سامي الفهري خليك في شكون ولد مفيدة و سي علاء والمثلية.المحاماه أرقى من أفهامكم المنحطة,negative,kaggle_moroccan_sentiment,mixed
هذا مصيبة,negative,kaggle_moroccan_sentiment,mixed
سلام عليكم أخي samsung ultra s23 تسريبات,neutral,huggingface_darija_reviews,Arabic
ملا شلايك إعلام منحرف,negative,kaggle_moroccan_sentiment,mixed
"nah9aoui msatek , 7imaaaaaaaaaaaaaaaaar",negative,kaggle_moroccan_sentiment,mixed
ma3jbtnich l7al9a hethi,negative,kaggle_moroccan_sentiment,mixed
ملا شلاكة ناتنا هادا كلب مزيان عميل لجماعة الاخوان المسلمين لهاذا متعاطف مع اي طيار إسلامي,negative,kaggle_moroccan_sentiment,mixed
zyyn ou sout <3 men 7asan ila a7san nchlh,positive,kaggle_moroccan_sentiment,mixed
Tfoooh 3ala hal9anet limas5a,negative,kaggle_moroccan_sentiment,mixed
Toooooooooop adondo madani ❤️😇,positive,huggingface_darija_reviews,Arabizi
مستويات ههععع,negative,kaggle_moroccan_sentiment,mixed
مع الأسف لم يضحك أحد  في ذلك اليوم على خاترو مهوش ظامر حتى طرف,negative,kaggle_moroccan_sentiment,mixed
احلا بنات شفتهم والله,positive,kaggle_moroccan_sentiment,mixed
جبري بأتم معنى الكلمة ...وزيد معاه ريان يوسف. هوروزمون جاو فرد حلقة باش ما ترصيلناش نراتيو حلقتين,negative,kaggle_moroccan_sentiment,mixed
Tbarkalah a3leha,positive,kaggle_moroccan_sentiment,mixed
مورو يا معلللللللللللم,positive,kaggle_moroccan_sentiment,mixed
mahlekoum naturel w hnain 3la bouhoum,positive,kaggle_moroccan_sentiment,mixed
yhabel,positive,kaggle_moroccan_sentiment,mixed
الكوميديا ماتواتيكش شد الدرامة و ربي معاك,negative,kaggle_moroccan_sentiment,mixed
فنان تلقائي اللي في قلبو على فمو,positive,kaggle_moroccan_sentiment,mixed
معلم برافو عجبني بصراحة,positive,kaggle_moroccan_sentiment,mixed
ضمار و فدلكة و رجولية و سروال أحمر .. وحدك يا جعفور ،,positive,kaggle_moroccan_sentiment,mixed
Masta mat3jebch,negative,kaggle_moroccan_sentiment,mixed
Maseeeeeet -______-,negative,kaggle_moroccan_sentiment,mixed
اصبح ب 18 درهم للكيلو فالبرنوصي . و بعض محلات ب 20 درهم للكيلو و كله اتربه و حجر مصبوغ بالاسود لثق الوزن .,neutral,hespress_manual_khalid,Arabic
هالرهوط الي تجيبو فيها,negative,kaggle_moroccan_sentiment,mixed
فراقشية ديال الفحم الحجري و صخري و الخشبي,negative,hespress_manual_khalid,Arabic
Mamessto Hal bacharr,negative,kaggle_moroccan_sentiment,mixed
9elt 7yaa hedhi mosalslet,negative,kaggle_moroccan_sentiment,mixed
عيب عليك يا وليدي نقش في حيوان,negative,kaggle_moroccan_sentiment,mixed
TO7T MEN 3INNI,negative,kaggle_moroccan_sentiment,mixed
قرده 🤓🤓🤓,negative,kaggle_moroccan_sentiment,mixed
حلوة برشا حلقة الليلة,positive,kaggle_moroccan_sentiment,mixed
متزن في كلامو متخلق مستقبل واعد,positive,kaggle_moroccan_sentiment,mixed
Bravo kilma 7a9 t9alet fi blassetha,positive,kaggle_moroccan_sentiment,mixed
Pf mate7chemech 3ala ro7ik te7ki hekaka pf chib wal3ib e7sibha bintik hatheka,negative,kaggle_moroccan_sentiment,mixed
Ahla mounachite courage,positive,kaggle_moroccan_sentiment,mixed
walh m3lem ya kafon,positive,kaggle_moroccan_sentiment,mixed
bravoooooooooooo (y),positive,kaggle_moroccan_sentiment,mixed
ma7lék w nchala dima mnawra,positive,kaggle_moroccan_sentiment,mixed
"rak masttaaaaaaaaa, rak lasstaaaaaaaaaaa, rak sel3a kal5a ma tchayya5ch errassetaaaaa",negative,kaggle_moroccan_sentiment,mixed
"el mara hedhi masta lasta,w yaritha ma5dhetou edawer hedha,lokza",negative,kaggle_moroccan_sentiment,mixed
Ye3jebni ama seket,positive,kaggle_moroccan_sentiment,mixed
الغراب هو قناة #الحمار والفولة هي هذه التافهة,negative,kaggle_moroccan_sentiment,mixed
ناس في الرقي وفي التطور وفي المعالي الاخلاقية والحضارية والتربوية...وناس تتخبط في الميوعة والانحطاط والانحلال الاخلاقي ..هذه تونس اولاد مفيدة بفسق جديد وفجور بابعاده الاربعة!! كيف سيكون بيننا جيل راقي حاذق وهو يشاهد في زبالة فكر وقذارة سينما وسفالة تلفزة على قدر هذا المرض المنحط الذي يبثون فيه ..,negative,kaggle_moroccan_sentiment,mixed
بنات مشاء الله رب يحفظهم بنات ب100راجل,positive,kaggle_moroccan_sentiment,mixed
يسر حلوة هههههههه,positive,kaggle_moroccan_sentiment,mixed
بصراحة ياسر عظروتة و مجودرة و تقزز ،،،بغلة باتم معني الكلمة,negative,kaggle_moroccan_sentiment,mixed
ناقص ملحة 😹😹,negative,huggingface_darija_reviews,Arabic
Raw3a toooop vraiment bravo,positive,kaggle_moroccan_sentiment,mixed
مرا مخيب راسك يا هايشة,negative,kaggle_moroccan_sentiment,mixed
Tayyara,positive,kaggle_moroccan_sentiment,mixed
Bessel yesser w masset !!!! Pfff,negative,kaggle_moroccan_sentiment,mixed
كان عليك يا دياز أن تجنبنا هذا ” السير وااااجي ” لولا ” تبوحيط والفشوش” … ولكان الكأس الآن داخل خزانة الجامعة، بدل استنزاف مااااالية ضخمة فقط تكلفة المحامي للترافع، في انتظار……,neutral,hespress_manual_khalid,Arabic
اعلام العار مسيبين مشاكل لبلاد و عامللين قاوق على كمشة همال يا مسخين,negative,kaggle_moroccan_sentiment,mixed
"Wlhhh ydhha7kouu mch nrmlll
تحفونة ❤️حبيتها 😘😘
M3alm
حنان شقراوي... قنبلة الساحة، بأتم معنى الكلمة
ما شاء الله عليه أخلاق عالية و كلام موزون
a7ssen 9aney fi touness
تعجبني بارشا وجيهة في تونس ما تلقاش فنانة كيفها
bent 7oumti m3alma
Ma7lhom zouz 😍😍
Hayeeel
Hhhh barcha jaw lyoumm allah laynahik alina
Tbrkllah 3liha rabi yahfadha
وحدك يا جعفور زهيتها السهرية ربي يوفقك ان شاء الله
Vraiment bravoooo
ربي يوفقق ياعلاء
Ana t3jbni 3al5er👏👏👏👏👏👍👍👍👍👍👍👍👍💖
a7la jaa3four dima mnawer
Habibi Rabi y7mik w ytik ma tetmana😚😘
ma7leha ya3tek douda
ma7lehom bravo sami fehri
Yaser tachoui9
Mahleh w Rabi inajho
rak m3alem matsma3 klem 7ad
انسان طيب وعلى اخلاق عالية بارك الله فيه
أبدعت يا وليد التونسي  ألف قبلة علي جبين أمك فقد أنجبت رجلا بحق.شكرا أيها الفنان
lotfi 3ssal edenya <3
To9etel Ya maryouma Ya ta7efouna Ya a3az maryouma fi tounes
Bravoooooo :-) :-)
tfata9 w ma7lek ya maryouma il 4aliya
معلم وحدك وحدك.
احسن سيتكوم عجبتني بالدموع 😂😁😁😃😂😂
أو مل روعة مش نرمال
وهرا وزين تالحصيلو ربي يهنيك ويخليلك المدام
انسان ضامر ومتربي برافو
راجل
تباركله عليها
بنتك  كالقمر خاصة انها عندها اب مثلك لازم انك تفتخر بالامورة رحمة <3 ¡
Bravo sami
نحن نعشق الحوار التونسي
bravoo
صاحب الجو و الربوخ 💖💖
Tabarkala 3laha maliket jamel tounes
ya3tikam saha
Mmmmm tahfouna
Bravo toutou 😙😙😙😙😙
محلاك مروى و نشاء الله من حسن إلى أحسن :) (y)
ضامر و صاحب جو ربي يوفقك :)
Maryouma toktel nhebek barcha
يا جلول يا معلم يا معذبهم احسنت فيما قلتها
حنان الشقراني احسن
تعجبني كإمرأة متزنة مستقيمة و إبتسمتها متفرقهاش
برافو وليد فرهدتلنا على قلوبنا رجال وسيد الرجال
عجبتني اللحمةبين الاخوة
Fanén kbir
Bravooo sami fehrii👏👏👏👏👏
فعلا انت سيدة تونس بإمتياز، كلنا ثقة في آرائك وندعمك دائما، وأتمنى لو نساء تونس الكل يكونو مثل السيدة الفاضله محرزية العبيدي
Wallahi ena n7ebek baaarcha ema avant khir
Te3jebni
Alah yehmiha milhossed
Kol youm 7obak yziiiiiiiiiiiid
Ja3four 3ezz eness
Bravo 3aycha 
T3jebni barcha  
الفة ..فنااااانة في كا شيء.. بكل ما تحمله الكلمة من معنى.. ❤❤❤
Raw3a bravo c'est bien
بصراحة روعة روعة روعة.
لطيف وحدك في الضحك
ماشاءالله تبارك الله ربنا يحفظها ويمد فى عمرها انشاء الله.",positive,kaggle_moroccan_sentiment,mixed
"لطفي العماري طيحلهم المورال وكرهم في الفيلم قبل ما يتفرجو وخاصتن هي بعد الكلام الي قالتو على "" الميسيو الاندلسي "" و الرد متاع وليد التونسي",negative,kaggle_moroccan_sentiment,mixed
أنا بالفعل مذهول بإجاباتها الديلوماسية هذه المرأة التونسية ولا لوح,positive,kaggle_moroccan_sentiment,mixed
Mastaaa,negative,kaggle_moroccan_sentiment,mixed
Mallem,positive,kaggle_moroccan_sentiment,mixed
راك ماسط...  راك لاسط...   بصوت كافون,negative,kaggle_moroccan_sentiment,mixed
Clen and clear no no,negative,huggingface_darija_reviews,Arabizi
ممثل لم ينجح الا في ادوار التقفيف والتلحيس والصبة وحتى في الدنيا انسان منافق جباااان ولحاااس,negative,kaggle_moroccan_sentiment,mixed
تحية للاب المناضل,positive,kaggle_moroccan_sentiment,mixed
te3jebni barcha mera siyesiya ta3ref echta7ki ama famma 7aja aka le5atem ilfi foularteha yesser mezeyen hhhh,positive,kaggle_moroccan_sentiment,mixed
محلاهم و خاصة الفتاة ♥,positive,kaggle_moroccan_sentiment,mixed
Ahla baRnamaj malli bda wana ntabb3 fih,positive,kaggle_moroccan_sentiment,mixed
Nhiiiiiiibha,positive,kaggle_moroccan_sentiment,mixed
ناجي جلول انت كبرت في نضري,positive,kaggle_moroccan_sentiment,mixed
تسبي في احمد اندلسي يامسخة وبري شوفي مراء كيفك ارقد معها يامريضة و عجبني شيخ و وليد كي سخسخوكم معليم و ربي معكوم و نشاله تتقطع ضاهرة هذي,negative,kaggle_moroccan_sentiment,mixed
بصراحة عجبتني ليلة و خاصة في موظوع المثليين,positive,kaggle_moroccan_sentiment,mixed
Tarah iphone w ki sber la tah men 1.80 m,positive,huggingface_darija_reviews,Arabizi
Ta77an El nahtha,negative,kaggle_moroccan_sentiment,mixed
زوووووووووووووووووووووعه,positive,kaggle_moroccan_sentiment,mixed
مستوى المسلسلات أزيد في الفساد في البلاد,negative,kaggle_moroccan_sentiment,mixed
Mra mounadhla wma3ande man9oul faha,positive,kaggle_moroccan_sentiment,mixed
Sout 7lou,positive,kaggle_moroccan_sentiment,mixed
احسنتي عملاً يا محرزيّة  . . تحياتي لكي .,positive,kaggle_moroccan_sentiment,mixed
برافو بنت بلادي ماكيفها حد,positive,kaggle_moroccan_sentiment,mixed
واعرة كداوي الوجه كتحيد كلشي خصها غير المداومة,positive,huggingface_darija_reviews,Arabic
قمة التفاهة٠٠٠جبالك الرواسي و لا عبدك الثقيل..... الرخص en personne,negative,kaggle_moroccan_sentiment,mixed
A7sen we7d fi syesa,positive,kaggle_moroccan_sentiment,mixed
maaaaaaset laaaaaset ken jebou labes 5ir,negative,kaggle_moroccan_sentiment,mixed
ma7lahoum,positive,kaggle_moroccan_sentiment,mixed
محلاه شيخ أسلوبو سليس ويدخلاك المعلومة بكل بساطة ويخلاك تحب دينك موش تخاف منو  إنشالله كل الشيخوخ يكون عندهم هالاسلوب وإنشالله ربي يغفرلنا في هالشهر الكريم,positive,kaggle_moroccan_sentiment,mixed
"Zina mnawra essahra alili, nchaallah rabi m3ak (tu me touche kim 9al lotfi )",positive,kaggle_moroccan_sentiment,mixed
3ssal w soukar,positive,kaggle_moroccan_sentiment,mixed
ناري ياختي تفقصت دبا جيت عندكم البارح بغيت شال فالغوج بغيك لكن مالقيتكش نتي لقيت واحد البنت عطاتني غير داك الكريب مكنحملووووش قلتيها ختي شي ماركة زوينة هادا راه كيزلق وكيضرني فودني قاتلي صبري معاه شفت حتى عييت وخفت لا منعاودش لقا ديك اللون وخديتو دبا تبارك الله الخير بانلي موجود ها الحرير ها الخيط ماعرفت داك البنت اش بغات عندي,negative,huggingface_darija_reviews,Arabic
Bayreeeemm ma5ibouuuu walaaaa,negative,kaggle_moroccan_sentiment,mixed
هاتف زوين عجبني,positive,huggingface_darija_reviews,Arabic
ههههههه والله عجبتني,positive,kaggle_moroccan_sentiment,mixed
thabel,positive,kaggle_moroccan_sentiment,mixed
Oui barcha nife9,negative,kaggle_moroccan_sentiment,mixed
Aychoucha  <3 Mahleha ^^,positive,kaggle_moroccan_sentiment,mixed
Malla 9elet 7yé vraiment chay y7achem😝😝😝,negative,kaggle_moroccan_sentiment,mixed
Najla tfaraj fiha wahdek malla achkel wjouh louh jeyebhm,negative,kaggle_moroccan_sentiment,mixed
barcha fssed,negative,kaggle_moroccan_sentiment,mixed
"هذا  هو التهور بعينه ، ولماذا انتظرتم حثى آخر يوم لإيداع الملف ؟ وماذا لو حدث امر طارى وغير متوقع حال دون ايداع الملف في موعده ,? كيف سيكون حالنا وموقعنا امام الأعداء ، لقد قمتم بمغامرة غير محسوبة العواقب. لقد ادخلتم الشك في نفوس المغاربة بهذا الملف .",negative,hespress_manual_khalid,Arabic
يعطيه الصحة .,positive,kaggle_moroccan_sentiment,mixed
راه زوينين بجوج,positive,huggingface_darija_reviews,Arabic
كبش العيد غالي لا تشتريها الفحم غالي نفس الشيء ينقص الطلب ينخفض التمن. نحن الزباءن من يرفع الاسعار.,negative,hespress_manual_khalid,Arabic
انت معلم ...  #البسمة متفارقش وجهك,positive,kaggle_moroccan_sentiment,mixed
Yeser mahlek,positive,kaggle_moroccan_sentiment,mixed
يا لطفي راك غالط في روحك برشة حاسب روحك تعرف كل شيئ وإنت ما تعرف شيء لاعبها ممثل كان مشيت بعت الزطلة خيرلك تصلح بيك,negative,kaggle_moroccan_sentiment,mixed
ما يعرفش اداب الحوار يضحك من غير سبب مستواه ياسر منحط,negative,kaggle_moroccan_sentiment,mixed
Hal9a hlowa barcha,positive,kaggle_moroccan_sentiment,mixed
امراءة مثقفة و فيها امل و البسمة زايدتها الشطر ..من منظرها نحبها.... طيبة,positive,kaggle_moroccan_sentiment,mixed
مااااااااااسط,negative,kaggle_moroccan_sentiment,mixed
تفووووووووووو يا اولادمفيدة القح......,negative,kaggle_moroccan_sentiment,mixed
ساعة جميلة ومراجعة أجمل. شكرا أخي.,positive,huggingface_darija_reviews,Arabic
جعفور أصدق وأطيب منك مافماش  ربي معاك يا تحفون,positive,kaggle_moroccan_sentiment,mixed
Tfouuuuuh,negative,kaggle_moroccan_sentiment,mixed
kan mchiti starti rou7k 5ir chib w 3ib 3zouzet stout,negative,kaggle_moroccan_sentiment,mixed
Bravooooooo..,positive,kaggle_moroccan_sentiment,mixed
Mazwinch makidir walo,negative,huggingface_darija_reviews,Arabizi
منافق و ماصط لاصط و جبري و تجمعي و طحان,negative,kaggle_moroccan_sentiment,mixed
بلاهي معادش تجيبوه في البلاتوات احمد الرحموني مرضنا باش يخرج. كلمة تقول باش  يبني في بلاص سي اللعواك كي يعرف يركب جملة و يفهم روحو توا نسمعوه سي المرض و الله حرام عليك يا حمزة,negative,kaggle_moroccan_sentiment,mixed
اكثر ما يقال علييييه مااااااسط,negative,kaggle_moroccan_sentiment,mixed
الشيب والعيب ووقاحته لا تناسب عمره والكلمة الى قالها وكان يبدى قاعد بحذا بنته يرضى يسمعها   والان عرفنا ليش ما عادش يمثل لانه وقح,negative,kaggle_moroccan_sentiment,mixed
القاضى هذا مشكوك فيه فى تبييض التعذيب فى السجون,negative,kaggle_moroccan_sentiment,mixed
Zwiiuuin Olah sr3tooh ❤️❤️❤️❤️❤️,positive,huggingface_darija_reviews,Arabizi
كمشة ماسيخ,negative,kaggle_moroccan_sentiment,mixed
المشكل ديال هاد شركة هو الباتري ماكيشدش لاشارج مزيان,negative,huggingface_darija_reviews,Arabic
Barcha tso9iet,negative,kaggle_moroccan_sentiment,mixed
Ouiii tahfounn,positive,kaggle_moroccan_sentiment,mixed
والله بنات بألف راجل,positive,kaggle_moroccan_sentiment,mixed
اووووووف قداش ماسط هالبشر...سؤال امين في بلاصتو...اشبيك ما تمثل كان ادوار القواد،والخديم والمتله...فعلا ياسر قديم وياسر تاعب في مخو وفي لسانو وخاصة في قلبو...الله يسامحك امين,negative,kaggle_moroccan_sentiment,mixed
ممسطو,negative,kaggle_moroccan_sentiment,mixed
tfuh alik  ya olfa ta3refha enti erjoliya ya hayawana,negative,kaggle_moroccan_sentiment,mixed
انت معلم   ههههههه,positive,kaggle_moroccan_sentiment,mixed
هذه الشاحنات تفرغ خيرات البلاد والمستفيد منها هو صاحب المخطط  الذي اعاد التربية للمغاربة وجاء لتجوبع الشعب وتصدير محصولاته للخارج وسرقة مياهنا وتصديرها باعفاء ضريبي ودعم التصدير.,negative,hespress_manual_khalid,Arabic
تفوه حاشا خليقة الرحمان,negative,kaggle_moroccan_sentiment,mixed
باش يصيرلو كيف اللحاس الصغير,negative,kaggle_moroccan_sentiment,mixed
مناظر مقلبه,negative,kaggle_moroccan_sentiment,mixed
ربي يهدي وفيقها بعيوبها هي وجميع اللي يعرو في صدورهم  عيب عيب عيب وخاصة للمرا المسلمة,negative,kaggle_moroccan_sentiment,mixed
نتروجينا غاسول وافقني ✔,positive,huggingface_darija_reviews,Arabic
Mouch mnha mn semi el fehri el miboun  mao tayhouha fih fel habs we mn ghadi bdet lahkeya tfoooooooooooooh alih,negative,kaggle_moroccan_sentiment,mixed
Bravooooo sami,positive,kaggle_moroccan_sentiment,mixed
Hhhhhhh mala  twansa mabladhom,negative,kaggle_moroccan_sentiment,mixed
السلام عليكم ورحمة الله وبركاته ماشاءالله موديلات جميلة,positive,huggingface_darija_reviews,Arabic
Tbarkallah 3leha a7la mi. Lilya w o5tha hhhh rabi yhanik,positive,kaggle_moroccan_sentiment,mixed
Yfata9 nmout 3lik y'a kafon,positive,kaggle_moroccan_sentiment,mixed
احلى برنامج اجتماعي! تحية طيبة لفريق عندي ما نقلك و للاستاذ علاء الشابي من مغربية مقيمة باسبانيا.,positive,kaggle_moroccan_sentiment,mixed
:* ma7la chfeyfek w ma7la cha3rek w ma7la klémek ya zin ya 3in :* :*,positive,kaggle_moroccan_sentiment,mixed
Mabildou w mamistou  w zid yetmaniek 3le mra kbira titkalim hakeka w zid metwefia,negative,kaggle_moroccan_sentiment,mixed
"M3alim w rajil, bravoo",positive,kaggle_moroccan_sentiment,mixed
يعجبني في الغناء,positive,kaggle_moroccan_sentiment,mixed
Maaaseetttttttttttt,negative,kaggle_moroccan_sentiment,mixed
Pfffffffff rak ghalet fi rouhek???!!!!,negative,kaggle_moroccan_sentiment,mixed
رزين و ماسط اكثر من نهار الاثنين,negative,kaggle_moroccan_sentiment,mixed
قلة أدب وسفاله متاع  مخرج برجوازي معفن,negative,kaggle_moroccan_sentiment,mixed
صوت رائع جدا,positive,kaggle_moroccan_sentiment,mixed
ثعلوبة خرجت من الحفرة متاعها,negative,kaggle_moroccan_sentiment,mixed
"Ya Amine Ken jit inti ki tefah ech tkoun? 
كلب نهضاوي ما يسواش
أشبيه ماسط هاكا إيقول لشكيب نهضاوي علاه ما يسألش لعماري أشبيه من النداء
الي مزبلة التاريخ..
مقداد مشى يستريح ههههههههههه ملا مسخ هههههههه وهاو تعارك مع وحدة من الجمهور
mas5a 5amja tfoooh 3lik
تفففففففغغغغغغفغففوه. عليكم الكل والله ااعزيز لا تحشموا حسبنا الله فيكم اعلام العار
Ya jehél ....
أمسط واتفه خلق ربي،لعنة الله عليه وعلى امثاله..قال يفذلك خييييت ممسطو
ما ابلدكم تقعدو طول عمركم اعلام العار
Malla mssekh ras lanbout tfouh 3lik
Chammmsedddine wabbbbna  tfiiiiihhhhhhh
Barcha fdhaye7 😑
بولحناك هذا طحان و لحاس
ماسط ما تفدلكش خير
Nahthawi bayou3 ou galtin tjibou fih fi blatouwat tounsiya
شعب منافق والله وحشاء الشرفاء شعب أكثر طحان وديوث
قحبة بكوارتها
ya chakib bara chouf 9asmek 3ala rebi rek mase9 w man9ek maset w bkoulek masset
Mmmmmmmssssssit
Miselech 9ool mestawyette enti fesdaaaaaaaa
مشبكم ملا مارك
جاهل و متخلف ويحكي على الثقافة كي العاهرة الي تحكي على الشرف
Brabi ma3adech tjibouh hel jaheeeel
قليل حياء وعديم التربية بأتم معنى الكلمة وجميع تصرفات النذالة عملها والي يزيد ينرفز سكوت أمينة عليه
Floppp zinna
Ijahl msiba
maaaset  yé5ou fi flous zéyéd famma barcha athmer ménnou 3lé hakka pfffffff téféh barcha
لعنة الله عليكم متعلمو كان الفساد
انت لا تمثلي نساء تونس و لا تمثلي تونس  dégage
Hatta ahna twensa 93adna dho7ka . Fdhaye7 lotof w barra . Allah yfarej 7alkom
mrith wlh bara badel dwa eli tochreb fih rak 3awert mrith ti blastk fi razi ya tafeh wlh makch nrml nakerhk wzedt krahtk
T3ayaf ffffff ffffff
تافه منتفرجش
Enty akaber masa5 y mou9aded Ti bara tttiiiiitttttt
جهنم وبءس المصير لكل فاسق
ماصطة لاسطة وخيتي نشك كان انتي مترجمة تحكي بتونسي بسيف باش تحكي بلغة الغير ؟ هههههه
Ms9tha INES tu o5tha rhi normalement tsam7ha m5yb 9lbha
يا شكيب المبرر متاعك تافه تقدر بن علي كرجل عادي و صاحب غريزه الي هي عاديه جدا لدي كل الرجال لكن لو تعرف ما فعل بن علي لالبلاد ستخجل من البؤر التافه الذي تعطيه و للالاسف الجهل مصيبه
Fadina mel oujouh lemkalba nhar el kol madin ou jouhem fi talfza bel akhas hal kariouka
مايعجبنيش اما ربي معاه
تاكدت انك امسط واحد ريتو في الدنيا يجي بعدك دالي النهدي ربي يستر لا تبرك هالبرنامج
Rabi yahdi ma5lak 😩
الله لا تربح سامي الفهري عالتفاهة وقلة التزبية متاع الساقط شكيب احد صناع البحيري وقفاف النهضة
ti kalb tajamou3i moch metha9ef go3r
wled Sami elkaleb
عزوزة خارفة
عيب عليه ما يجيش نضحكو على حد مش قاري ما حبيتهاش منو وكا لطفي بجاه ربي علاه جايبينو ماسط لاسط
يا ريتني  جيت غادي اقسم بالله انا طفلة و نخرجك ازرق مفرك ... تعرف نعيمة الجاني اش عملت في لسلوسة وكلتو البوزة ... يا خنيث اندادك يا كلب لعنة الله عليك دنيا و آخرة اما العيب موش فيك العيب في الماخور التونسي الي جابك تفو عليك و عليهم ... الله يهلكك خليتني نهبط لمستوى مهوش مستوايا .... وين باش تلقاو قبوراتكم يا تحبو تقطعو النسل البشري .... حرام عليكم حرام حرام حرام الله يحرقكم بالنار و يطفيوكم بقاز كيف محرقتولي اعصابي ... الله لا يحقلك حق و يجعل راسك يتشق انت و امثالك وهف يلمك .... المشكلة الي انا نحب نعايرك اش باش نقلك ماكش راجل ؟؟؟ يا ناري ماكش باش تحسها
من مسلسل خامج ال فيلم اخمج ملا منضر لقرايا و الثقافة متاعك قالولك عري روحك  و أعطي رأيك في المحرمات
Flop👎
أمسط خلق ربي
ya lotefi abdeli na9ase mn baleda
Ma5ieb rasou hal fsala
مسلسل تافه و شعب اتفه
ماسط لاسط 😱😤😝
mafemech chkoum amsset w abhem w arak maka l ma5lou9
ملا ساقط الشيب و العيب حقو راو يعطي فيحق ربي راجل كبير يدا فع عالمثلية
والله خرية مڨجڨج علاها الذبان خيييييت ملا امارك
seel3aa :*
omeke 9a7ba
برنامج دخل في الرتابة و بعض الاحيان التفاهة شخصيا ماعدش نتفرج فيه
Jabri ou mejee chay
مل فظاءح
مثير للاشمئزااااز..",negative,kaggle_moroccan_sentiment,mixed
mala mosalslét !!! w9ilit 7yaaa !!!,negative,kaggle_moroccan_sentiment,mixed
Tbarkalah 3laha mra metkhl9a w dhkiya w ani9a w a7sen moumathla binisba liya w nhebha barcha w rabi ywaf9ik wajiha .,positive,kaggle_moroccan_sentiment,mixed
Dima mnawar,positive,kaggle_moroccan_sentiment,mixed
Nmout 3liha,positive,kaggle_moroccan_sentiment,mixed
bravoooo,positive,kaggle_moroccan_sentiment,mixed
"Mella ka3ba , berjoulia chab3a thohk ya3tih essa77a",positive,kaggle_moroccan_sentiment,mixed
عجبتني خويا ربي يحفظك,positive,kaggle_moroccan_sentiment,mixed
ممثل بأتم معني الكلمة غير الحظ ما حالفوش,positive,kaggle_moroccan_sentiment,mixed
msata,negative,kaggle_moroccan_sentiment,mixed
tbarkalah  alik  bsaraha  ya  emnaaaaaa,positive,kaggle_moroccan_sentiment,mixed
معالم يلزهم برشة باش يخلطولوا وحديك يا شيخ,positive,kaggle_moroccan_sentiment,mixed
بصراحة العيب موش فيه العيب في اعلام العار الي مستدعيه.,negative,kaggle_moroccan_sentiment,mixed
Bien Bravo,positive,kaggle_moroccan_sentiment,mixed
Ma7leha ta3jibni ismha  ki. Isim binti,positive,kaggle_moroccan_sentiment,mixed
والله راجل ويشرف تونس ليس منافق,positive,kaggle_moroccan_sentiment,mixed
n7ebha barcha,positive,kaggle_moroccan_sentiment,mixed
لطفي يخدم على روحوا انا من الناس ليتحبوا,positive,kaggle_moroccan_sentiment,mixed
Mouche rajel,negative,kaggle_moroccan_sentiment,mixed
جمالك ❤,positive,kaggle_moroccan_sentiment,mixed
MALA MAHZLA,negative,kaggle_moroccan_sentiment,mixed
تكلم كلام واقعي وفي مثل هذه الحالات مايلزمش الواحد يتنازل على مبادئه لإرضاء البعض برافووو وليد,positive,kaggle_moroccan_sentiment,mixed
…تبقى احلى مذيعة ❤,positive,kaggle_moroccan_sentiment,mixed
Kaleb soug mase5 la7asse 9a3ed ehez fi t7ine,negative,kaggle_moroccan_sentiment,mixed
Bravo ahsane l9ata fi mosalsel bravo bravo,positive,kaggle_moroccan_sentiment,mixed
لطفي العبدلي يعجبني ملي احنا صغار نتقابلو في دار الفنان منير لطيف في قرطاج و يعمللنا جو بالنكت والسكاتشات عندو موهبة وطموح وارادة والنجاح الي وصلو عادي جدا و انا فرحانة بيه برافو لطفي,positive,kaggle_moroccan_sentiment,mixed
"متناقض, هزيل الغلطة فلي إنتخبوك",negative,kaggle_moroccan_sentiment,mixed
مطعم راءع  تباركالله عليك لكيعرف كازا مزيان كاين فيها بلايص  واعرين او غابرين شيحاجة راءعة  تباركالله عليك او بصحة لعشا,positive,huggingface_darija_reviews,Arabic
swayet,positive,kaggle_moroccan_sentiment,mixed
راك ماسط راك لاسط,negative,kaggle_moroccan_sentiment,mixed
❤️❤️😍,positive,kaggle_moroccan_sentiment,mixed
"#respect :)""",positive,kaggle_moroccan_sentiment,mixed
اقتصادياً، تساهم الغالبية العظمى من المهاجرين في وظائف منخفضة الأجور، وبينما يقدمون عمالة يدوية، فإن مساهماتهم الضريبية لا تغطي حجم استهلاكهم للخدمات الاجتماعية والبنية التحتية والمساعدات الحكومية. إن منح الجنسية لهذه الفئات يمثل استنزافاً طويل الأمد للاقتصادات التي تحتاج إلى “دافعي ضرائب” لا إلى “متلقي دعم”.يكمن الحل في اعتماد نظام “العامل الضيف”:• عقود محددة الغرض: استقدام العمالة لأداء مهام معينة ولفترة زمنية محدودة.• العودة الإلزامية: مغادرة العامل فور انتهاء عقده لضمان عدم تشكيل ضغط ديموغرافي دائم.إن التحول إلى نظام العمل التعاقدي يضمن تلبية الاحتياجات الاقتصادية دون المساس بالتماسك الاجتماعي أو الاستقرار المالي للدولة.,neutral,hespress_manual_khalid,Arabic
ثعلب و ثعلوبة :),negative,kaggle_moroccan_sentiment,mixed
maset,negative,kaggle_moroccan_sentiment,mixed
Bravo sami hlowa barcha,positive,kaggle_moroccan_sentiment,mixed
من احسن الممثلات الي عنا يعتاها الصحه وبالتوفيق ان شاء الله,positive,kaggle_moroccan_sentiment,mixed
Nhbouha bar cha,positive,kaggle_moroccan_sentiment,mixed
Bravo ja3four wassil wlh akthér moumathil yé3jébni nchalah dima haka ya rabi mnawér étalifza btaltik,positive,kaggle_moroccan_sentiment,mixed
Ma5yebhaa walit mechya we tesman :p,negative,kaggle_moroccan_sentiment,mixed
عيل هامل حتى خوه زطل,negative,kaggle_moroccan_sentiment,mixed
Bravo yasen,positive,kaggle_moroccan_sentiment,mixed
معلم:),positive,kaggle_moroccan_sentiment,mixed
Ma7laaaaaaaaaaaakom,positive,kaggle_moroccan_sentiment,mixed
Nchala rabi yhanikom mahlakom,positive,kaggle_moroccan_sentiment,mixed
Barcha ebleda,negative,kaggle_moroccan_sentiment,mixed
#Mounef9in,negative,kaggle_moroccan_sentiment,mixed
Offfff ma7abitech netfarej 5hater houwa mawjoud masettt,negative,kaggle_moroccan_sentiment,mixed
لا منصحكش,negative,huggingface_darija_reviews,Arabic
جلول م........ ن ميحشمش,negative,kaggle_moroccan_sentiment,mixed
كان يموت بلطي يموت الراب في تونس <3,positive,kaggle_moroccan_sentiment,mixed
من أمسط ما ريت في حياتي حتى بالعسل ما تتعداش،كان مشيت شاديت تركينه و تبت لربي خيرلك,negative,kaggle_moroccan_sentiment,mixed
"هذا ما يسمى بالمرأة الحديدية""",positive,kaggle_moroccan_sentiment,mixed
Macha alah...,positive,kaggle_moroccan_sentiment,mixed
"نحبوووو برشااا و يعجبني 
m7lek
Inta m3aaaaaalam ya nouuur... notre fierté bravooooooo et bonne continuation
Vraiment a7la sami wnchala rabi ywaf9ek wdima benje7
احلا برنامج والي احلا منه المذيع
Akid a7la mimadhla
جعفور احسن كوميدي في تونس حاليا و ميحبش الجهويات  و يعاون فالمحتاجين ربي يحميك
قدوة و مثال رائع اولاد مفيدة ك أخوة
تبارك الله عليه... معلم
mahlakom raby yhanikom raby yba3ad 3likom bnete lahram
معلللللللللم والله
عسل يختي عسل
bsaraha... Mraa mettha9fa w te3jeebnyy w 9lil manelkaw nsee hakka.. bravo 😍😘❤
mcheeeeee2  allah  <3  t7yetiiiiiiii  wlh  (y)
ani n7ebhaaaaa
روووووعة
محلااااااااهم ومزينهم عجبوبي برشا
أمنة فاخر أحلی و أقوی صوت طربي في تونس و فنانة ملتزمة و محترمة برشااا bravoo emna :*
ma7leha sahriya ma3a kafon <3
Ya weldi zayed elwahra wahra
bravo (y)
bravo  ye m3alem
موهر شيخنا... يرحم والدين كل انسان دخل الضحكة لديارنا...
ربي يحفط تونس # امنورين صفحه ربي يحميكم
ma7la zinha,  inhebha barcha <3 :) :*
Bravo wlh
Vrimon mouselsel efate9 ya3mel el kef
Faza Hayla 👍
3aLamiyà..!! :D
Hhh ma7leha ellamma
 ya m3alem
ربي اوفقك
أحسن و أجمل مراء في تونس :)
yesr tayara vrm
الله يرحم والديك يا وليد التونسي راجل ولد راجل وسيد الرجال اعطيت درس لبعض المايعين والمتخثين. وبرفو والف برافو لاحمد الاندلسي على موقفه الرجولي الصحيح
NUMERO 1 FIL MEZWED
Hhhhhhhh bravo wlh",positive,kaggle_moroccan_sentiment,mixed
كارها تمثل فيلم الجميلة والوحش  ..ويوززززززززززع خخخخخخخخخخخخ,negative,kaggle_moroccan_sentiment,mixed
اكبر منافق,negative,kaggle_moroccan_sentiment,mixed
ماسط ﻻسط,negative,kaggle_moroccan_sentiment,mixed
Massa5,negative,kaggle_moroccan_sentiment,mixed
محلاها وجيهة امان وجيهة رجعلنا ايامات مدام كنزة و الا مدام كنزة مشات و معادش راجعة ؟؟؟,positive,kaggle_moroccan_sentiment,mixed
هناك اختيارات أحسن وماركات عالميه أجود من داصيا.,negative,huggingface_darija_reviews,Arabic
Ya mamstou mahouch chala9 b rou7ou ghaltouh,negative,kaggle_moroccan_sentiment,mixed
موش نورمال والله وقت هو يتكلم كلها تسكت معلم زايد,positive,kaggle_moroccan_sentiment,mixed
مريض بمرض اسمه النهضة,negative,kaggle_moroccan_sentiment,mixed
Coumidy hayel ou heni netfaraj,positive,kaggle_moroccan_sentiment,mixed
فركوس أسطورة هههههه,positive,huggingface_darija_reviews,Arabic
Tbarklhh alihh,positive,kaggle_moroccan_sentiment,mixed
Sil3a zbela,negative,kaggle_moroccan_sentiment,mixed
yarham memtik wlid,positive,kaggle_moroccan_sentiment,mixed
Tahfouna,positive,kaggle_moroccan_sentiment,mixed
Ila andak peau grasse ghaydir lik hbob,negative,huggingface_darija_reviews,Arabizi
Pfff maja chey lmosalsell,negative,kaggle_moroccan_sentiment,mixed
شكرا لك علاء الرجاء مدنا بأشخاص مثل هؤلاء لانهم يبعثون في الناس اجمعين حب الحياة والتأمل نحوى الافضل,positive,kaggle_moroccan_sentiment,mixed
5iiiiiit mili jat wajiha jandoubi tahlik,negative,kaggle_moroccan_sentiment,mixed
Rabi maakoum,positive,kaggle_moroccan_sentiment,mixed
ma 3ijbitnich 7atta tarf,negative,kaggle_moroccan_sentiment,mixed
Maset laset karim,negative,kaggle_moroccan_sentiment,mixed
و راه زايد فبيم على لحانوت,negative,huggingface_darija_reviews,Arabic
بصراحه شى حشم فيك,negative,kaggle_moroccan_sentiment,mixed
جميلة,positive,kaggle_moroccan_sentiment,mixed
ملا منظر جداقوا  تقول كونتوار متاع حماص.,negative,kaggle_moroccan_sentiment,mixed
bravo nour,positive,kaggle_moroccan_sentiment,mixed
Marwa tha3louba,negative,kaggle_moroccan_sentiment,mixed
tbarkala 3lih....,positive,kaggle_moroccan_sentiment,mixed
Cha3b monaf9in tfih,negative,kaggle_moroccan_sentiment,mixed
etbarkalh a3lih dhamir w 3ssal,positive,kaggle_moroccan_sentiment,mixed
wa7ra wirjouliya,positive,kaggle_moroccan_sentiment,mixed
Mahleha 3ajbetni 3ale5r bandi,positive,kaggle_moroccan_sentiment,mixed
الشكارة والبحر,negative,kaggle_moroccan_sentiment,mixed
حيتان غالين وماشي شي حاجة,negative,huggingface_darija_reviews,Arabic
العدالة والتنمية تتحمل مسؤولية المازوط والشغب والغلاء،وثروة اخنوش انتم اجمل حكومة فراقشية في العالم,negative,hespress_manual_khalid,Arabic
سي عبد الفتاح معلم يستاهل طيارة لا الطيارة شويه عليه،،،معلم,positive,kaggle_moroccan_sentiment,mixed
Bravooo 3lik fananne w sid rjel rabi ibariklik nchalah,positive,kaggle_moroccan_sentiment,mixed
tbarkala 3lik ya emna sout wzin dima fikemel ane9tek,positive,kaggle_moroccan_sentiment,mixed
mate3jebnich jemla ki kenet matodhhorch fi télé khir,negative,kaggle_moroccan_sentiment,mixed
sidkom ya masi5,negative,kaggle_moroccan_sentiment,mixed
tfih alik enti w afkarek a sami,negative,kaggle_moroccan_sentiment,mixed
محلاها ما شاء الله,positive,kaggle_moroccan_sentiment,mixed
3ssal :*,positive,kaggle_moroccan_sentiment,mixed
وما تشكيش لربي,negative,kaggle_moroccan_sentiment,mixed
المعلم 👍👍,positive,kaggle_moroccan_sentiment,mixed
barvo,positive,kaggle_moroccan_sentiment,mixed
Barcha fdhya7,negative,kaggle_moroccan_sentiment,mixed
M3aleeeeem chapeau,positive,kaggle_moroccan_sentiment,mixed
أحسن فيلم مغربي شفته و ما شاء الله على ناس المغرب نبغيكم بزاف 🇩🇿🇩🇿🇩🇿,positive,huggingface_darija_reviews,Arabic
Mamsathaaaaaaa -_-,negative,kaggle_moroccan_sentiment,mixed
wajiha  mra hirra w rojla w matkhafesh,positive,kaggle_moroccan_sentiment,mixed
اجمل صوت و اجمل فنانة تونسية و اجمل امرأة تونسية,positive,kaggle_moroccan_sentiment,mixed
Nice review akhii,neutral,huggingface_darija_reviews,Arabizi
Wahdek walid ya m3allem,positive,kaggle_moroccan_sentiment,mixed
لكبير كبير نقطة وارجع لسطر ......,positive,kaggle_moroccan_sentiment,mixed
مرحبا مرحبا نورت التلفزة معلمة,positive,kaggle_moroccan_sentiment,mixed
berjoulia 3andou swayet w ma fibalouch,positive,kaggle_moroccan_sentiment,mixed
Maasta laasta,negative,kaggle_moroccan_sentiment,mixed
محلاك هيشام  برافو,positive,kaggle_moroccan_sentiment,mixed
Mahleha te3jebni,positive,kaggle_moroccan_sentiment,mixed
معلم يا لطفي,positive,kaggle_moroccan_sentiment,mixed
A3outh bel lah min el chaytani el ragim,negative,kaggle_moroccan_sentiment,mixed
ممسطوووووووووووووووووووووو !!,negative,kaggle_moroccan_sentiment,mixed
ميمو محلاك وكيداهم حسن واصل,positive,kaggle_moroccan_sentiment,mixed
"جبالك الرواسي و لا عبدك الثقيل.. 
امصط مغني شافتوا وذني وسمعتوا عيني
مخيب جلغتك .زعام كان في تمقعير .
masta
OFFFFFFFFFFF malla 3ella
mla fday7
Hhhhh Hertha mradh w na3ref dweh Rabi y enfin ya mo9ded
ما تعجبنيش ...
حسان من الجزاير.لا تمثل المراة التونسية المسلمة.عاهرة بكل المقاييس
insibti la3ziza 3awdouh barcha marate pfffffffffffffffff fadina minou ma3adich fih gou ou zedet a3lih wejiha ouh  ouh ouh 9adechha masta lasta kamlite 3ala mramtou 5iiiiiiiiiiiiiiiiiiiiiiiiiiiiiiiiiiite mamistik
Wino ras ilbasla hhhhh
اعوذ بالله من الشيطان الرجيم حاشا خليقت ربي ثعلب ب أتم معنا الكلمت
تافه بالقوي
المثقفين الفاسدين اتفرجوا فيه وحدكم
Yaaaser maaaasta
راك ماسط راك لاسط راك عالحيط
برشاا طحيييين 😯😯😯😯
حلقة ما عجبتنيش حلقة فاشلة
حقهم سماووه ولاد القحبة
انسان مريض.
توفيق الغربي ترهدين و طحين",negative,kaggle_moroccan_sentiment,mixed
Tbarkallah 3liha,positive,kaggle_moroccan_sentiment,mixed
اعوذ بالله من ها الرهوط,negative,kaggle_moroccan_sentiment,mixed
ماااسطييين,negative,kaggle_moroccan_sentiment,mixed
7al9a 3alamia,positive,kaggle_moroccan_sentiment,mixed
الله يذلكم و يلعنكم يا اعلام العار و الفضايح,negative,kaggle_moroccan_sentiment,mixed
Maysla7ch machi crème hydratant,negative,huggingface_darija_reviews,Arabizi
نسيبتي لعزيزة عندها عامين ملي مصاط وزاد جابو وجيهة لجندوبي  زاد مصاط أكثر,negative,kaggle_moroccan_sentiment,mixed
tabarkaALLAH 3LIHA :),positive,kaggle_moroccan_sentiment,mixed
Masta barcha pffff,negative,kaggle_moroccan_sentiment,mixed
"Bravo""",positive,kaggle_moroccan_sentiment,mixed
يااأسسسررر مضروبة في روحههههااا للاااا بية نحب نقلها لباسسسسس؟؟,negative,kaggle_moroccan_sentiment,mixed
mahlekom,positive,kaggle_moroccan_sentiment,mixed
Marek magalba hhh,negative,kaggle_moroccan_sentiment,mixed
El Hasnaoui HaJagh ana bchrti mokhtalita wach yslahli fya chi tâche w wla kit9chr,neutral,huggingface_darija_reviews,Arabizi
Khti bgiti thnay man lhbob olartras dozi 3ndi lkhas n3tik lhal wllh obgitk gi d3i m3ayaa,neutral,huggingface_darija_reviews,Arabizi
Chay hetha 7ram w le5er i9olek 3malna thawra 3ala 5ater dimo9ratiya mala bled kifech walet (mostawayet) tfffffo,negative,kaggle_moroccan_sentiment,mixed
Ma7lekom mab3athkom rabi ifathalkom,positive,kaggle_moroccan_sentiment,mixed
وحدك يا فنان ، ابدعت ثم ابدعت,positive,kaggle_moroccan_sentiment,mixed
Lorial wa3ra hiya li3ndii ana bcharti mokhtalita netrojina crém zwiin tahiwa,positive,huggingface_darija_reviews,Arabizi
احلى فلة...,positive,kaggle_moroccan_sentiment,mixed
rabi ya3taha el kowa wa jahad,positive,kaggle_moroccan_sentiment,mixed
"mamstou mala ""chbifi bika"" hethy",negative,kaggle_moroccan_sentiment,mixed
Jaloul ya m3adhabhom :D,positive,kaggle_moroccan_sentiment,mixed
"إذا إنعدمت الأخلاق والقيم فمرحبا بك في تونس ، أين يمكث المثقفون الزائفون(""الطاهر بن حسين""...) و أشباه الممثلين(""رأفة عيادي""...) والإعلام المنحاز(""قناة الحوار التونسي""...) دورهم تبييض وإحداث ضجة وزرع الفوضى والدفاع عن مسائل تتعارض مع القيم الإسلامية(ما يسمى ب""المثلية الجنسية"") التي بدورها هي قيم كونية ، فإلى أين بهكذا توجّهات و مقاربات و برامج ؟؟؟من يتصدّى لهذه المسرحيات سيئة الإخراج والإنتاج ؟؟؟ أختم بقول الله سبحانه : "" إِنَّ الَّذِينَ يُحِبُّونَ أَن تَشِيعَ الْفَاحِشَةُ فِي الَّذِينَ آمَنُوا لَهُمْ عَذَابٌ أَلِيمٌ فِي الدُّنْيَا وَالْآخِرَةِ ۚ وَاللَّهُ يَعْلَمُ وَأَنتُمْ لَا تَعْلَمُونَ"" سورة النور الآية 19",negative,kaggle_moroccan_sentiment,mixed
bravoooooo,positive,kaggle_moroccan_sentiment,mixed
7assit rou7i bhimt,negative,kaggle_moroccan_sentiment,mixed
Amin tbarkala weklem enes ahla ma4ir maya hhhhh,positive,kaggle_moroccan_sentiment,mixed
Rabi ywaf9ek we ykater men amtelik,positive,kaggle_moroccan_sentiment,mixed
انسان متربي  و ماشاء الله عليه و ديما منور يا سي فوزي,positive,kaggle_moroccan_sentiment,mixed
nice bravooooooooooooo,positive,kaggle_moroccan_sentiment,mixed
Sarah dart 3lihom kamlin hta had floata fih Riha zwina walayni lhwayj lmoskhin makaykharach makaynach,negative,huggingface_darija_reviews,Arabizi
اهل الشقاق والنفاق ،وينو زين العابدين بن علي ،خلي اربيهم ،حتي انت يا سامي راك كيف اخيانك مننننننافق,negative,kaggle_moroccan_sentiment,mixed
طلع صوتو باهي,positive,kaggle_moroccan_sentiment,mixed
M3aaaalma,positive,kaggle_moroccan_sentiment,mixed
زين و قد و للنهضة كلامها إبيض الخد,positive,kaggle_moroccan_sentiment,mixed
brabi la3ad djibouhlna haka avocat makhlouf  hala bkol saraha,negative,kaggle_moroccan_sentiment,mixed
hhhhhhhhhhhh bravoooo Hanan,positive,kaggle_moroccan_sentiment,mixed
Akber katheb w monafe9,negative,kaggle_moroccan_sentiment,mixed
hhh #Ma7leeekoM,positive,kaggle_moroccan_sentiment,mixed
M3aaaaaalm <3,positive,kaggle_moroccan_sentiment,mixed
YA KALAB YA MOSA5  wmok lamsa5a,negative,kaggle_moroccan_sentiment,mixed
يعجبوني الاخوه إلا يبدو يدا وحدة,positive,kaggle_moroccan_sentiment,mixed
Mahlek💖,positive,kaggle_moroccan_sentiment,mixed
راك معلم يا شكيب.,positive,kaggle_moroccan_sentiment,mixed
Saha lotfi enti lpatron wel kapou bravo 3lik frer,positive,kaggle_moroccan_sentiment,mixed
من قبل نكرهك و ليوم زدت.تحيفة الخنن,negative,kaggle_moroccan_sentiment,mixed
عليك حمار تفو,negative,kaggle_moroccan_sentiment,mixed
Akther Mara 3jebetni,positive,kaggle_moroccan_sentiment,mixed
3aycha nakeerhek,negative,kaggle_moroccan_sentiment,mixed
tbrklh 3leha rim rye7i w ena men akther enes ely en7ebha 3ala 5terha moumathla yeser ta7founa w zid adwarha elkol ye3jbouni allah wahad 3lik ya rourou zeyed m3ak w7dek el7asilou w rani nestana fi mousalslik ejdid w nchaj3ek  w bravo <3,positive,kaggle_moroccan_sentiment,mixed
yeser damer ya lotfi,positive,kaggle_moroccan_sentiment,mixed
nakrho -_-,negative,kaggle_moroccan_sentiment,mixed
Bravo rajel yonsor dinak,positive,kaggle_moroccan_sentiment,mixed
Màaaaaasttttttta yaser,negative,kaggle_moroccan_sentiment,mixed
متبع هاد رمضان clean & clear زوين كيرطب و كريم hydratant غزال,positive,huggingface_darija_reviews,Arabic
bravo chakib w tabka ilmouthakaf ilmotrobi w tabka le meilleur,positive,kaggle_moroccan_sentiment,mixed
عندكم كان هو ؟؟,negative,kaggle_moroccan_sentiment,mixed
bravo sahriya tayera w inchalleh dima heka min ghire siyesiyine ili jew kasroulna rousna,positive,kaggle_moroccan_sentiment,mixed
Bravo monsieur le ministre .,positive,kaggle_moroccan_sentiment,mixed
Thaaaabel w math5emha w mo7tarma w bkolha ser w kamouun ♡♡♡,positive,kaggle_moroccan_sentiment,mixed
العيب موش إنه مثلي العيب إلي راجل يحكي معاه و هو يقول أنت ربي بش  تحسبني يعني ميبون و يوخر و زيد قليل تربية,negative,kaggle_moroccan_sentiment,mixed
معلم..معلم,positive,kaggle_moroccan_sentiment,mixed
Sami ya sami ya ahla a3lami,positive,kaggle_moroccan_sentiment,mixed
raki masta raki sel3a matchyakche rasta,negative,kaggle_moroccan_sentiment,mixed
7akem massakh tfouhhh,negative,kaggle_moroccan_sentiment,mixed
M7leha <3,positive,kaggle_moroccan_sentiment,mixed
خويا متافق معاك ولكن فرق مقامات وأسماء لانفينكس راه كتبقى لانفنيكس مشاكلها لا تعد ولا تحصى,negative,huggingface_darija_reviews,Arabic
Inta im3alem,positive,kaggle_moroccan_sentiment,mixed
معلم سيد الرجال ما يشرفوش يقعد بحذ امسخين حشي الرجال,positive,kaggle_moroccan_sentiment,mixed
Marakou hhh 😝,negative,kaggle_moroccan_sentiment,mixed
كافون شبيك كل مرة زيد تولي تافه.. آااه عطاك الوقت..,negative,kaggle_moroccan_sentiment,mixed
هاذ مكانة واعر ولاكين مع شرح الخطير ديالك زتي بينتي لينا روعة ديالو وشكرا بزاااف ❤,positive,huggingface_darija_reviews,Arabic
M3alim y'a lotfi,positive,kaggle_moroccan_sentiment,mixed
mamistou halmasit,negative,kaggle_moroccan_sentiment,mixed
5it. Masta. Offffff,negative,kaggle_moroccan_sentiment,mixed
الله لاتربحهم,negative,kaggle_moroccan_sentiment,mixed
Mastek ya mta3 salam monsieur mamstek ti wlh ma tji chay nans7ek nasi7a 5ouyia kan mchiit dabert nharat mrama 5ir  mala fthaya7,negative,kaggle_moroccan_sentiment,mixed
oui  bravo  kan rajel,positive,kaggle_moroccan_sentiment,mixed
أحسن كوميدي تونسي الكوميدية متاعو تدخل للقلب بدون إستءذان  برافو جعفور واصل هكا :*,positive,kaggle_moroccan_sentiment,mixed
مخطط الولوج الي الاطلسي يعطي ثماره. الأمور ستتدهور بسرعة في بلدان الساحل و الصيف سيكون طويل هذا العام,neutral,hespress_manual_khalid,Arabic
بصراحة عمل سخيف جدا لا يستحق الفرجة,negative,kaggle_moroccan_sentiment,mixed
Yassir mostawa monhat bizarre kifeh hathi yjibouh fi télé :(,negative,kaggle_moroccan_sentiment,mixed
معلم بندير,positive,kaggle_moroccan_sentiment,mixed
Mille bravooo walid tounsi✌✌✌✌✌✌👍👍👍☝☝☝☝,positive,kaggle_moroccan_sentiment,mixed
انشالله ربي يثبتك علي فعل الخير انسان نظيف بأتم معني، الكلمة وتونس،مستحقة لامثالك,positive,kaggle_moroccan_sentiment,mixed
حركة النهظة  لن  يأتوك  يا اختي  جماعة النهظة ارتدو  على كل  اخوتهم وعلى كل من ناظل معهم  جماعة طحانة ما فيهم واحد  راجل,negative,kaggle_moroccan_sentiment,mixed
Akber jrbou3 fi tri5 lensaneya,negative,kaggle_moroccan_sentiment,mixed
Becha Becha Becha,positive,kaggle_moroccan_sentiment,mixed
manasta3rfouch bihoum lyhoud lekleb ya kalb,negative,kaggle_moroccan_sentiment,mixed
عجبني المسلسل,positive,huggingface_darija_reviews,Arabic
BRAVO ENA BAKTNI LA9ta hathi,positive,kaggle_moroccan_sentiment,mixed
ki yheb  yfadlek yabda maset last,negative,kaggle_moroccan_sentiment,mixed
فالمستوى,positive,huggingface_darija_reviews,Arabic
تافه بالقوي,negative,kaggle_moroccan_sentiment,mixed
صوتك يشبه نهيق الحمار يا بغل بن علي,negative,kaggle_moroccan_sentiment,mixed
حبيت الاغنيه من ميوس مع ان مش فاهمتهااا بس غنتها اتهببل,positive,kaggle_moroccan_sentiment,mixed
Walid ya m3alem,positive,kaggle_moroccan_sentiment,mixed
mourou yè m3333333allim,positive,kaggle_moroccan_sentiment,mixed
allah latrab7ek ya fehri ya 5amej  wallah enta sahyouni,negative,kaggle_moroccan_sentiment,mixed
يجب مقاطعة العيد فهو سنة وليس فرضا. وبالمقاطعة ستقاطعون الفاخر والشواية والعطرية.,negative,hespress_manual_khalid,Arabic
يعتبر من اسباب الإرهاب,negative,kaggle_moroccan_sentiment,mixed
"حسين الديك يامعذبهم صوت أناقة أبداع خوي ربي معك",positive,kaggle_moroccan_sentiment,mixed
9nanou,negative,kaggle_moroccan_sentiment,mixed
قدكش جبري انت تحكي على اختك,negative,kaggle_moroccan_sentiment,mixed
<3 <3,positive,kaggle_moroccan_sentiment,mixed
tayara,positive,kaggle_moroccan_sentiment,mixed
شكون هذا نجلاء من أحسن الفنانين في تونس مرحب بكي في بلادك تونس يانجلاء عندك فانز يحبك برشا,positive,kaggle_moroccan_sentiment,mixed
"فندق عادي جدا
ميشليفن بإفران ارخص من أفضل منه .ومحترم جدا
الأدارسة مراكش",negative,huggingface_darija_reviews,Arabic
Tbarkala aalik mariouma teejibni yasser,positive,kaggle_moroccan_sentiment,mixed
Serwar roug hhhh ya ja3four jaw a7ala jaw ma3a ja3four,positive,kaggle_moroccan_sentiment,mixed
chouf chkoun 3ad a5yeb moumathel fi tunis,negative,kaggle_moroccan_sentiment,mixed
Ana n7eb kolha mamsatha mabladha,negative,kaggle_moroccan_sentiment,mixed
Jaw 3lih karim bravooo,positive,kaggle_moroccan_sentiment,mixed
ههههههه ما أتفهك.....!!!!!!!,negative,kaggle_moroccan_sentiment,mixed
إنسان لا يعرف معنى الحوار و بربي سيب النهضة راك عملت العااار !!!!!!!,negative,kaggle_moroccan_sentiment,mixed
msta w lsataa,negative,kaggle_moroccan_sentiment,mixed
Mafheemtech 3lech jeybin sle7 mesbe7 maye3jebnich jemla mast 5atrou -_-,negative,kaggle_moroccan_sentiment,mixed
احسن حاجة فيه صلابة الشاشة والثمن غالي,negative,huggingface_darija_reviews,Arabic
الله برافو صوت رااااائع ..للاسف من اجمل الاصوات الحلوة والمدهشة عنا في تونس لاكن تلقي كعبتين بركا معروفين في الوسط الفني,positive,kaggle_moroccan_sentiment,mixed
شخصية ماسطة لاسطة ...يحكي على الحومة الشعبية و هو لوكو  متاع قطاطس منال عمارة,negative,kaggle_moroccan_sentiment,mixed
و انا نتفرج في الحثالة هذا بقيت نتخيل في حالة امو و بوه  لاني اعتقد ان  الاحساس بموت الابن أقل ألما بكثير من الاحساس بفقد الرجولة في مجتمعنا الشرقي ..... أنا ضد معالجة هذه القضايا في بلاتوهات الاذاعات و اتفق مع تحليل لطفي العماري,negative,kaggle_moroccan_sentiment,mixed
معندى مندير بالفاخرالفاخر كيصلاح غا للتبخار والتفوسيخةفكرتى بعيدة كل البعد عن شراء الاضحيةالشيء الدى جعلنى لا افكر فى شراء الفاخرغالى ولا رخيص,negative,hespress_manual_khalid,Arabic
وين مشين بها هال البلاد راهو عيب عليكوم يلزمنا نشدوا في ديننا و نرسخوا الأخلاق في أولادنا,negative,kaggle_moroccan_sentiment,mixed
والله يلا نصيحة قبل العيد بشهر خودو لوليدات راه مشيت لقيت عاااامر واكثرية خداو نوامر صغار خصوصا صنيدلات وحتى السوق عامر ولغلا,neutral,huggingface_darija_reviews,Arabic
فساد و قلة حياء و عدم احترام لمفهوم العائلة التونسية يا سي المسخ حط في مخك راهو مزالو فمة ناس تحشم و تقدر البو و الخو و الام زادة مسلسل يفرت العائلة موش يلمها انا لتوا ما فهمت شنية الرسالة متاعو ها المسلسل كان لفساد و قلة التربية و الكلام الماسط الله يهلكك,negative,kaggle_moroccan_sentiment,mixed
"ye pute awel 7aja mekich inty w amthelk illi 3amlou l thawra 2 7aja 3mlna ""thawra"" bech 9awm lout yjiw ?? tfffiiih 3lik  w 3lihm m3ek :)",negative,kaggle_moroccan_sentiment,mixed
Masta master elmosalsel,negative,kaggle_moroccan_sentiment,mixed
ماسط  وأمسط من مقدم البرنامج  يحصر  ع نوفل...,negative,kaggle_moroccan_sentiment,mixed
ma7leha lfaza mta3 bayrem w ibrahim,positive,kaggle_moroccan_sentiment,mixed
طحان يا سامي,negative,kaggle_moroccan_sentiment,mixed
Rabi y3inek ya jaafour ya behi,positive,kaggle_moroccan_sentiment,mixed
وحدك يا زينة منورة 😍😍😍😍,positive,kaggle_moroccan_sentiment,mixed
داك لمرطب معرفت فين نلقاه عندي لغسول ديالو,neutral,huggingface_darija_reviews,Arabic
Nékrahaaaaaaaaa,negative,kaggle_moroccan_sentiment,mixed
نور شيبة #نحبك,positive,kaggle_moroccan_sentiment,mixed
ماتعرفش اتمثل ماسطة,negative,kaggle_moroccan_sentiment,mixed
Bravo wajiha,positive,kaggle_moroccan_sentiment,mixed
BSARA7A MASET,negative,kaggle_moroccan_sentiment,mixed
من ناحية ماسطة ماسطة.مستوى منحط هكا علاش عمرنا منقدموا!!!!,negative,kaggle_moroccan_sentiment,mixed
"خوكم من الجزائر الشقيقة ..""",positive,kaggle_moroccan_sentiment,mixed
thabel bint 7oumti ;),positive,kaggle_moroccan_sentiment,mixed
8alib a3lihom hhhhh,negative,kaggle_moroccan_sentiment,mixed
من مآسي الزمان..,negative,kaggle_moroccan_sentiment,mixed
جعفر محلاك انت حليت سهر والله,positive,kaggle_moroccan_sentiment,mixed
وحدك يا سامي في الاخراج تبارك الله,positive,kaggle_moroccan_sentiment,mixed
ماشاء الله ....تهبل,positive,kaggle_moroccan_sentiment,mixed
"لطفي اقوى كوميدي و الفئة لتكرز منو نقلهم  مشكلتكم راكم موش ولاد بلاد هذا علاش ماكمش فاهمين فاش يحكي...
Tbarkala aaaliha
ضحكة جعفور و كلامو بالدنيا و مافيها إنسان محبوب و لي في قلبو على لسانو حنا  نحبوووووووووك جعفور. ربي يطول في عمرك
Ahssene mounachet metkhalak barcha bon courage
برافو وليد التونسي نحبك برشا انا
Mahlek
tbarkallah
جعفور ديما موهر واصل و لا يهمك تكفيك محبة الناس
معللللللم 
m3alem
تعجبني مواقفو صحيح تحسو منرفز آما يلزمو يعمل هكاك خاطر إعلامنا يجيب في الباهي ويحب يطيحلو من قيمتو برافو صلاح
Hhhhhhhhhhhh Raw3a
Behia kawtherrrrr
هايل
أنا منسمعش غناء جملة أما بلطي يعجبني برشا
Sob7ana Allah machallah 3asla
Yser t7foun awlede moufida sirtou badre
ena cha5sien inhebek barcha <3
تبااااركالله عليها موقف اقوى من طاقتها بصراحه و قدرت توصلو الى اعماق قلوبنا ..نتصورها تعبت بعدو ...اسم الله على بنتي و ربي يوفقها وبالله خويا سامي ارحمها شويه...عزت بيا محلاها ومحلى زينها
عسل ؟؟؟ تذكّرني بفاتن حمامه.
Wahra
يعجبني.و نستنى في جديدو
احلي مسلسل
Machlah
برافووووو سامى
Chab3a dhohok 3ajbitni
barvo neji jaloul
ماشاالله عليك يا أميمة صوت و صورة❤️
Bravo bravooo.....
Nmoute 3lik maryouma
3aslaaa
Bravo
tbarkalah 3likkkkkk
اشكر ياعلاء جزيل الشكر على الاعمال الخيرية اي تقوم بها وان شاء الله يوصل كل غريب لاهله
الله يشفيك ويفرجها عليك يا رب",positive,kaggle_moroccan_sentiment,mixed
Mà3łêm,positive,kaggle_moroccan_sentiment,mixed
ف اللون فحالو و لكن فيه ريحة مجهدة و ملي كترشيه كيرغوي شويا,negative,huggingface_darija_reviews,Arabic
انت معلم واحنا منك نتعلم,positive,kaggle_moroccan_sentiment,mixed
رجل سياسي كبير,positive,kaggle_moroccan_sentiment,mixed
جعغور انسان باهي برشا الناس الكل اتحبو ربي ايخليك جعفور,positive,kaggle_moroccan_sentiment,mixed
عاهرة بما تحمله الكلمة من معنى,negative,kaggle_moroccan_sentiment,mixed
Comme d'habitude,positive,huggingface_darija_reviews,Arabizi
أنا أرفع القبّعة إحتراما لهذا الأب الفاضل المجاهد  مليون تحيّة لك أيّها الأب العظيم,positive,kaggle_moroccan_sentiment,mixed
dl’oreal kan eajebni bzzzzf,positive,huggingface_darija_reviews,Arabizi
معلم يا بنديرمان,positive,kaggle_moroccan_sentiment,mixed
عسل حسين عسل,positive,kaggle_moroccan_sentiment,mixed
Ya mama ya mama zina bekoulha ma7laha,positive,kaggle_moroccan_sentiment,mixed
شلة امتاع قحاب و موبنة,negative,kaggle_moroccan_sentiment,mixed
a7la maryouma,positive,kaggle_moroccan_sentiment,mixed
Ya3tikom sa7a yo9tol be tho7ek,positive,kaggle_moroccan_sentiment,mixed
من أجل زيادة ثلاثة آلاف درهم في أجرة الطبيب، استغرق الأمر 20 سنة من الأخذ والرد، وعشرات المسيرات والتظاهرات التي قُمعت، وأقامت الدولة عليها الدنيا ولم تُقعدها. وها هم يملؤون الدنيا ضجيجًا من جديد بسبب دريهمات زيادة في القطاع، لا تكاد تغطي حتى التضخم الحاصل في جميع نواحي المعيشة.في حين أن بعض القطاعات الأخرى، كوزارة الداخلية مثلًا، تُمنح لها زيادات سمينة وغليظة بجرة قلم، في شهر غشت، والناس في عطلة وأيام الأعراس، ولا أحد سمع ولا قلب وجع.هكذا سأوصي أبنائي بعدم التوجه لممارسة الطب في المغرب، على الأقل في القطاع العام.,positive,hespress_manual_khalid,Arabic
Bravo Ja3four rabi m3ak,positive,kaggle_moroccan_sentiment,mixed
Top top top,positive,kaggle_moroccan_sentiment,mixed
si samir ne7tarmek w baramjek nej7,positive,kaggle_moroccan_sentiment,mixed
Taw.bech.tbda tmsat,negative,kaggle_moroccan_sentiment,mixed
للاة النساء,positive,kaggle_moroccan_sentiment,mixed
حسبي الله ونعم الوكيل فيكم إعلام عار,negative,kaggle_moroccan_sentiment,mixed
برافووو..خديجة..لقطة مؤثرة برشا,positive,kaggle_moroccan_sentiment,mixed
والله عجبني هدا الكوبل الله يبارك,positive,kaggle_moroccan_sentiment,mixed
Khayba 7altha katb9a t9echer flwjeh o katban la peau mgabssa khdutha kandirha ghu lyediya,negative,huggingface_darija_reviews,Arabizi
Mahleek jaafour comme d hab mhalli el kaada,positive,kaggle_moroccan_sentiment,mixed
Masit lasit,negative,kaggle_moroccan_sentiment,mixed
انسان مثقف :),positive,kaggle_moroccan_sentiment,mixed
"احمد الرحموني  يكشف و يفضح في مسرحية باردو الارهابية و محمد امين هوا الشماعة اللي علقو فها قضية باردو""",negative,kaggle_moroccan_sentiment,mixed
ممثل ممتاز علي كل مستويات و يستحق جواءز علي خدمة متاعو ماي ينقص مالزايد ليعمل فيه ههه,positive,kaggle_moroccan_sentiment,mixed
ja3four ya m3alem ....,positive,kaggle_moroccan_sentiment,mixed
مستورة و صاينة روحها و صاينة راجلها موش كي غيرها تعري روحها باش يقولو محلاها كلاس غيرها ماشي في بالهم الفن بالعرا,positive,kaggle_moroccan_sentiment,mixed
malla wahra w malla klém ! maallém sahby !,positive,kaggle_moroccan_sentiment,mixed
Mojod à kheti Howa li kandir lbenti,positive,huggingface_darija_reviews,Arabizi
meskina,negative,kaggle_moroccan_sentiment,mixed
اريال لي تينقي ما تبقا غير زواق,positive,huggingface_darija_reviews,Arabic
الله يعطيك الصحة خونا علاء ونشاء الله يتلم شمل كل عائلة,positive,kaggle_moroccan_sentiment,mixed
mabeldou chib  wel 3ibe👴,negative,kaggle_moroccan_sentiment,mixed
يا شعب القناة هاذي ابعدوها قناة منحطة,negative,kaggle_moroccan_sentiment,mixed
7ram 3likom wllh mat9adrouch pfffff,negative,kaggle_moroccan_sentiment,mixed
Bsaraha Eni mati3jibnich :/ :/,negative,kaggle_moroccan_sentiment,mixed
Good amin dima mnawer,positive,kaggle_moroccan_sentiment,mixed
Massetttt,negative,kaggle_moroccan_sentiment,mixed
Rak masta rak masta rak sel3a kal5a,negative,kaggle_moroccan_sentiment,mixed
اي شي اليوم بغتي تشريه تجد.تمنه تضاعف اكتر من خمس عشر مرات حتى فوق ٣٠٠في المئه سبب تحرير محروقات وتجاره  هدك فراش تو كرديان او سعاي او كواي براد ضاعف تمن زاىد دصروهم بدعم مباشر من.ظهر بسطا يكم دولة مغربيه حكومه تصن ان كل مغاربه مصرين في تكتك او ينصبون على سواعد راحت عيشت بالحلال يارسول الله اش هد.مصيبه علاش حكرتو صغار عمال موظفين متقاعدين مهني او مكتري مادونيه طكسي كبير هنا في الرباط  لي خرج عينيه لوا دراع دولة ستفد من تعويضات بريمات مداخل  واحره خياليه نن ١٥٠٠د ٢٠٠٠د ٣٠٠٠د ٤٠٠٠درهم باق شعب درتوه تحت سباق دعيناكم الله ليوم دهبت لسوق نسول على خروف ٢٠٠٠درهم ضحك علي شناق قال وانت من اهل كهف عندك ٥٥٠٠درهم مرحبا لامعندكش تكمش رغم انهم جلهم ستفادو من دعم خروف بقر وووو لينزل تمن البوم سعيات كردينات فرشا تجار مواد غذائية صناعيه محروقات جزاره دجيجيه مالكي مداريس مصحات خاصه صيادله كواي براد ضاعفو اتمان من ٥ و١٥ و٢٠٠ ضعف الا نعساء حظ حكرهم بنكران زاد عليهم اختوش دول لي تحترم مواطن قبب تحرير محروقات تجاره خوصصة صحه تعليم  تعويم در كان علهم مصاعفت مداخيل كل شعب مغربي بحال لي دارت دزير ١٠ملبون ٢٠٠ د,negative,hespress_manual_khalid,Arabic
ahla sami,positive,kaggle_moroccan_sentiment,mixed
Mala wahra mala zen mala thakafa .machallah abharna bsara7a.tbarkallah nour Chiba bravo,positive,kaggle_moroccan_sentiment,mixed
Zayed ya weldi eli traba 3ala t7in w tal7is may3ichech rajel hhhhhjh,negative,kaggle_moroccan_sentiment,mixed
حتى هو حݣرنا هاشتاغ ،وخليه يفتاخر ويزند فالخناشي,negative,hespress_manual_khalid,Arabic
يلزمني نعمل جام على كل تعليق سب هالمسخ والا نكتب كتاب كامل سبان وشتيمة,negative,kaggle_moroccan_sentiment,mixed
Rajel w baradli 3la 9albi,positive,kaggle_moroccan_sentiment,mixed
يا تحفة,positive,kaggle_moroccan_sentiment,mixed
ممصطهاااا ومخيبها وهي اصلا شكونهي,negative,kaggle_moroccan_sentiment,mixed
يعجبني يعجبني bien,positive,kaggle_moroccan_sentiment,mixed
فنان ناجح و صوته جميل,positive,kaggle_moroccan_sentiment,mixed
بالله يا أمين قارا إنسيبو البهيم و إنشدو بردعة . واحد مريظ بالفاحشة,negative,kaggle_moroccan_sentiment,mixed
Yeser ya3jebni harajel 9adechou metrobi w ya3ref ech yjeweb mech chleyek lotfi la3meri w chakib lmaset ili yestfazou fih zeyed yhoud,positive,kaggle_moroccan_sentiment,mixed
beleh beleh chay ihazen el9alb mela sa5afa chey i9azez,negative,kaggle_moroccan_sentiment,mixed
Bel3aks tahfouna,positive,kaggle_moroccan_sentiment,mixed
مسخر متاع بنات,negative,kaggle_moroccan_sentiment,mixed
عرفناه علي حقيقتو نذل,negative,kaggle_moroccan_sentiment,mixed
ملعون أبوك يا فقر يا محوجني للأنذال ذليت عزيز النفس  عشان عديم المال ملعون أبوك يا عوزة ذلت السؤال قتال، آه لو لعبت يا زهر و تبدلت  الآحوال و ركبت أول موجة في سكة الآموال لروح لأول واحد إحتجتلو في سؤال كسر بخطري ساعتها و ذوقني ضيق الحال لعمل معاه الصح أنا  و أسندو لو مال و أقف جنبو  فالمحن و أكون طويل البال و أعلمو الفلوس متصنعش رجال و الحوجة مرة ياما بهزلت أبطال...,negative,kaggle_moroccan_sentiment,mixed
مسط مقداد,negative,kaggle_moroccan_sentiment,mixed
فيلم هايل يضحك واقعي نحي على الخاطر,positive,huggingface_darija_reviews,Arabic
Mabldek w mabled dhyoufek..,negative,kaggle_moroccan_sentiment,mixed
Ja3four ya m3adhebhom,positive,kaggle_moroccan_sentiment,mixed
Bravooo wlh bakitni,positive,kaggle_moroccan_sentiment,mixed
مراجعة رائعة ، ساعة جميلة اتمنى ان تكون من نصيبي .,positive,huggingface_darija_reviews,Arabic
نحب نقلك راك ممثلة فاشلة ومصابة بجنون العظمة الي يشوفها تحكي يقول هذي ممثلة في هوليود ماخذة الف اوسكار وهي موش معروفة من اصلو,negative,kaggle_moroccan_sentiment,mixed
عضو رزين و ماسط بربي ما عادش تجيبوه في التلفزة يقزززززززز ؛ ((,negative,kaggle_moroccan_sentiment,mixed
ماسط -_-',negative,kaggle_moroccan_sentiment,mixed
معلم و تبقى معلم. شخصيا حواراتك تجلب أغلب التونسيين. كاريزما عالية.,positive,kaggle_moroccan_sentiment,mixed
bravo :*,positive,kaggle_moroccan_sentiment,mixed
Zwina merci pour le unboxing,positive,huggingface_darija_reviews,Arabizi
l'marra hadhi rak masét ya mr salem !!,negative,kaggle_moroccan_sentiment,mixed
لمرطب ديال نوتروجينا جاني مزيان خفيف انا بشرتي ذهنية,positive,huggingface_darija_reviews,Arabic
ياسمير برنامجك فقد الصلوحية بطرية اوفات وسمير ولا وافي الانك بكل موضوعية سقطت في الردائة,negative,kaggle_moroccan_sentiment,mixed
اصلا جمال روحك و صدقك وحبك لبوك ..  ورضاية الوالدين يكفيك ارفعي رأسك  دائما مهم كانت طبيعة الناس..  وربي يشفيك إن الله مع صابيرين ان الله  يمهل ولا يهمل يا أحباب الله إدعو لها بشفاء.......,positive,kaggle_moroccan_sentiment,mixed
9emet s9outia 3ib 3liha,negative,kaggle_moroccan_sentiment,mixed
Sel3a zbela rak Ya maset ma amsatech menek fi belek tetthomer wenti raaak 5ariya w me s5oun e3333,negative,kaggle_moroccan_sentiment,mixed
Dima mwaher ya si Fawzi,positive,kaggle_moroccan_sentiment,mixed
Walid ya3tih saha wallah rajel fi zmen 9alet fih rjel :),positive,kaggle_moroccan_sentiment,mixed
ذليل قواد لحاس طحان,negative,kaggle_moroccan_sentiment,mixed
ja3four men dakhltek m3alem wentiy liTzahiy l7al9a diiima,positive,kaggle_moroccan_sentiment,mixed
3asouuuula maryouma,positive,kaggle_moroccan_sentiment,mixed
maste w 5ayebe,negative,kaggle_moroccan_sentiment,mixed
ماسط  لاسط  و تافه,negative,kaggle_moroccan_sentiment,mixed
ma7lehhaaaa khouyaa :'(,positive,kaggle_moroccan_sentiment,mixed
ممسطها ومرزنها  انا نكرها ها العاهرة   👎👎👎,negative,kaggle_moroccan_sentiment,mixed
mahlaha <3,positive,kaggle_moroccan_sentiment,mixed
Nour tberkalah 3lih wasil,positive,kaggle_moroccan_sentiment,mixed
nhbou wld janoub wld bladi,positive,kaggle_moroccan_sentiment,mixed
Tfattaaaq,positive,kaggle_moroccan_sentiment,mixed
في ريحة مجهدة بزاااف إلى داز مع الحلق خطير امل واحد المرة رشيتو وداز ليا مع الحلق كنت غانموت .,negative,huggingface_darija_reviews,Arabic
بصاراحا فله شرفت المغرب العربي صوت قوي ومميز روعه,positive,kaggle_moroccan_sentiment,mixed
Ma7leha l7al9a mta3 lila 8adhetni barcha,positive,kaggle_moroccan_sentiment,mixed
بية الزردي شبيها هكا ماسطة,negative,kaggle_moroccan_sentiment,mixed
bal3ouuuuuut,negative,kaggle_moroccan_sentiment,mixed
Rajel (y),positive,kaggle_moroccan_sentiment,mixed
الفة فنانة بالحق صوت وحضور,positive,kaggle_moroccan_sentiment,mixed
Brabi maedech tjibo heda saif elmetkalef .mouch metrobi w bal3out hata mafehem chay ye3ayet w ysih w yofred f roho mala mostawa.,negative,kaggle_moroccan_sentiment,mixed
Tfouh 3ar5is,negative,kaggle_moroccan_sentiment,mixed
ربي يكثر منك الناس .,positive,kaggle_moroccan_sentiment,mixed
Bravo naji 👍👍👍👍👍👍👍,positive,kaggle_moroccan_sentiment,mixed
y3tikom essha mech normal,positive,kaggle_moroccan_sentiment,mixed
Hhhhhh 7lowa barcha,positive,kaggle_moroccan_sentiment,mixed
فنان موهوب,positive,kaggle_moroccan_sentiment,mixed
3ajbatni barcha barcha baaaaaaarcha,positive,kaggle_moroccan_sentiment,mixed
Bravo tho7ka taamel el kif,positive,kaggle_moroccan_sentiment,mixed
"Mahla klemek ya Wejiha, metwahchin nrawek fi Montreal, waktech etzourna?",positive,kaggle_moroccan_sentiment,mixed
ناجي الميبون,negative,kaggle_moroccan_sentiment,mixed
المعلم يبقى ديما معلممممممم,positive,kaggle_moroccan_sentiment,mixed
رجل مثقف و يستحق الإحترام,positive,kaggle_moroccan_sentiment,mixed
Wallah maalem wahdek ya jaafour,positive,kaggle_moroccan_sentiment,mixed
برافو سمير دقة كبيرة في اختيار الضيوف ولو اعاتبك قليلا .. حلقة الصافي سعيد لو كان بمفرده افضل,positive,kaggle_moroccan_sentiment,mixed
Z3ma lah ysmahlikom 3la fyour 150dh hatinaha fiha oumlete wkhoube bayte dyal yomayne,negative,huggingface_darija_reviews,Arabizi
بصراحة محلاها زين و عين و تربية و رزانة,positive,kaggle_moroccan_sentiment,mixed
MA7LAHA,positive,kaggle_moroccan_sentiment,mixed
ريم عندو لحق رجلك إغير عليك ي زين وعين وأخلاق محلاهاا,positive,kaggle_moroccan_sentiment,mixed
maset laset maye3jebnich damou th9iiiiiiiil hhh,negative,kaggle_moroccan_sentiment,mixed
الصراحة مزيانين بجوج أنا خدامة فبارا داكشي علاش الناس اللي خداو هاد الجيل وبشرتهم غير مختلطة جاهوم مزياان متينشفش بزاف وكلشي شكرو,positive,huggingface_darija_reviews,Arabic
5ayba,negative,kaggle_moroccan_sentiment,mixed
ياسر مقلق وماسط تنبر عالعباد وانتي كعبة لا نفس الحوايج نفس الكلام ياسر ماسط بربي تعملو مزية ماعادش تجيبوه,negative,kaggle_moroccan_sentiment,mixed
mala jaw che5a mte3 tha7k bravooooooooooooooooooooooooo,positive,kaggle_moroccan_sentiment,mixed
شنو كل هذه التعلقات علي فلة لو كان واحد حافظ قرءان متعلقوش عليه ،اتقوا الله يا ناس نسيت عبادة الله و نحن علي ابواب رمضان بدل جيبو دعات اسلام ،جيبو كان في الفنانات، انا هذه فلة متشرفنيش ،حسب روحا عمرها 18،لبس الجينو مشحوط و العري الخزي و العار. نحن بلد المليون شهيد و نصف مسلمون (شعب الجزائري مسلم و الي العروبة ينتسب من قال حاد عن اصله او قال مات فقد كذب)اتقو الله الغناء راهو حرام و الاية تقول (الذي يشري لهو الحديث ليضل به عن سبيل الله)،بدل تواعضوا الناس في هذا الشهر الكريم ، و جيبو مساباقات دينية و حفظ القرءان ،تستضيفو في الفنانات،اين انتم يا مسلمون اتقو الله لا تشجعوا علي معصية الله.,negative,kaggle_moroccan_sentiment,mixed
3jabni barhom kif yebki,positive,kaggle_moroccan_sentiment,mixed
تونسي ولد حومة و نظيف.,positive,kaggle_moroccan_sentiment,mixed
جعغر اجمل واحلي ناس في كلام الناس,positive,kaggle_moroccan_sentiment,mixed
mamset erab mte3 rab rab erab mte3 ra ommek,negative,kaggle_moroccan_sentiment,mixed
Ahla mousalsel bsaraha,positive,kaggle_moroccan_sentiment,mixed
film zwiine,positive,huggingface_darija_reviews,Arabizi
داغي تيخسر خديتو متنخدموش بزاف من بعد 5 أشهر خسر,negative,huggingface_darija_reviews,Arabic
مسلسل متع موبنة و قحاب,negative,kaggle_moroccan_sentiment,mixed
نموت عليك :*,positive,kaggle_moroccan_sentiment,mixed
tefhaaaaaaa,negative,kaggle_moroccan_sentiment,mixed
khty howa zwin kayn9i mzn walakin mjhd bzf rihto likhayba,neutral,huggingface_darija_reviews,Arabizi
7abaytha mn dawrha fi na3ouret lahwe :* bou zaynha <3,positive,kaggle_moroccan_sentiment,mixed
معلم و عجبني تصرفو كيف قام و عطا كلمتين و خرج,positive,kaggle_moroccan_sentiment,mixed
مرا كبيرة فالعمر هذا و بالمنطق هذا ؟ كاااااااارثة,negative,kaggle_moroccan_sentiment,mixed
ساعة رائعة وأحسن مراجع فالمغرب,positive,huggingface_darija_reviews,Arabic
Bravo et contenue,positive,kaggle_moroccan_sentiment,mixed
Bravo bravo nchalla dima haka wasel,positive,kaggle_moroccan_sentiment,mixed
حالة مكربة في تونس توا هذا مسلسل في شهر رمضان لا حولةو لا قوة الا بالله لعظيم,negative,kaggle_moroccan_sentiment,mixed
محلك الله مصلي علي النبي منور الحوار التونس,positive,kaggle_moroccan_sentiment,mixed
سيدة مثقفة حكيمة و اخلاق عالية و مدرسة في فن الخطابة و الاسلوب الحواري المتحضر المرتكز على الاستماع الجيد و حسن التحليل و تالتفسير و التعليل  هذه المراة التونسية .,positive,kaggle_moroccan_sentiment,mixed
ka3ba laaaaaaaaaa,negative,kaggle_moroccan_sentiment,mixed
وليد التونسي راجل ولد راجل تونسي أب عن جد,positive,kaggle_moroccan_sentiment,mixed
الخمج و النتن,negative,kaggle_moroccan_sentiment,mixed
حليلك يا مهدي شنوة باش تقاصي 😑😕😑😕,positive,kaggle_moroccan_sentiment,mixed
mamstek ya  rihem,negative,kaggle_moroccan_sentiment,mixed
Wallah m3alem bravo 3lik 👍,positive,kaggle_moroccan_sentiment,mixed
Moumathel Tefeh yeserr saber ya rabi echib wel3ib w zid 9elt a7yet,negative,kaggle_moroccan_sentiment,mixed
Msata,negative,kaggle_moroccan_sentiment,mixed
اكبر منافق في تونس  ...,negative,kaggle_moroccan_sentiment,mixed
3amlet lfade7,negative,kaggle_moroccan_sentiment,mixed
Malla tahhan w rkhis na3mbouh,negative,kaggle_moroccan_sentiment,mixed
bravo kemche himeel,positive,kaggle_moroccan_sentiment,mixed
برافو عليكم,positive,huggingface_darija_reviews,Arabic
زرعلنا البسمة و الفرحة في صغرنا,positive,kaggle_moroccan_sentiment,mixed
Filorga rah machi chihaaaaaaja. ! Ghalia ou efficacité dyalha chwia osafi,negative,huggingface_darija_reviews,Arabizi
Bravo 5adouja :),positive,kaggle_moroccan_sentiment,mixed
احلي سامي,positive,kaggle_moroccan_sentiment,mixed
nansa7a kan temchi ta3ml 7aja 5ir tfffih,negative,kaggle_moroccan_sentiment,mixed
Et9azez ma5yebha,negative,kaggle_moroccan_sentiment,mixed
صوت ناضج وكائن نادر,positive,kaggle_moroccan_sentiment,mixed
Meek taa7aaan,negative,kaggle_moroccan_sentiment,mixed
N7ebek barcha y'a 3aycha,positive,kaggle_moroccan_sentiment,mixed
إنسان كارثة على البلاد ومريض ومتخلف ومنحط أخلاقيا ومهوش متربي,negative,kaggle_moroccan_sentiment,mixed
ممسطوووو و مبلدوو و مخيبووو,negative,kaggle_moroccan_sentiment,mixed
Mamsathom,positive,kaggle_moroccan_sentiment,mixed
حسبي الله ونعم الوكيل هدل مريض وتاعب و ايمانه ناقص لازم نعدموهم من الحياة ناس متخافش ربي لعنة الله عليك ياضايع,negative,kaggle_moroccan_sentiment,mixed
ماشاء الله والله أكبر، مطعم مريح وعائلي,positive,huggingface_darija_reviews,Arabic
Bourjoulya badir m3lim ki mcha ililya,positive,kaggle_moroccan_sentiment,mixed
الجرأة  في العراء و الغناء الماسط و المنحط( رغم أني لم و لن أرى الكليب) هي جرأة فاسدة و انحطاط أخلاقي و سفاسف و رذالة,negative,kaggle_moroccan_sentiment,mixed
طاقة صوتية و صدق مشاعر.,positive,kaggle_moroccan_sentiment,mixed
morou 3sal denya,positive,kaggle_moroccan_sentiment,mixed
يا توفيق رك مصت برش,negative,kaggle_moroccan_sentiment,mixed
M3alem landolsi 9leb 3lihom tor7,positive,kaggle_moroccan_sentiment,mixed
بسم الله الرحمن الرحيم,neutral,hespress_manual_khalid,Arabic
عفاط عالحيط و الراب مايفهم منو شيء. .و زب ليك يا قناة اللواط انتم الي تكبرو فالجربوع و خوه.. #زب_لكم 👊💪❌,negative,kaggle_moroccan_sentiment,mixed
ياسر ياسر حلو المسلسل اتمنيت راني نمثل فيه عندي خبرة ومثلت قبل انشاء الله خويا يامي في انتاجا تك الجايا,positive,kaggle_moroccan_sentiment,mixed
وحدك يا جعفورة يا باهي,positive,kaggle_moroccan_sentiment,mixed
ملا عقرب ابي حني,negative,kaggle_moroccan_sentiment,mixed
"تحسها حلقة ملوخية بالحوت""",negative,kaggle_moroccan_sentiment,mixed
Wa3rin,positive,huggingface_darija_reviews,Arabizi
Bsara7a ma ta3rafich tmathil jimla,negative,kaggle_moroccan_sentiment,mixed
Tbarkalah aliha ahsen moutorba fi tounis,negative,kaggle_moroccan_sentiment,mixed
تميز وابداع **** الله اكبر عليك*,positive,kaggle_moroccan_sentiment,mixed
Hadi maxi mortib,neutral,huggingface_darija_reviews,Arabizi
a7la moselsel wallah yfatta9 😘😘😚😙😍😍😍😍😍😍😍,positive,kaggle_moroccan_sentiment,mixed
mala mosiba hhhh,negative,kaggle_moroccan_sentiment,mixed
bravoo,positive,kaggle_moroccan_sentiment,mixed
Inta m3alem w a7na minik net3alam. Rak soltan il masra7,positive,kaggle_moroccan_sentiment,mixed
ملا فصايح.........,negative,kaggle_moroccan_sentiment,mixed
Mahleh wzirna rabbi yfadhlou w ya7mih  w y5alih lbledna,positive,kaggle_moroccan_sentiment,mixed
"ما تفرجتيش فيه مي نقلك حاجة سامي راهو رمضان و عيب تجيب حاجات كما هاكا عيب عايلات قاعدة تتفرج 
7ata bil 9aris ma yet3adech maaaaaaaaaaaaaaaaaaaaaaasiîiiiiit
عائلة مريييييضة ربي يشفي لمرضاااا
Tfouh a3likom 9anat da3ara wt7ni maw9aa azra9 ya 5omej rahou
منيك. احقروه
مايتفرج في التفاهة كان التافهين
ابو الركاكه و البلاده
تفووووه عليه عالزنديق
كثرلها من المسوطية
Maseeeeet
تفيه على هالفاطشة بعت روحك بزوز فرنك خليت روحك و ولديك لسبان باش ترضي عليك شوية انذال كيفك... يا سلعة السياسة تحبلها واحد مهف و راجل موش فرج بزاق مفعول به كيفك الي يدزو فيك اليوم غدوة باش يدزوهولك لين يخرج من حلقك و اهي مرشومة سلام ع رجال بلادي و الطحانا يقطع سبرهم
Yasser massetttttttt
ملا بهيم زعيم كان في التصفيق ولد التجمع الدستوري حتى هو..
انسان ماصط لاصط",negative,kaggle_moroccan_sentiment,mixed
نوفل و ابتسامته اروع ما في كلام الناس <3,positive,kaggle_moroccan_sentiment,mixed
Yo9tol ❤,positive,kaggle_moroccan_sentiment,mixed
يا علاء يا أحسن و اطيب انسان و مقدم   رأيته في حياتي. و الله الدزاير كامل يحبوك و انا نحبك.  و جزاك الله الله كل خير على واش راك تقدم من افعال خير علبالي موش وحدك. راهو ايكيب انا نوراك لكن احنا نشوفوك انت اللي في الواجهه. و اكمل في طريقك  و خلي الكلاب تعوي.  هههه واحد كي ما لقى ما يعلق قالو. ااااه حرام عليه يحضن في المرأة قدام الناس. و قدام رجلها و ما قال شي  ياخي عباد ياخي.  ربي يوفقك علاء خويا.,positive,kaggle_moroccan_sentiment,mixed
Mamestou mala 3ouka ya 5ouya mehathamtouch mal9itou matjibou,negative,kaggle_moroccan_sentiment,mixed
hhhhhhhhh yessir blida,negative,kaggle_moroccan_sentiment,mixed
3Almaya,positive,kaggle_moroccan_sentiment,mixed
"طياره
Bravo chakib
Bravo bravo :)
جعفور الله أحد عليك و على أعمالك الخيرية ربي كثر منك الناس
raw3a hhhh
Macha allh
أبدعت حقا...بالفكرة والبسمة التى لا تفارق وجهك...تونس في حاجة لأمثالك..انت فخر لنا والى يعرف قيمتك 💓💓💓💓💓
برافو وليد التونسي",positive,kaggle_moroccan_sentiment,mixed
Bravo sami 7al9a 3ejbetni barcha,positive,kaggle_moroccan_sentiment,mixed
Naf5a ro7ha,negative,kaggle_moroccan_sentiment,mixed
hhhhhhhhhhhhhhhhh 7louuuuuuuuuuuuuuuhh,positive,kaggle_moroccan_sentiment,mixed
اما والله لقد صدق من قالها اعلام العار وستظلون اعلام العار,negative,kaggle_moroccan_sentiment,mixed
ta77an kbir,negative,kaggle_moroccan_sentiment,mixed
Ja3four yasr tahoun,positive,kaggle_moroccan_sentiment,mixed
mella kertha,negative,kaggle_moroccan_sentiment,mixed
mamstekkkk,negative,kaggle_moroccan_sentiment,mixed
ياسر كذب .....,negative,kaggle_moroccan_sentiment,mixed
ديما منور يا شيخ <3,positive,kaggle_moroccan_sentiment,mixed
من الرعاع وسقط المتاع,negative,kaggle_moroccan_sentiment,mixed
حلم جميل,positive,kaggle_moroccan_sentiment,mixed
9emet i tafaha,negative,kaggle_moroccan_sentiment,mixed
وهل يتم تفعيل لجان المراقبة لحماية المواطن المغربي من غلاء أسعار المواد الأساسية ؟الفحم الخشبي يبقى اقتناؤه مرة في السنة اما أساسيات العيش لدى المواطن عرفت اثمانها ارتفاعا مهولا دون تدخل من مصالح الشؤون الاقتصادية والتنسيق بمختلف ربوع المملكة .حماية المعيش اليومي للمواطن المغربي من الاولويات.,neutral,hespress_manual_khalid,Arabic
Mekdad ya lahass ya tahan el hakim tfouhhhh alik,negative,kaggle_moroccan_sentiment,mixed
Wallah mabeldou wmaset wmaydahhakch ensen tefeh wablah brabi nehhiweh,negative,kaggle_moroccan_sentiment,mixed
Mala la7es,negative,kaggle_moroccan_sentiment,mixed
تربية و اخلاق تبارك الله عليه اقوى رجل سياسة في تونس و لسانو يغزل لحرير,positive,kaggle_moroccan_sentiment,mixed
Ja3fouuuur n7bouuuu barchaaa,positive,kaggle_moroccan_sentiment,mixed
masta brabi ken zet chwayia fel fente wallah ma tehchem ikeb saadou liberalisme,negative,kaggle_moroccan_sentiment,mixed
Mabesslouuu,negative,kaggle_moroccan_sentiment,mixed
تفاهة وقلة حياء,negative,kaggle_moroccan_sentiment,mixed
برجولية زوز بنات ينطبق عليهم مقولة يرحم ولدين الي رباهم,positive,kaggle_moroccan_sentiment,mixed
Bravooooooooooooo👍👍👍👍👍3alaa,positive,kaggle_moroccan_sentiment,mixed
Mas9tha touz fik,negative,kaggle_moroccan_sentiment,mixed
برافو برافووووووووو.,positive,kaggle_moroccan_sentiment,mixed
ادهنوه بكعبة حلوة ... فماش مايولي حلو... قداشو ماسط,negative,kaggle_moroccan_sentiment,mixed
hhhhhhhhhhh malla ka3ba <3,negative,kaggle_moroccan_sentiment,mixed
ملا طحان عههههه لا لا زيدو ثبتو فيه طحان محنك,negative,kaggle_moroccan_sentiment,mixed
ma7 zinkkk ya jaloulll hhhh,positive,kaggle_moroccan_sentiment,mixed
تحفونة..ومتروبية,positive,kaggle_moroccan_sentiment,mixed
بالله يزي من التمقعير ولوج على اصلك منين بالتحديد، ويزينا من راني ولد باب سويقة وما عاجبك شي وانت هو الي ما تعجبش,negative,kaggle_moroccan_sentiment,mixed
Mamesetha lila mager chakib,negative,kaggle_moroccan_sentiment,mixed
MALA 3obitha,negative,kaggle_moroccan_sentiment,mixed
"ريم الرياحي مافماش منها برشا و قليل تلقى ممثلة بالشخصية هذه  بصراحة تبارك الله عليها هذه تمثل المرأة التونسية ممثلة و متربية و عندها شخصية توا البعض من الممثلات على خاطرهم معروفين عاملين لعجب  نحب نقوللها برافو ريم و ان شاء الله توالي في كل رمضان موجودة في التلفزة التونسية ان شاء الله دائما في نجاح و تقدم",positive,kaggle_moroccan_sentiment,mixed
ناقم على الدنيا وعلي عندهم فلوس,negative,kaggle_moroccan_sentiment,mixed
حسبي الله ونعم الوكيل,negative,kaggle_moroccan_sentiment,mixed
"محلاه اسمها ""عائشة""",positive,kaggle_moroccan_sentiment,mixed
"Nouuuuur n7ebouk barcha barcha, algeria",positive,kaggle_moroccan_sentiment,mixed
ماسط لاسط لعبها مبدع وهو ابداعو الوحيد الطحين والسراب وعداء للنهضة اكب سعدك النهضة لا تتمنى ان يناصرها امثالك يا منحط,negative,kaggle_moroccan_sentiment,mixed
memenhe kleb ta7ana,negative,kaggle_moroccan_sentiment,mixed
ملا تلحيس,negative,kaggle_moroccan_sentiment,mixed
Maset;3oka,negative,kaggle_moroccan_sentiment,mixed
كلب وخسارة نهدرو عليه,negative,kaggle_moroccan_sentiment,mixed
ماسط  و هو  باش يخسر البرنامج,negative,kaggle_moroccan_sentiment,mixed
Bravou 5adija m3alma wbint m3alem walah,positive,kaggle_moroccan_sentiment,mixed
Raw3a ya3tik sa7a,positive,kaggle_moroccan_sentiment,mixed
wa7do,positive,kaggle_moroccan_sentiment,mixed
Ta7an kbir,negative,kaggle_moroccan_sentiment,mixed
Bravo a7sen la9ta fi 7al9et elyoum,positive,kaggle_moroccan_sentiment,mixed
ربي انجحو وياخو ببدو ويوفقو,positive,kaggle_moroccan_sentiment,mixed
yaaaaaa m3alem*,positive,kaggle_moroccan_sentiment,mixed
تبارك لله عليك ماشاء لله 😂😂😂👏👏👏,positive,huggingface_darija_reviews,Arabic
جهنم وبئس المصير,negative,kaggle_moroccan_sentiment,mixed
Yasser masset,negative,kaggle_moroccan_sentiment,mixed
"ربي يجمع شملكم 
Yesser classe, finou wa3la tbi3ethaa yeser te3jbni w tal3et 3ndha swayet 7low zeda <3
مثقف و يحب مجتمع يتثقف #برافو
ti3jibniiii <3
Bouuuu zyyynoouu nmouut fyyyyyh
عسسسسسسسسسسسسسسسسسسسسسسسسسسسسسسسسسسسسسسسسسسسسسسسسسسسسسسسله
3ssal
برافو مبروك بنت القصرين
أنيقة جدا آمنة 😍
يهببببببببل
A7sen
Wlh m3allem ! ;)
Mala bnet wlh ma7lehom . Ti sa3at tel9a l5irr f bnaya 5ir men wlayeed
BatBout Wen7ebbouuuuuh <3
نور شيبة ياسر عجبني باأخص في حديثو عن ناجي جلول
braaavooo mayouuussss
نكون اسعد كان نقابلك يا اروع مثقف
مشاء الله
Karim 3alemy
Ye me3alm
bravo ja3fouuur :*
Te3jebny <3 top <3
A7la hanen
تحية لسميرة الاخت الوفية في زمن غابت كل مشاعر الانسانية برافوووو
NOUR CHIBA RAK WAHDEK FIL WAHRA WMAKIFEK 7AD DIMA SPECIAL BRAVO ET BONNE CONTINUATION
ديمة منورة الله آحد عليك أحلى أمونة <3 <3 ربي يحفظك
hbel
ye walid tbarkala 3lik
a7sen memethle b1 <3 <3
marryouma yeser ta7founa w ta3ref tmathil et tt mais t7es fama haja fil mouslsil mch mechya makhrajich a3liha dawr jimla
Mahleeh mwaher
معلم يا شكيب ربي يكثر منك الاعلاميين
<3 <3
bravo
هو صاحب مبدأ محايد كلامو في بلاصطو برافو
ذكية و جميلة #الجزائر
Wa7dk bent l9ass :*            Bravo bent bledi <3
Machaa lah
أنا شخصيا نحبو برشا و ربي معاه و يوفقو في كل خطوة يعملها",positive,kaggle_moroccan_sentiment,mixed
معلم يا جعفور 😊,positive,kaggle_moroccan_sentiment,mixed
Te3jebni barcha,positive,kaggle_moroccan_sentiment,mixed
Maaaaaaareq eghiiiiiiiiit,negative,kaggle_moroccan_sentiment,mixed
واعرين واعرين عجبني بزاف,positive,huggingface_darija_reviews,Arabic
Yesr 9o7b,negative,kaggle_moroccan_sentiment,mixed
رمضانكم مبروك وكل عام وانتم مقاطعين قناة الحمار التونسي,negative,kaggle_moroccan_sentiment,mixed
"Allah ybarek benat fahlate , bekawni   ♥",positive,kaggle_moroccan_sentiment,mixed
#مانيش_مسامح,negative,kaggle_moroccan_sentiment,mixed
احترامي جعفور,positive,kaggle_moroccan_sentiment,mixed
مصطفى الدلاجي يعجبني و صوطو تحفون برشا  <3 <3,positive,kaggle_moroccan_sentiment,mixed
Bon ta7founa moch 5ayba rabi m3ha,positive,kaggle_moroccan_sentiment,mixed
besra ma7la soutek w ma7lek 7att 9abl ma3ml 3amlit tajmil ma7lk,positive,kaggle_moroccan_sentiment,mixed
واحد جبري ومسخ ومأ يعرش يحكي,negative,kaggle_moroccan_sentiment,mixed
M9atel dho7ek,positive,kaggle_moroccan_sentiment,mixed
Mase5 we9leb lvista,negative,kaggle_moroccan_sentiment,mixed
خيرات  المغرب  تصدر نحو  افريقيا  السوداء  والمغاربة  يكتوون  بالغلاء  والتضخم.,negative,hespress_manual_khalid,Arabic
Bravo sami ya3tikom saha,positive,kaggle_moroccan_sentiment,mixed
غاااالية وماصالحة لوالو ممكن تاخد سيارة يابانية وتخدم بيها 40 عام بلا مشاكل,negative,huggingface_darija_reviews,Arabic
Tbarkallah a3lih,positive,kaggle_moroccan_sentiment,mixed
mal9aw ken nwfall !!!!!!! masssetttttt,negative,kaggle_moroccan_sentiment,mixed
masit lasit,negative,kaggle_moroccan_sentiment,mixed
Zwin walakin machi ldik daraja dyal hadchi li kay9olo o zid 3liha ghaali,negative,huggingface_darija_reviews,Arabizi
Inchallah ijik elwahf ya hawayen ta3rafni tahki ma3aya ya bhim ech imda5lik inti Abde Rahmen ben gamra istakfa birouhik,negative,kaggle_moroccan_sentiment,mixed
yhablou b sara7a,positive,kaggle_moroccan_sentiment,mixed
a7la kafon,positive,kaggle_moroccan_sentiment,mixed
KARIM MASTE BARCHAAAAAAAAAAAAAA,negative,kaggle_moroccan_sentiment,mixed
موديلات رائعة مشاء الله تبارك الله بتوفيق,positive,huggingface_darija_reviews,Arabic
yar777em weldin weldikk bravooooo,positive,kaggle_moroccan_sentiment,mixed
ما شاء الله عليه شكيب  الدرويش بصراحة صورة مشرفة للمثقف التونسي بغض النظر عن اختلافاتنا الفكرية معاه ، اليوم نقاشو مع ريني الطرابلسي أثبت وأنه كعبه عالي وأنه يغرّد أحيانا خارج السرب ، حتى اعتذاره كان متاع معلّم ...على الأقل خير من برشا منافقين اللي يتلونوا مع الأرياح ..شكيب مكسب لقناة الحوار واصل ، وباهي وجود لطفي وشكيب اختلاف وتناقض ولكن ما يجمعهم حب تونس,positive,kaggle_moroccan_sentiment,mixed
اكثر شخص يمثلني في الساحة الوطنية وتعجبني افكاره واراه الشخص الوحيد القادر على منصب رئيس الجمهورية..,positive,kaggle_moroccan_sentiment,mixed
الغباء المغربي داءما مستمر نعطي العدو جميع الاسلحة باش يتشفا فينا علاش مخليين اخر دقيقة تدفعو الملف بالمناسبة نفس المشكل يقوم به المغرب في قضية الصحراء المغربية داءما ستماطل و يتكاسل حتى يفوت الوقت متلا مجلس الامن عطى لمغرب الحق في الحكم الداتي و المغرب مازال يضيع الوقت في المفاوضات و جلب اعترافات الدول بينما يجب عليه حسم الملف نهاءيا في الامم المتحدة,negative,hespress_manual_khalid,Arabic
bon ena wa7ed mi nes tounsia chenfassa5ha madem jeha najm lcomidia lmassta marzen rahtou,negative,kaggle_moroccan_sentiment,mixed
تحية تقدير واحترام إلى هدا الرجل,positive,kaggle_moroccan_sentiment,mixed
تفددّ,negative,kaggle_moroccan_sentiment,mixed
مش حلو ميضحكش ماااااااااااااسط,negative,kaggle_moroccan_sentiment,mixed
3sallllllll karim 💟💟💟💟,positive,kaggle_moroccan_sentiment,mixed
malla marek tfouh ...5ommej,negative,kaggle_moroccan_sentiment,mixed
وحدة  نكرة  وبايرة     برى امشي  خوذي وحدة كيفك وتولي امورك كيف هاك المثلي  الي تدافعي عليه,negative,kaggle_moroccan_sentiment,mixed
Hhhhh ehabel,positive,kaggle_moroccan_sentiment,mixed
وليد التونسي لحقيقة قبل ما يعجبنيش برشا أما بعد الموقف الي خذاه من هالفئة الجديدة الي تسمي روحها بالجنس الثالث كبر في عيني برشا و عجبني خاصة كي رد على سي رأفة,positive,kaggle_moroccan_sentiment,mixed
"امين مزلت صعير على تنشيط كلام الناس كي تكبر ايجى تكلم مع شكيب 
○●⊙ الناس تقول عيب عليك و آني نقولك برافو عليك شيخ ، الحقيقة تقال و الصورة واضحة .
Tfouh al kelb
ما أقل حياك يا سامي ،لا تقدروا عائلات لاشئ! قول انت مقدرتش مرتك و بنتك باش تقدر لعباد ،ممسطك و برا
Chib wl3ib
wlh l9a7ba 9a7ba
حسبنا الله فيكم و في ولات امور تونس..",negative,kaggle_moroccan_sentiment,mixed
😂😂😂😂😂👏👏الله,positive,huggingface_darija_reviews,Arabic
الي يعجبني فيه ضمارو التلقائي ... معلم!,positive,kaggle_moroccan_sentiment,mixed
تفاهات .......,negative,kaggle_moroccan_sentiment,mixed
هدا ماشي مرطب هدا مرمم,neutral,huggingface_darija_reviews,Arabic
bravo w ahsen whid el prinz w sabri,positive,kaggle_moroccan_sentiment,mixed
ماتكونش كرغولي كتر من الكراغلة,negative,hespress_manual_khalid,Arabic
3sal denya :*,positive,kaggle_moroccan_sentiment,mixed
طفلة عاقلة ما شاء الله علاها,positive,kaggle_moroccan_sentiment,mixed
Bravo ✌,positive,kaggle_moroccan_sentiment,mixed
معلمة <3,positive,kaggle_moroccan_sentiment,mixed
cv m3alma,positive,kaggle_moroccan_sentiment,mixed
"لا حول ولا قوة الا بالله 
Tfouh 3likom w 3ala 9anét el3oher w nadhèla mta3kom
Mala mander a7ref
تفوههههه
<   3ahra tfihhh",negative,kaggle_moroccan_sentiment,mixed
برافو  والله معلم,positive,kaggle_moroccan_sentiment,mixed
Barvoooo,positive,kaggle_moroccan_sentiment,mixed
الى متى سنبقى نسمع قصص مروجي المخدرات و ما مصير السابقين حتى يكونوا  عبرة للاحقين.المشكل يكمن في ضعف القانون و التساهل في الأحكام و ترك منعدمي الظمير ينشطون بكثرة  لإغراق البلاد بالمؤترات العقلية و قل الشباب.,negative,hespress_manual_khalid,Arabic
wa7dek ya walid ki dezet faztek,positive,kaggle_moroccan_sentiment,mixed
هؤلاء لا يأتي منهم الا المشاكل. اهتمو بالعلم و اللغة الانجليزية و انفتحو نحو الشمال و الغرب حيث التقدم و الحرية و القانون.,negative,hespress_manual_khalid,Arabic
Machalla,positive,kaggle_moroccan_sentiment,mixed
maseet barchaa,negative,kaggle_moroccan_sentiment,mixed
Hhhhh mala chitan,negative,kaggle_moroccan_sentiment,mixed
غير الفقراء و المزاليط للي همهم الأضحية و الذبح و الغلاء و المشاكل و الأوساخ الناتجة عن ذللك. أما العائلات الواعية فتستغل عطلة العيد للإستجمام و السفر بعيدا عن كثرة الأوساخ الناتجة عن الذبح,negative,hespress_manual_khalid,Arabic
Zeyed ja3four yab9a lem3alem,positive,kaggle_moroccan_sentiment,mixed
من هذا الأبله :o,negative,kaggle_moroccan_sentiment,mixed
برفو وجيهة وقعية في كلامها وامرأة ذات شخصية متكملة آناقة وثقافة,positive,kaggle_moroccan_sentiment,mixed
rabi ywaf9k,positive,kaggle_moroccan_sentiment,mixed
واو واو هاد ما شي تليفون 📱💪🔥💪وعرة بزاف ما كرهتش يكون عندي 😍😍😍,positive,huggingface_darija_reviews,Arabic
"تسيب و انحطاط اخلاق 
حيونات يراهم مشلولييين
Amsit barnemij fi 9anet ena manich fehma chniya y7eb ta3mil samir wafi ooooohhh mamstouuu
تفووووووووو عَل المستويات المنحطة 😡
Insan jahel !!!! :(
كل مرة تزيد تسقط من عينينا
موش معقول
اكبر طحانة
Barcha tgou3ir+barcha t7in+barcha bhema w msata = taoufik el gharbi
za7..mast ya sa7bi maast
شكيب ممصطك يا راجل ظاهر يا بابا يامي يزيك من التنوفيق
Malla 3elkkkaa !!
Wlh zayed khamej w masakh w matwalich 3abd belahi omek w okhtek tfarjou faha la9ta hadheka?????????
مسط
tfouh 3lik rakom jahaltouna allah le rabahkom 9alou 9ima !! kol wa7ed ydafe3 3lihom rahou minhom
تحبك لفعه يا مسخ
متحيل وقلاب
ضنوه حارمه تفووووووه ...
مهزله عمري ما كنت نتصورو هكا !!
elmouhem thama rhout hacha 5ol9et errahmen ma3ch nhebou nchoufouha'fi labess'
الشعب التونسي العظيم ،،،،,,,,,,الاٍرهاب و الدينار طايح و البلاد عالحديدة .والكلها موضوعها ولاد مفيدة تباااااااااااااا
مستوى متدني للغاية
ye5i mich 9a3id ichouf fi 5litou fil mraya hal kartha
مخمجه
ماسط
امسط عباد الله
في كلمه. زنديق
Kanet 3ahira.Mala mwabna .
La booh amset byaser blada belkhra
3alkaaaaaaaaaaaaaaaazi
marida hay
مااااسط  مااااسط  مااااسط  مااااسط  مااااسط  مااااسط  مااااسط  مااااسط  مااااسط  مااااسط  مااااسط  مااااسط  مااااسط  مااااسط  مااااسط  مااااسط  مااااسط  مااااسط  مااااسط  مااااسط  مااااسط  مااااسط  مااااسط  مااااسط  مااااسط  مااااسط  مااااسط  مااااسط  مااااسط  مااااسط  مااااسط  مااااسط
tfouh
Maset chway walit ..
Mostawa mon7aaaaaaaaaat :3
ملا سلع ههههههه برافووو
Ma3jibnich
مريض
هذا البرنامج اهانه لكل تونسى ..... اخوكم من ليبيا
9a7ab.
اتفه انسانة ريتهاا و تقول ممثلة منين جك الموهبة تفهاااا و ساخيفة ت حمقاء و زيد عفشة و متصلحش فنانة تمشي تحل كيما قلت هي حانوت كسكروتات موش تعلمت كلمتن بسوري ولات تعطي في حقوق لانسان تف تف تف تف عليها و علي . ملا حالة في تونس .
malla chakhsiyya jeybinhaa :33
وزير #التربية طلع قليل حياء!
Men7ebhech
y3ayef !!
الله يهديكم جايبين شبه ممثلة تعطي في رايها تتمعجن في الكلام حاسة روحها اش من حاجة افففف تقزز
مهضمتوش ها المسلسل
اتفوه علي هالاشكال
. شكيب يوتر الأعصاب ..مقلق مقلق ....مقلق مقلق يفدد  ....فدة ...غمة على القلب
masit lasit
chellet ettefihinnnnnnnnnnnnnnnnnnnnnnnnnnnnnnnnnnnnnnnnnnnn
بصراحه ميعرفش يحكى ممممممممسط
mela masa5 w mela ta7an w m.... met5alef w rojla mayasm3ch beha
T3ayef
Ma amstou mnin jebouh
Etfouf 3lik
اشك في رجولته؟!!
Hhhh tha3louba
مخيب راسو
التفاهة والسفالة بعينها والحق فلي مستدعيه
كلااش فاشل
3afattt
Mchee mnayek jee anyek
malla ma3da
Ta7aaaaaaan kbir
مرا بألف طحان من الجهال الي يسبوا فيها...
تحسو ضايع طووووول
W #lotfi  3o9detkom",negative,kaggle_moroccan_sentiment,mixed
كي تبدا تغني بصراحة تفكرني بالزمن الجميل و العصفور ماليح متاع مسلسل الخطاب ع الباب,positive,kaggle_moroccan_sentiment,mixed
منديهش واخة يكون فيه دوا,negative,huggingface_darija_reviews,Arabic
ههههههههههه أقبح سيلفي شفته في حياتي,negative,kaggle_moroccan_sentiment,mixed
Bravo lotfi wassel,positive,kaggle_moroccan_sentiment,mixed
بنديرمان بهيم وزيد يناقش في ألفة يوسف   اش لاز حمة يغني ضهر روحو بقرونو,negative,kaggle_moroccan_sentiment,mixed
سيتكوم عالمي,positive,kaggle_moroccan_sentiment,mixed
Mêla fdhay7 tfouh 3al 5omej fi chhar fdhil,negative,kaggle_moroccan_sentiment,mixed
mechwem wejhek ya nawfal,negative,kaggle_moroccan_sentiment,mixed
لحاس بن علي,negative,kaggle_moroccan_sentiment,mixed
Ma7soub si mo9ded adhaf barcha lel fan k sidi k jwedou,negative,kaggle_moroccan_sentiment,mixed
chlekaaaaaaaaaaaaa,negative,kaggle_moroccan_sentiment,mixed
ملا مستويات هذومة يتكلموا على الفن وهوما يخرجوا من أفواههم في العفن الحاصل كي سيدي كي جوادوا ،الواحد كرهكم وأنت يامقداد اش بيك ماكش كيف خوك الي في الزيتونة,negative,kaggle_moroccan_sentiment,mixed
Ammouna a7na elfans mte3ek n7ebouk wna3 ch9ou soutek nchallah dima nej7a wmnayretna y'a ghalya 😘,positive,kaggle_moroccan_sentiment,mixed
انا يعجبني,positive,kaggle_moroccan_sentiment,mixed
Mala efdhey7  Rabi yahdi.🚯,negative,kaggle_moroccan_sentiment,mixed
عسسسسسسسسل 😍برافو,positive,kaggle_moroccan_sentiment,mixed
Ensen rajel w behyy kamel ki haka,positive,kaggle_moroccan_sentiment,mixed
ارزن و اعمل عقلك وهف يهزك فمها تقول كونفارس و هي باش تطير مناظر مقلبة,negative,kaggle_moroccan_sentiment,mixed
بلادة و ركاكة و قلة همة يمرضو الناس كان جات تضحك على الأقل,negative,kaggle_moroccan_sentiment,mixed
انت صفر والصفر اشرف منك  تتعلم في الزلق تحت تكسرت قبل متبدة,negative,kaggle_moroccan_sentiment,mixed
طحان النهضة,negative,kaggle_moroccan_sentiment,mixed
نوفل وحدو,positive,kaggle_moroccan_sentiment,mixed
عين الحسود فيها قنفود  😂❤ Zin w 3in w 9ad tbarkallah alik 💗 yestana fik most9bel kbiir fi majél el tamtil,positive,kaggle_moroccan_sentiment,mixed
ناقص. غلوة,negative,kaggle_moroccan_sentiment,mixed
O wahdak. Ya. Ma3aLem.  Rabi.  Em3ak.,positive,kaggle_moroccan_sentiment,mixed
3azza nmout 3liha,positive,kaggle_moroccan_sentiment,mixed
بصراحة بلاتواتنا بدات مهزلة ماتفهم شيء ديما هوما يتنابرو و حنا مافهمين شيء و في هالحالة وزير يوصل الها الدرجة سامحني ماعادش فما سياسة ..,negative,kaggle_moroccan_sentiment,mixed
top top 💗💗,positive,huggingface_darija_reviews,Arabizi
T3ayif lekleb mamsatha,negative,kaggle_moroccan_sentiment,mixed
فن عفن ولسان طويل وتحيا دوبل كانو,negative,kaggle_moroccan_sentiment,mixed
ماشاءالله  عليك  كلشي  طوب❤,positive,huggingface_darija_reviews,Arabic
5eh mamsto,negative,kaggle_moroccan_sentiment,mixed
Hhhh toktil bravooo hanen,positive,kaggle_moroccan_sentiment,mixed
حنان شقراوي. وجها  من تالي لا تحشم لا والو ههههههههههههههه,negative,kaggle_moroccan_sentiment,mixed
مسلسل قحاب وموبنة😮😮😮,negative,kaggle_moroccan_sentiment,mixed
تعجبني محلها,negative,kaggle_moroccan_sentiment,mixed
شبيها ولات هكا ماشيا وتمصاط,negative,kaggle_moroccan_sentiment,mixed
Mawatehech dawer leila ben khelifa khir,negative,kaggle_moroccan_sentiment,mixed
bravo walid tounsi,positive,kaggle_moroccan_sentiment,mixed
Ahsen ahsen ahsen ahsen baume a lèvres hua rogé cavaillès,positive,huggingface_darija_reviews,Arabizi
متخلف,negative,kaggle_moroccan_sentiment,mixed
Ahla ya maset ya laset ya amin,negative,kaggle_moroccan_sentiment,mixed
جلابيات كيحمقو ماشاء الله,positive,huggingface_darija_reviews,Arabic
8nek lkol klem tefeh ya tefeh mamstek w mabldek t,negative,kaggle_moroccan_sentiment,mixed
و الله لا تحشموا لا أنتم ولا الي جايبينهم ان شاء الله ربي يتولاكم,negative,kaggle_moroccan_sentiment,mixed
Slm akhti wach 3nda lksawi dyl lkhimar,neutral,huggingface_darija_reviews,Arabizi
Mariouma sotek tayara,positive,kaggle_moroccan_sentiment,mixed
bliiiiid,negative,kaggle_moroccan_sentiment,mixed
"Ma fhemtich 3lech yjibo fih hedha , mouch metrobi w monefi9 w masset lasset",negative,kaggle_moroccan_sentiment,mixed
walid rajel ;) ..,positive,kaggle_moroccan_sentiment,mixed
M3alem ki yetkalem👍🏿,positive,kaggle_moroccan_sentiment,mixed
كافون كي عصام جمعة بهيم و ماشية معاه,negative,kaggle_moroccan_sentiment,mixed
Cha3b tafeh,negative,kaggle_moroccan_sentiment,mixed
بو زينها محلاها,positive,kaggle_moroccan_sentiment,mixed
ماسط لاسط بصدق مهزلة  هادي التصرفات متاع واحد جاهل والجهل مصيبة,negative,kaggle_moroccan_sentiment,mixed
hahouma il fananin wala lawa7,positive,kaggle_moroccan_sentiment,mixed
Mamstek w ta7en yeser la chleka esouri e5555it alik,negative,kaggle_moroccan_sentiment,mixed
برشا خفة رووح 😃,positive,kaggle_moroccan_sentiment,mixed
انت معلم 👌,positive,kaggle_moroccan_sentiment,mixed
صنيدلات زوينين ولكن فين غالقاو هاذ لفلوس باش نجريوهم يلا كنقدرو نجيبو شوية دالكل باش نعمرو الكرش كلشي غالي,negative,huggingface_darija_reviews,Arabic
مقل تربيتك,negative,kaggle_moroccan_sentiment,mixed
"Ya Sii  Mo9Dad  SayeeB  Erajeel  Ye5dm  3ala  Ro7ou  <3  Walla Ala yenj7 yelzmk  Twa9Fou  W  Mat5aliichi     Dallagi  Men a7sen El  Faniine  <3",positive,kaggle_moroccan_sentiment,mixed
Nn hada dyal lbaxra ljafa kayn dyal dohniy bohdo,neutral,huggingface_darija_reviews,Arabizi
معجبنيش حتى طرف، كان جيت في بلاصتو نلم لفلوس و نسافر,negative,kaggle_moroccan_sentiment,mixed
"illi 9al msa5a,,,,,,,,,,,,,,,,,,,,,,,,,,,,,,,,,,,,,,,,,,,,,,3ib a3lik",negative,kaggle_moroccan_sentiment,mixed
Ma7leeekom na9setha dali w rabbi ifadhlellek elwalda rahi hadhika ras elmal,positive,kaggle_moroccan_sentiment,mixed
M3allem,positive,kaggle_moroccan_sentiment,mixed
Mezyna tbarkala aliha,positive,kaggle_moroccan_sentiment,mixed
mastaaaaaaaaaaa kifkkk,negative,kaggle_moroccan_sentiment,mixed
تهبل سمير نحببببك,positive,kaggle_moroccan_sentiment,mixed
toop 3ajbatni bazeffffff,positive,kaggle_moroccan_sentiment,mixed
إنسان حقود مسخ منحط سافل ساقط ماسط تافه نعن زك أمو القحبة,negative,kaggle_moroccan_sentiment,mixed
"برافو جعفور""",positive,kaggle_moroccan_sentiment,mixed
bhal Ariel wla omo homa li top,positive,huggingface_darija_reviews,Arabizi
Yejib mi jebya w ye7ot fil 5abya,negative,kaggle_moroccan_sentiment,mixed
الصراحة فيلم زوين ..فكاهى بالدرجة الاولى وكاملين كانو روعة..ناقص شوية التقنيات وربط الاحداث بشكل احسن ولكن جيد جدا انا والله ضحكت من قلبى ..شكرا ليكم بزاف مسيرة موفقة,positive,huggingface_darija_reviews,Arabic
لا علاقة s22 ultra حسن منو و بزاف,negative,huggingface_darija_reviews,Arabic
لاوياك غادة تخرج علك هذا مرمم الجروح والبشرة الدهنية غادي يخنقها حيت ثقيل و غادي يخرج لك الحبوب,negative,huggingface_darija_reviews,Arabic
واحد متثقف و ميخاف من حدّ مش كيف برشا عباد منافقين يهيزوا في القفة -_-,positive,kaggle_moroccan_sentiment,mixed
M3elem keep going,positive,kaggle_moroccan_sentiment,mixed
مايع ونمطي,negative,kaggle_moroccan_sentiment,mixed
ماراتش عيني امسط من قاضي البهامة والارهااااب..ممسطو..ماعاش تجيبوهولنا..كشاكشو خارجة في تبييض الارهاب..ارهابي يقتل ويفجر ويذبح..تحبهم يعملولو كاغاس..تفو عليك  يا مجرم,negative,kaggle_moroccan_sentiment,mixed
Ma7lakom,positive,kaggle_moroccan_sentiment,mixed
دوب ما ريت وجهو بدلت القناة ..... امسط منو ما فماش,negative,kaggle_moroccan_sentiment,mixed
ma yakraha had w sgar w kbar nhebouha wella ala kater mohtarma w mouch za3bena,positive,kaggle_moroccan_sentiment,mixed
ouuuuufffff iji kol chay ken fannene,negative,kaggle_moroccan_sentiment,mixed
3alemiya,positive,kaggle_moroccan_sentiment,mixed
مرحبا نورتونا في تونس,positive,kaggle_moroccan_sentiment,mixed
Mamistou ikheyah,negative,kaggle_moroccan_sentiment,mixed
تلافز شادينها الرهوط تفوه,negative,kaggle_moroccan_sentiment,mixed
Mala 5lay9 hcha 5li9t rabi ya fachlin fosad,negative,kaggle_moroccan_sentiment,mixed
Ma5yebo,negative,kaggle_moroccan_sentiment,mixed
ساقط وما يحشمش الله يهلكو هو واللي جابو,negative,kaggle_moroccan_sentiment,mixed
امين ربي معاك و انا ياسر تعجبني bravo,positive,kaggle_moroccan_sentiment,mixed
امسط ممثل عرفه التاريخ,negative,kaggle_moroccan_sentiment,mixed
طحين تلحيس موش راجل,negative,kaggle_moroccan_sentiment,mixed
malla mahzla !!,negative,kaggle_moroccan_sentiment,mixed
توا هده مسلسل في شهر رمضان شهر كريم,negative,kaggle_moroccan_sentiment,mixed
Pfffffff mamstek ou mamstek ou mamstek ou markek,negative,kaggle_moroccan_sentiment,mixed
ساقطة وموش عبده توه ليليا غلطت ونادمة هي وفايقه بروحها اش عملت وتحب تبعد عليه وتنحيه من مخهها وشوف هالكلبه اش عملت لتخمم كان في روحها ،ساقطة 😈😈😈😈😈😈😡😡😡😡😡👊👊👊👊👊👊👊,negative,kaggle_moroccan_sentiment,mixed
Tmarith,negative,kaggle_moroccan_sentiment,mixed
Hada mashi morateb 3awdi moraia hada mashi morateb,neutral,huggingface_darija_reviews,Arabizi
Mas9atha,negative,kaggle_moroccan_sentiment,mixed
Hhhhhh chab3a dho7k bsara7a bravo,positive,kaggle_moroccan_sentiment,mixed
خرجوه  لا ...............وه  طحان,negative,kaggle_moroccan_sentiment,mixed
أي واحد بش تجيبوه في برامجكم رو سارح و هامل,negative,kaggle_moroccan_sentiment,mixed
"انا من عشاق سامسونج .حاليا عندي s22 ultra 
شي حاجة هاربة بزااف غا المشكل غالي شويا",positive,huggingface_darija_reviews,Arabic
أمسط منه في تونس ما شفتش وهو ماشي في بالو يضحك,negative,kaggle_moroccan_sentiment,mixed
Maaaaaaaseeeeeeet,negative,kaggle_moroccan_sentiment,mixed
Awlad el kalba,negative,kaggle_moroccan_sentiment,mixed
"Ana khdit un gel nettoyant dyal l'oréal saraha ghir 3la llah w sdaq zwin b 53dh ymkn mn jumia, atbqalk 150dh chri biha chi crème mzyana li tji m3a la peau dyalk",positive,huggingface_darija_reviews,Arabizi
هاتف رهيب ومهيب,positive,huggingface_darija_reviews,Arabic
maset -_-,negative,kaggle_moroccan_sentiment,mixed
Bravooooo haja o5ra bsara7a,positive,kaggle_moroccan_sentiment,mixed
واللاهي جبري ملا مقدمة عندوا ديما أنا في سنين قعدت بطال ملا جبري Hhhh,negative,kaggle_moroccan_sentiment,mixed
Hala hlila,negative,kaggle_moroccan_sentiment,mixed
محلاك عسل,positive,kaggle_moroccan_sentiment,mixed
هاو الكلب لكبير ملقا ميعمل ولا ماد وجهو فالتلافز والله لعضيم. ....بناتو و مرتو راهم قحاب مل بريمة لعنك الله يا كلب يا مسخ تفوه عليك وعلا والديك,negative,kaggle_moroccan_sentiment,mixed
Bravo walid :D,positive,kaggle_moroccan_sentiment,mixed
ما شاء الله عليها ممثلة و عليها لكلام,positive,kaggle_moroccan_sentiment,mixed
لطفي أحسن حاجة مش نرمال,positive,kaggle_moroccan_sentiment,mixed
houwa soutou 7lou,positive,kaggle_moroccan_sentiment,mixed
ماسط لاسط و قليل تربية,negative,kaggle_moroccan_sentiment,mixed
انا نكرها ملي كانت مشيحة ريق السبوعي,negative,kaggle_moroccan_sentiment,mixed
MA7LEH! TOUNSI ASSIL... TRÈS SPONTANÉ...,positive,kaggle_moroccan_sentiment,mixed
اني نحبها,positive,kaggle_moroccan_sentiment,mixed
تافه منتفرجش,negative,kaggle_moroccan_sentiment,mixed
tfouuuuh 3likom metfehkom,negative,kaggle_moroccan_sentiment,mixed
Bssara7a chakib masetou barnemj klem eness,negative,kaggle_moroccan_sentiment,mixed
حلقة اليوم معجبتنيش برشة مافيهاش اضافات كبيرة بصراحة,negative,kaggle_moroccan_sentiment,mixed
Mamsthaaaa,negative,kaggle_moroccan_sentiment,mixed
تفوووووه على هالخليقة راجل كبير وميبون نعلة الله عليك وعلى امثالك يا امسخ وديوث تونس لا تتشرف لا بيك ولا بالميبون الي ادافع عليه  ارجع وين كنت يا بهيم يا كافر  تونس ما تتشرفش بيك  يفرحنا بخبر موتك اشنع موتة لعلك تكون عبرة لامثالك,negative,kaggle_moroccan_sentiment,mixed
Wajiha ma7lek khassaten fi rrouj,positive,kaggle_moroccan_sentiment,mixed
N7ebkoum barchaaaaa 😍😍😍😍😍,positive,kaggle_moroccan_sentiment,mixed
ههههه الشيب و العيب المعنى الحقيقي لفيلسوف ههه يتفلسف ياسر,negative,kaggle_moroccan_sentiment,mixed
Ma7léeeh howa a7sen wa7ed ye3jebni,positive,kaggle_moroccan_sentiment,mixed
كركوز,negative,kaggle_moroccan_sentiment,mixed
ساعات فالمستوى,positive,huggingface_darija_reviews,Arabic
لا ما كيسخنش ودغيا كيخسر,negative,huggingface_darija_reviews,Arabic
tfouh alikom hhhhhhhhhhhhh,negative,kaggle_moroccan_sentiment,mixed
واعر مكيخليش الطبايع,positive,huggingface_darija_reviews,Arabic
kanst3mlo savon pour les mains jani zwin kayrghwi o kay5li ri7a zwina,positive,huggingface_darija_reviews,Arabizi
Raw3a machalah asooooooola Toktil😘😘😘😘😘😘😘😘,positive,kaggle_moroccan_sentiment,mixed
Bravooooo #walid 3titoutou masroufou,positive,kaggle_moroccan_sentiment,mixed
Tfiiiiih,negative,kaggle_moroccan_sentiment,mixed
و لكن علاش كايتسمع المسنجر ماكاين غير كتب كتب، فيلم زوين و لكن لي سجلو قمّة في الرداءة,neutral,huggingface_darija_reviews,Arabic
نجلاء تعجبني برشة كشخصية,positive,kaggle_moroccan_sentiment,mixed
اكبر مسرحية سخيفة,negative,kaggle_moroccan_sentiment,mixed
.معلم,positive,kaggle_moroccan_sentiment,mixed
tbarkalah aalih dima pro,positive,kaggle_moroccan_sentiment,mixed
Waaahddek yaa m3alem <3,positive,kaggle_moroccan_sentiment,mixed
manawwar essahriya ya amir,positive,kaggle_moroccan_sentiment,mixed
محلاك يا ريم قداش عندك شخصية ووهرة وكار هههههه,positive,kaggle_moroccan_sentiment,mixed
Nakrheeeek borhen,negative,kaggle_moroccan_sentiment,mixed
المسلسل لي تحكو عليه والله سمعت بيه كان من تعليقاتكم ههههه كفاش تتفرجو عليه و كفاش يطاوعكم قلبكم تشوفو هاذي التفهات.......  الله يهدي....,negative,kaggle_moroccan_sentiment,mixed
اثمنة مبالغ فيها دخلت فنادق اكتر روعة وفخامة بأقل سعر,negative,huggingface_darija_reviews,Arabic
من وين جيتي انتي لا تمثيل المرأة التونسية,negative,kaggle_moroccan_sentiment,mixed
Mazwinch,negative,huggingface_darija_reviews,Arabizi
Maya w naoufel amset 3béd ffffffff>_<,negative,kaggle_moroccan_sentiment,mixed
Metrobi w 5iir min naoufel....,positive,kaggle_moroccan_sentiment,mixed
ياريت اتربطينا امع وكالات الاسفار  اللي عندها علاقة امع هاذ الفندق الجميل نمشيو ليه انشوفوه باقل تكلفة عبر أسفار جماعية 🖐🖐🖐🖐🖐🖐🖐و شكرا,positive,huggingface_darija_reviews,Arabic
حلووه ....:-D,positive,kaggle_moroccan_sentiment,mixed
سلام أخي الكريم معك اخوك من مكناس انا عندي s21 ultra  انا بالنسبه لي الفرق بسيط منقدرش نبدل الهاتف الفرق في سبين القلم و المعالج سنابدرجون و 1750 نيتس و شحن 45 w عوض 1500 نيتس و شحن 25 واط انا من محبي سامسونج فعلا هاتف s22 ultra هاتف قوي و جميل و لكن ان شاءالله العام القادم ممكن اغير هاتفي  s23 شكرا أخي العزيز على تحليلك القيم,neutral,huggingface_darija_reviews,Arabic
Dima dhamar lotfi,positive,kaggle_moroccan_sentiment,mixed
3asla w ma5af mléykitha,positive,kaggle_moroccan_sentiment,mixed
ebsaraha yaser masatouha ya amine rak chaleket el barnemej,negative,kaggle_moroccan_sentiment,mixed
Makyabb southhha,negative,kaggle_moroccan_sentiment,mixed
ساعة رائعه,positive,huggingface_darija_reviews,Arabic
Tahfoun wmetrobi barcha mahlek ya ja3four chaya5tna dhohek..a3az boit fi tounes,positive,kaggle_moroccan_sentiment,mixed
مثقل عصو,negative,kaggle_moroccan_sentiment,mixed
Barnamejj walla masset sans maya et naoufel.,negative,kaggle_moroccan_sentiment,mixed
قحبة و بالقوي,negative,kaggle_moroccan_sentiment,mixed
Pfffffffffff yessir maaaaaaaaaaaaaaastaaaaaaa,negative,kaggle_moroccan_sentiment,mixed
Nejo jalloul bravooo :) mech jdid alik déja wzir walik leklem :) bon couraaaaage!,positive,kaggle_moroccan_sentiment,mixed
waw ma7la sotha,positive,kaggle_moroccan_sentiment,mixed
Matahla esahriya ila bik,positive,kaggle_moroccan_sentiment,mixed
Zebla,negative,kaggle_moroccan_sentiment,mixed
WA7DEK SAMI,positive,kaggle_moroccan_sentiment,mixed
شهادة حق..... واعرين والله,positive,huggingface_darija_reviews,Arabic
Te3jebni w ye3jebni tamthilha,positive,kaggle_moroccan_sentiment,mixed
احترمها .,positive,kaggle_moroccan_sentiment,mixed
i3adi rou7ou,positive,kaggle_moroccan_sentiment,mixed
جعفر بكل بساطة انسان في زمان فقدت فيه هذهالكلمة قيمتها وجوهرها  فالى الامام ووفق الله.,positive,kaggle_moroccan_sentiment,mixed
Ja3fou  m3alem,positive,kaggle_moroccan_sentiment,mixed
جعفور قداكش مهضوم و خفيف دم  إنشالله  ديما من حسن إلي أحسن,positive,kaggle_moroccan_sentiment,mixed
Moumtezzz,positive,kaggle_moroccan_sentiment,mixed
احلى #سيتكوم دنيا اخرى الي تفرج وشاخ ضحك يدز جام والله bravooooo .#ههههههه,positive,kaggle_moroccan_sentiment,mixed
Bravoooooooooo,positive,kaggle_moroccan_sentiment,mixed
Braaaavooo semi,positive,kaggle_moroccan_sentiment,mixed
حلقة روعة الجزائريين كامل يسناو فيه,positive,kaggle_moroccan_sentiment,mixed
Momathla behiya ch5aleha 9a3da tmethl 3lina kol,positive,kaggle_moroccan_sentiment,mixed
BRAVO MR JALOUL,positive,kaggle_moroccan_sentiment,mixed
Tohfa w m3alia blasitha,positive,kaggle_moroccan_sentiment,mixed
Pfffff walahi amset wahda fi awled moufida deja nchoufou fiha azza masta barcha 👎,negative,kaggle_moroccan_sentiment,mixed
روعة 🔥❤,positive,huggingface_darija_reviews,Arabic
كمشه موبن واقحاب يعطونيش مال الدنيا ما نتفرج فيهم هوما و اي قناة تونسية,negative,kaggle_moroccan_sentiment,mixed
أنا نكره الكذب حتى في المسلسلات,negative,kaggle_moroccan_sentiment,mixed
A7la ja3fouuur barvo ja3fouuur ya m3alam j'aime ja3four,positive,kaggle_moroccan_sentiment,mixed
Pffffffffff enifa9 3eni 3enek hatha el koula 3al korsi,negative,kaggle_moroccan_sentiment,mixed
Nekeraha fi ill mosalesal awlede moufida akahaw,negative,kaggle_moroccan_sentiment,mixed
Nhbhaa,positive,kaggle_moroccan_sentiment,mixed
ما نعرفش علاه نحسها متخلفة عقليا,negative,kaggle_moroccan_sentiment,mixed
والله ما امسط من نجلاء كان انت والفن تكب سعدا من نهار لشدية انت نقيب الفنانين برا شوف خدمة اخرى خيرلك انت عملت عار وريحة اكثر من نجلاء ....ياسيدي شيخ .....تحكي على الفن شنوا مستواك انت تي انت ونجلاء كيف كيف انت م .. وهيا ق... ورجال ميتحقرش يابهيم موش ندافع على الدالاجي اما حسب من شوف خير منك وعطى في ميدان متعوا خير منك .....مرخصك حاصيلوا .........يا مسخ تفوه عليك وعلى قدرك كان عندك فدر ............,negative,kaggle_moroccan_sentiment,mixed
3asouuuuuuuula,positive,kaggle_moroccan_sentiment,mixed
والله تا احسن هاتف خديتوا والله ماندمت شارج يومين شاشه الهربه خفيف ديزاين بزاف الثمن اللي قال مكينش,positive,huggingface_darija_reviews,Arabic
ممثلة ناجحة و محترمة و مهضومة. برافو وجيهة و ربي يوفقك .,positive,kaggle_moroccan_sentiment,mixed
mààlém wlha yààjbni ànà,positive,kaggle_moroccan_sentiment,mixed
Rajil,positive,kaggle_moroccan_sentiment,mixed
Hhh bou zinou ma7leh,positive,kaggle_moroccan_sentiment,mixed
Flop 3ale5rr !!,negative,kaggle_moroccan_sentiment,mixed
Tfooooo3almark,negative,kaggle_moroccan_sentiment,mixed
تحمي في جهلك ب قوانين و فصول يا جاهل تحلل و تحرم وحدك و تحكي على الدستور و القانون تي ربك و ربي و رب لعباد الكل قال راكم قوم لوط ملعونين و م دنيا لجهنم تي فاش تحكيو و فاش تناقشو,negative,kaggle_moroccan_sentiment,mixed
Hak chakib dima mhantelllll,negative,kaggle_moroccan_sentiment,mixed
بالعكس برنامج زوين كتشوفو كاميرا خفية ديال بصح انا من الناس لي عجبني البرنامج,positive,huggingface_darija_reviews,Arabic
ما شاء الله عليها مؤثرة,positive,kaggle_moroccan_sentiment,mixed
bravou wajiha,positive,kaggle_moroccan_sentiment,mixed
ألو الكري هو اللي زوين ماشي اللي لونو ابيض كترشيه وتخليه دقايق يفي بالغرض,positive,huggingface_darija_reviews,Arabic
Hlouwa barcha bravo Sami,positive,kaggle_moroccan_sentiment,mixed
Positive000%rajel,positive,kaggle_moroccan_sentiment,mixed
هادي راه كاين بحالها فسفتوير ديال سامسونج 4.1onui,neutral,huggingface_darija_reviews,Arabic
Ya mama mali masta lasta :p :p,negative,kaggle_moroccan_sentiment,mixed
yaaaaaaa jaw mela manouu <3 <3,positive,kaggle_moroccan_sentiment,mixed
راك معلم يا دلاجي,positive,kaggle_moroccan_sentiment,mixed
TAYARA,positive,kaggle_moroccan_sentiment,mixed
9adech ta7 9adrou elfan,negative,kaggle_moroccan_sentiment,mixed
Ja3fourr wahdek fel wahra ya ka3bourr,positive,kaggle_moroccan_sentiment,mixed
mawatehech el dawr hata tarf,negative,kaggle_moroccan_sentiment,mixed
Birjoulia m3allim w 9oul fil 7a9 ana inhibbou,positive,kaggle_moroccan_sentiment,mixed
مقحف ماجاش حتي شي قدام نوفل رجعولنا نوفل ياولادي,negative,kaggle_moroccan_sentiment,mixed
mamsatha,negative,kaggle_moroccan_sentiment,mixed
Madame dorra walli bravoooo,positive,kaggle_moroccan_sentiment,mixed
Moch metrobi,negative,kaggle_moroccan_sentiment,mixed
جعفر القاسمي احسن واحد بالرغم من الضحك واللعب والتنكيت اما تعرف تقول كلمتك برا ربي معاك والله يسترك كيما سترت برشة ناس,positive,kaggle_moroccan_sentiment,mixed
Rabi ychfilou bouh ama rahoo maset lasetttt :þ,negative,kaggle_moroccan_sentiment,mixed
Kayna akhoya amin 💚💚💚🔥,positive,huggingface_darija_reviews,Arabizi
"#مانيش_نهضاوي""",negative,kaggle_moroccan_sentiment,mixed
Ja3fouur bou zinek.   :*,positive,kaggle_moroccan_sentiment,mixed
بعد لمين النهدي توفا الكوميديا النضيفة فى تونس.كوميديا الأن أغلبها إيحاءات,positive,kaggle_moroccan_sentiment,mixed
راااك ماااسط والله لبلاد مدخلت في حيط كان بامثالك,negative,kaggle_moroccan_sentiment,mixed
آش خاصك العريان.. ايفون 14 برو ماكس امولاي,negative,huggingface_darija_reviews,Arabic
mriiiiiiiiiiiiiiiiiiiiiiiiidh mana 9olnalkom ma3adech tjibouh offfffffff,negative,kaggle_moroccan_sentiment,mixed
نستغرب بما أننا واثقون من فوزنا بكأس إفريقيا قانونيا واخلاقيا ومهنيا وانضباطيا فلماذا الانتظار لوضع دفوعات الملف المغربي إلى آخر يوم من الاجال المحدد من طرف الطاس ولماذا هذا التهور والاستهتار بهذا الملف يجب محاسبة ومعاقبة المسؤول على هذه الاختلالات ويجب على لقجع ان يكون حازما مع هذا المسؤول أو المسؤولين عن هذا الملف الشاءك والذي ينتظرونه المغاربة باشق الانفس وكفانا استهتارا وتهورا من اي ملف كيفما كان رياضيا او سياسيا أو اجتماعيا أو أو او.,negative,hespress_manual_khalid,Arabic
جعفور عز الناس,positive,kaggle_moroccan_sentiment,mixed
"Kan.3malte.skatich, lisalih.liblad
mahlek hanoun
3alaMeya Mariem (y)
ها وخيتي راك عسلا
3jebni bader
Bravo bravo
tou9tel bzein ya3tik douda
madame wajiha lina barcha ma nechoufoukech f talefeza pk tewahecnek barchaaaaaaaaaaaaaaaaaaaaaaaaaaaaaaaaaaaaaaa
Hhhh mala  jaw 😆😄😃😹😸
7al9a. CV  t3adete. bravo
ماشاءالله  وتبارك اللّٰه  علي  جمالها
Raw3a
Balti ? Te3jebni Sa7bi
عسله
3assoula
M3alem ya walid
Tcharref elmra tounsiya
وليد انت الراجل التونسي الاصيل والله بكيت لموقفك لما خرجت من البرنامج وتمنيت كل الموجودين ياخذو نفس الموقف برافو وانحني لك تقديرا
Bou zinek mahlek ena n7ebek barcha barcha <3
tahfouna
rim n7ebek barcha
بعد سفيان الشعري الله يرحمو ما ضحكني كان جعفور بصراحة محلاه و السروال اﻷحمر زاد فيه الشطر 😃 إنشاءالله ديما متألق
Hhhh raw3a bravo
Ma3iya ken n9olek rabi ywaf9ek",positive,kaggle_moroccan_sentiment,mixed
هاهم طلعوا يهود اكثر من روني ملا مهازل في ها العباد قداشهم انبطاحيين ......,negative,kaggle_moroccan_sentiment,mixed
يقول المتل المغربي:ما ماتش غير خرجو مصارنو. المهم هناك  عمل اجرامي هناك احراق. سواء شاحنة او اكتر. يجب فتح تحقيق وتنوير الرأي العام المغربى. اكيد ان المغربى مدرك جيدا صاحب الفعلة الاجرامية,negative,hespress_manual_khalid,Arabic
mssataaaaa,negative,kaggle_moroccan_sentiment,mixed
mwahar sami,positive,kaggle_moroccan_sentiment,mixed
bravo e5dem 3la ro7k men el7asen ila ela7sen,positive,kaggle_moroccan_sentiment,mixed
شحال دار واش إصلاح ل البشرة الجافة,neutral,huggingface_darija_reviews,Arabic
masett :poop:,negative,kaggle_moroccan_sentiment,mixed
Rajell w m3alem tounsi wakahou,positive,kaggle_moroccan_sentiment,mixed
محلاها ومحلاا كلامها ملخر تعجبني,positive,kaggle_moroccan_sentiment,mixed
hhhhhh bravo,positive,kaggle_moroccan_sentiment,mixed
هاداك جونسون انا تكلخت كنت خديتو او ماكنتش كانعرف ل طريقتو تا تسالا عاد عرفت كيفاش او بلي راه زوين 🙂💔,positive,huggingface_darija_reviews,Arabic
Mala sel3a :-P,negative,kaggle_moroccan_sentiment,mixed
شيخ و رجل ديني كبييييييير موروووووووو,positive,kaggle_moroccan_sentiment,mixed
bravo  wallah <3 <3,positive,kaggle_moroccan_sentiment,mixed
انا احبها,positive,kaggle_moroccan_sentiment,mixed
سي جلول راجل و يعطيك الف صحة ..,positive,kaggle_moroccan_sentiment,mixed
5ayba....  Tayya7t kadrek w kimtek la7kika,negative,kaggle_moroccan_sentiment,mixed
Classe barcha wajiha 💚,positive,kaggle_moroccan_sentiment,mixed
ما أتفهكم  .,negative,kaggle_moroccan_sentiment,mixed
sahriya hlowa ama manel aman a3lh jay just 3askir kardona hh,positive,kaggle_moroccan_sentiment,mixed
a33333 ch3arhaa 5it,negative,kaggle_moroccan_sentiment,mixed
bravo lel wzir 3la 5ater klamou s7i7,positive,kaggle_moroccan_sentiment,mixed
أمان ما فماش هيئة ضد المساطة في تونس!,negative,kaggle_moroccan_sentiment,mixed
رائعة و منتوج فالمستوى,positive,huggingface_darija_reviews,Arabic
ملا شخصية صبري تحفون برشا,positive,kaggle_moroccan_sentiment,mixed
Rabi m3ak nour,positive,kaggle_moroccan_sentiment,mixed
نفولك راك تافهة ومنعرفوكش واحمد الا ندلسي شكونك انت باش تعطي رايك فيه كانك على حكايات تونسبة نفخ وشرب ماه هو هكا مسلسل تحكي عليه,negative,kaggle_moroccan_sentiment,mixed
Wallahi jayana fel plateau zayed,negative,kaggle_moroccan_sentiment,mixed
تعجبني يا تحيفة,negative,kaggle_moroccan_sentiment,mixed
Lbled de5la fi 7iiit wntouma tab3ou ettafahett .. tfooooh,negative,kaggle_moroccan_sentiment,mixed
العيب مش فيه العيب في إلي جابو للبرنامج !!!!! تو الحرام رديتوه حرية شخصية !!!! و النقاب رديتوه تخلف و مش متاعنا !!! ربي يهديكم وكاهو !!!!!,negative,kaggle_moroccan_sentiment,mixed
"تفوووووه عليك لعنة الله عليك ...حسبنا الله ونعم الوكيل ...
5it 3ala hal manthar
malla 9athi bhim w msattek
و من داخل قفاف 
7ram wlh jaybin 7ayawen kima hedha ya7kiiii 3al fa7che2 w y9olek 7oriya cha5siya bara ya chismikb yirak kil bisclette la 3ajla ta5let 3ala o5tha
Mas9etou
برنامج في قمة السفاهة
حثالة ملخر
Ya latiif ya rabii :o
صوتو ميعجنيش و مضروب ياسر في روحووو سيب عليك بلاصتك في سوق
ya awled 7med ya mte3 nhar la7ad ya maset ya laset tfooooooooooooo
mamstek ya loutfi el3ebdeli walah testehel akther men haka !!
بجاه ربي يا إدارة قناة الحوار التونسي ، توا هذا شلاكة تخدموا فيه معاكم   يا شلاكة يا شكيب
بصراح ستكوم دنياأخرى ماصت لصط,Negative.0.0
ماسط لاسط مقعار
ملعون
Mala manta9
كثرلها بالمساطة -_-
تفووو عليكم كان تجو عباد كان الوبنة و الطحين
كلها بوتكس أنا متعجبنيش
Mamsetkom
بربي شباها اسئلتك هكا الحق طحت من عيني اليوم ذكرتني بعهد بن علي تجيبو رجل دين و تعفسو فيه باش تطيحو قيمتو
قل للمفكر متاعكم انو سيدنا عيسى عليه السلام رفع عند الله يا جاهل و زيدك زيادة ياخي هوما شافوهم الأنبياء و الرسل في القبورة متاعهم حاسيلو جايب كمشة بهايم
هههههههه عشنا و شفنا مقداد السهيلي يحكي عالأخلاق و هو في الدنيا بين الكلمة الزايدة و الكلمة الزايدة يقول كلمة زايدة .. إنسان منافق كان بدا بأخلاقو خيرلو .. نقابة ماذا أيها ال....
ماااسط بففف مثقل ملايكته بفففففف
TFIH 3LIK W3ALI JEBIK
مااااااسط...",negative,kaggle_moroccan_sentiment,mixed
صراحة مريم الدوق رفيع❤,positive,huggingface_darija_reviews,Arabic
تبركله عليكم كاملين فلم واعر ونيهاية اكتر بون كوراج,positive,huggingface_darija_reviews,Arabic
ماسط عتيتوه اكثر من قيمتو ضيع الوقت ماااااااسط,negative,kaggle_moroccan_sentiment,mixed
موسيقى جميلة,positive,huggingface_darija_reviews,Arabic
فندق جميل جدا رائع شكرا لكي,positive,huggingface_darija_reviews,Arabic
Ma3lem ye sami,positive,kaggle_moroccan_sentiment,mixed
Akber irhabi,negative,kaggle_moroccan_sentiment,mixed
ماخمجكم.و.الله.اتفوه.اعليكم,negative,kaggle_moroccan_sentiment,mixed
كرمك الله ربي طول في عمرك و طلتك عملتلنا سهرية سمحة,positive,kaggle_moroccan_sentiment,mixed
جعفرر يا معلم,positive,kaggle_moroccan_sentiment,mixed
Barvo maryouma,positive,kaggle_moroccan_sentiment,mixed
يا جعفر انشاءالله ربي معاك ويسترك من العين,positive,kaggle_moroccan_sentiment,mixed
Rajell ja3four bravoo 💕❤️😘💐,positive,kaggle_moroccan_sentiment,mixed
يوم الأحد ليس يوم راحة في الجزائر ،ولذلك لاتستغربوا إن ظهرت مرافعة من هذا النوع ،الكراغلة يعلقون شماعتهم على ابسط الاشياء ،( بحال الدراري الصغار).بحال مللي قالوا بأن تبون طلب من إيڤانتينو إرجع الكأس للسنيغال .(البضاعة موجهة الاستهلاك المحلي),negative,hespress_manual_khalid,Arabic
Tfata9 ma7leha class et charmante,positive,kaggle_moroccan_sentiment,mixed
ديما الجديد برافو برافو ❤❤,positive,huggingface_darija_reviews,Arabic
m3alem waliiddd :) ;D,positive,kaggle_moroccan_sentiment,mixed
زينة في كل بلاتو محفلتها وين تمشي معاها جوها ربي يزهينة ...,positive,kaggle_moroccan_sentiment,mixed
لعن الله على لي ما يستحي ،,negative,kaggle_moroccan_sentiment,mixed
5 w 5mis 3lik stoufa,positive,kaggle_moroccan_sentiment,mixed
bourjouliya fadlek we 4amer,positive,kaggle_moroccan_sentiment,mixed
Bravo rahmoni,positive,kaggle_moroccan_sentiment,mixed
ملي مساطه وبلاده وركاكه اخيت اخيت,negative,kaggle_moroccan_sentiment,mixed
bravoooooooo olfa,positive,kaggle_moroccan_sentiment,mixed
من أحسن الحلقات اللي تفرجت عليها ...يرحم ميمتك يا علاء و يفرحك كيما فرحت قلب أم و بنيتها ...,positive,kaggle_moroccan_sentiment,mixed
3andi L'Oréal ma3jbatnich daret liya l7bob,negative,huggingface_darija_reviews,Arabizi
ههههه يعطيها الصحة عطتو كلام حلو مخلط بالعظام,positive,kaggle_moroccan_sentiment,mixed
Kadheb,negative,kaggle_moroccan_sentiment,mixed
mamstoooooo lotfi,negative,kaggle_moroccan_sentiment,mixed
Brvoooo Sami👍,positive,kaggle_moroccan_sentiment,mixed
m3lem,positive,kaggle_moroccan_sentiment,mixed
7asbi Allah wa ne3ma elwakil,negative,kaggle_moroccan_sentiment,mixed
Mahlakome wa rabi yifarahkome wa yitawal fi 3omor waldikome incha allah 3ajabtouni bazar bazar,positive,kaggle_moroccan_sentiment,mixed
ma7lek najla,positive,kaggle_moroccan_sentiment,mixed
مسلسل  تافه لا يعكس واقعنا بل يعكس واقعكم التافه والخامج,negative,kaggle_moroccan_sentiment,mixed
في كلمة : معلم و تمنيت كان كملت شديتها من شعرها راك برتلي قلبي على قاعدة,positive,kaggle_moroccan_sentiment,mixed
مستويات منحطة كي سيدي ك جوادو,negative,kaggle_moroccan_sentiment,mixed
mamestou adeya a5yeb mouwaten tounsi,negative,kaggle_moroccan_sentiment,mixed
تفوه عليك,negative,kaggle_moroccan_sentiment,mixed
اكتبي الثمن في عنوان الفيديو فعلا ماشاء الله الله يعطي للحرفيات  الصحة,positive,huggingface_darija_reviews,Arabic
انت معلم يسكتو وأنت موجود ميقدرو يتكلمو وله معلم,positive,kaggle_moroccan_sentiment,mixed
Mala mostawayet !!,negative,kaggle_moroccan_sentiment,mixed
حلقة مميّزة,positive,kaggle_moroccan_sentiment,mixed
Inhebha barcha w inheb tmthilha rabi i5alik wajiha,positive,kaggle_moroccan_sentiment,mixed
maaaaaaaaaaaasssat khamej massakh niveau bas haamel marka adwaaar t9af9if wil 9waada w hadek tab3o,negative,kaggle_moroccan_sentiment,mixed
اجدع ناس,positive,kaggle_moroccan_sentiment,mixed
الله يسامحكم في هالمنشّط ياسر دمو رزين و ماسط امين,negative,kaggle_moroccan_sentiment,mixed
faza khayba 3amletha ines beli okhetha ghadretha mais ma tjich t3awed masta,negative,kaggle_moroccan_sentiment,mixed
Chakiiiib ya m3alim,positive,kaggle_moroccan_sentiment,mixed
Tfoooooooooooooooh 3lik,negative,kaggle_moroccan_sentiment,mixed
اخلاقه عالية .ومؤدب ويحترم ضيوفه .وهذا ما يجب ان يكون .اخلاقيات المهنةواحترام الضيوف واحترام المتفرجين ...حتى نفهم محتوى البرنامج ..,positive,kaggle_moroccan_sentiment,mixed
Bravo wasil,positive,kaggle_moroccan_sentiment,mixed
جاهل و منافق,negative,kaggle_moroccan_sentiment,mixed
مكين ما احسن من lorial داكشي لاخر لاأظن,positive,huggingface_darija_reviews,Arabic
Yeser finou wta3jabni barcha,positive,kaggle_moroccan_sentiment,mixed
waalhii gadetou braavoooo :*,positive,kaggle_moroccan_sentiment,mixed
شياطين الانس أعوذ بالله من الشيطان الرجيم 😡😡,negative,kaggle_moroccan_sentiment,mixed
كيفو كيف عشيرو لعريّض ! تو هذا وقت  ؟؟! يلعن بو الوقت,negative,kaggle_moroccan_sentiment,mixed
و الله عيب عجوز كيف ليلى الشابي تحكي هكة عيب كبير تي انا مل بديت نعرف نراك في التلفزة و لتوا ما فخمت قدرك,negative,kaggle_moroccan_sentiment,mixed
صطوفة لمعلم,positive,kaggle_moroccan_sentiment,mixed
صوت غاية في الروعة,positive,kaggle_moroccan_sentiment,mixed
طيارة,positive,kaggle_moroccan_sentiment,mixed
Chab3a fsed w 5maj tfouhh,negative,kaggle_moroccan_sentiment,mixed
"Masta  baaaaaaarch  
Jaya testa3reth fi bdenha !!!!
صلاح مصباح طبيعتو ماهيش كيف العباد يتفلسف ياسر ويكبش وديما ماعاجبو حد والله سعات نشك فيه مريض ولازم يتفقد روحو عند طبيب نفساني.
ti kalb tajamou3i moch metha9ef go3r
مروي العركبي حرقتو المسلسل حكات كل شي ولالي ماسط مبلدها ومرمزها
Sa9ta
Maya 9souri y 9a7ba w Rjél rahi mazélt en tunisie tfohhh 3la zok omék
نذالة ثم جهل ثم موت
حمير تتجادل
ماسط لاسط
mousilsil fsed
mafhemtekch kifach wafakt tahder lel plateaux ma3 zina tayaht men moustawak barcha .ma3jebtnich
عمري ماريت أني..فنان و أصلع...ههههه أصل ما تركبش على بعضها...لاك إنت فنان و لا الوزغة إلي تحكي عليها...الفن متاعنا مات مع الهادي قلال و الهادي الجويني أحمد حمزة...آخر العنقود عندنا مازال فيه لطفي بوشناق..وسكروا جلغكم قلوا فن...فن إيييه أيها الابله...
الطفلة الصغيرة  طلعت ساقطة...باعت. اختها على خاطر راجل...خزوق يشدها  👎
Nee7eeebb naaa3reef chkouun leebhiima om tfool ili 3aatyaa dhneeha yaal3bouu biiha hakaa chaaayy yee39eeddd
mamstek c'est normal yakhi lta3mel fih
هو انسان معقد ما يعجبو شيء تشهر بغناية وبعد بابورو زفر وماسط لاسط
توفيق الغربي ردىء ومبتذل
نهضاوي كلب
لحاس
لا يملك أي صلة لا للثقافة و لا للفن و لا حتى للمناقشة في أي موضوع مهما كان محتواه ملخر فاااااااااااااارغ و ما ربح من التجمع كان البهامة. فنان ماذا ايه الأبله؟ ؟؟؟؟؟ كان انت بالتفاهة هذه و فنان مالا كمال التواتي شنوه أيه الأبله المعتوه المتخلف
الحصان هذا منتشرفوش بيه القوبسية لكل مسخ
بربي يزيو من النفاق امو وين الأمن يلاحق في مجرم يخي هما وحوش خليو الناس تخدم والحق في امو اللي مهيش متلاهية بصغيرها
مخيبك وليت يا فريال 😯😯 مكنتي اقعدا في تونس زي العسل مشيت المصر وليت بصل
Meskin meskin fdhah rouhou
Go3ra chway :/
تواواحدة تافهه كيف هاذى زايد لكلام معاها يكفيها الرد متاع وليد التونسى اما انا نقولها كيف يجيك ميبون  عرس بيه ورينا الى انت قدوة ومستعدة تاخذ مثلى جنسى والا زعام دزون فيهم وتنظرونا الى يلزمنا نقبلو لوابنا في مجتمعنا
Houwa ke cha5ss maset yser w kadheb ema ena m3ah 5ater tajamou3i
Meskin bader
ملخر مقداد السهيلي انسان مريض نفسانيا.. تاخذوش عليه !!!
tafeh
حيوان  المسخ تفووه على جد والديك الكلب
Lik wa7cha ya maalam
Mast lasat
وووووه ممسطها يعطيها صخطة ماشي في بالها عاملة برنامج ناجح هههه ملا جحشة
Tfouuuuuuuh 3la waldin om hathawra,,, Eli jabet ta7777777777an wekhouh, tfff tffffouh tfouh...Fdha7touna godem l3alem... Wmed wejhouho godem le3bed tfouh mella mandher...
السقوطية هاذي الكل تلقاها كان ف تونس ههههههه باعت أختها و من الحب ما قتل :o :o
شفت طحين وعمري ماشفت ارخص من هالطحان
ti ehchemo ya kelab
جعفور من اولها ماهو فاهم شى ههههههههه حقها حكاية الملك ياسر ماسطة
Masta :(
MALLA RAHA MIN BLID DEROUICHE
ya3tikom eklab
قاهر الجرذان
مستويات منحطة إيعايب في مرأة كبيرة ما يعرفش إلي هو باش إيجيه إنهار وولي راجل كبير
mala bleda
طحان يزاحم الإعلام.
raaak maset raaak laseeeet -_-
yesser tefeh w masset
Bjeh rabi le 3ad t3adiwha masta barcha
مااااااااسط برشااااا منحبووووش انا
tfouhhhhhhh 3la ha rahet natenn la7asss ta7annn mch rajell w ya 5ouya chakib enta elghalet tna9ech fi ensan lebhimm motrabii 5irr mnhom.
Rak maseta rak laseta
Ana  nekraha
وزير تربية و مش متربي
أنت واحد مسخ و فاسق و ما تشرفناش لقوبسية جيبتيلنة عار الله لا يربحاك يا كلب
Mala 9assida 3al le5ir massta
ملا فضائح
tfouuuuuuh 3lik
Hattahannnnn dima mad wejhou pfffff mabldou w marakou aabd
ما ينفع فيك كان شلاكة نيلون على اكا المنظر   توريك قدرك  يا خامج
mamsitkome
3maltoulna el3ar bhael mousalsel
ما تعجبنيش
Masatha bayrem m3a moufida
نهضاوي خوانجي مسخ
Pffffff wel ghriba famma 3bed ye3jebhom 7asilou marzen damou
ﺍﻟﻤﺨﻠﻮﻗﺔ ﻫﺬﻩ ﻣﺎ ﻧﻌﺮﻓﻬﺎﺵ ﺷﻜﻮﻥ ؟ ﺃﻣﺎ ﺗﻔﺮﺟﺖ ﺑﺎﻟﺼﺪﻓﺔ ﻋﻠﻴﻬﺎ ﻭﻭﻭﻭﻩ ﻣﺨﻴﺒﻬﺎ جاهلة و ما تعرفش تحكي وسط العباد ﻭ ﻗﺪﺍﺵ ﻣﺼﻄﻨﻌﺔ و ضعيفة شخصية ، ﻭ ﺯﻳﺪ ﻋﺰﻭﺯﺓ ﻭ ﻣﻌﻔﻄﺔ ﻭ ﺗﺤﺐ ﺗﻮﻟﻲ ﻛﻴﻤﺎ ﻣﺎﻳﺎ ﺩﻳﺎﺏ  .!!
ماسطه
جاي تسيب في عسولك و إنت أمسط منك ما فماش، و الدلاجي الي موش عاجبك شهرتو أكثر منك، و تحكي على رباعيات الخيام، إنت شنوه عامل، مكبشلنا في غروضات، و هاني عملت غناية لجورج من عام ككح... ريض لا يجيك بندير مان ولو إني نكرز منو زاده... تفووووو
ملا شلاكه ...تفوووه
زايد نهضاوي كلب
كرهتونا في البﻻد الله يقطع الزريعة متاعكم",negative,kaggle_moroccan_sentiment,mixed
"Ena rit w masada9tech nes5ayel inviter ki ja3fer gesmi 
Hlow
بكل سرحة ابداع خاصة سمير تختب نميس يا معلم تريح على قاعد ههههههههههههههه
em3alim amine wasil bravo
انت معلممممم ♡
عبد الفتاح مورو أعتزو و أتشرف به
Ja3four dima mwahre
yassir tahfouna hanene echograni
 تحفونة
كم يعجبني فنيا وثقافيا تحدث بصدق يستحق الاحترام
روووووعه
يعتي الصحة للوزير والقاضي هذه الحرية واللي بلاش في تونسنا اليوم
7low (y)
نحييك يا ولد بلادي و ربي ميخليها بحد براافوو ليك
ana hadha echakhs ya3jabni 3allakher lianno fannen w ya3ref ach ya3mal  bravo kafon wassl
Mahlaaaaaakom
M3alma
Bravo mousalsel tayara barchaaa
3amel 9adech men 7arboucha hh ya m3alem
Tayara
يواتيها دور ليلى بن علي . تنجم تمثلو مليح خاصةً الملامح قريبة برشى
Ana bkit bravo wallh
Kafon isem 3la mosama ;)
صوتها حلو
برهان بسيس من أهم و أكثر إلمنشطين إلي يعجبوني واصل ;-) و سبق الخير تلقا الخير تتلفة وراك تظيع إلي قدامﻻ  خلينا متفؤلين <3
جعفور يا معلم
Ma7lehom Rabi lemchamlhom yarab
ناجي جلول يامعلم واحنا منك نتعلم
Bravo khadija
3ejbetni Moufida , elle fait bien son rôle .
3sal el denya w win t7otou ynawer w lookou yfata9 w mwetih
عسسسسسسسسسل
ya3jibni n9olou bravou wasel
nawfel wahdou
w nahna zeda nehebouk 5atrek henine
Bravoooooooo madam
راو احمد بيدو كان يتبع في المثليين وداخل معاهم هههههههههههههه",positive,kaggle_moroccan_sentiment,mixed
mala sél3a zbéla,negative,kaggle_moroccan_sentiment,mixed
كل مرة يجبولنا جرثومة الله يهلكهم,negative,kaggle_moroccan_sentiment,mixed
والله زايد الكلب كلب,negative,kaggle_moroccan_sentiment,mixed
"يا غبي يا غبي""",negative,kaggle_moroccan_sentiment,mixed
ياسر غالطة في روحها و عقلها صغير,negative,kaggle_moroccan_sentiment,mixed
واعر NADI,positive,huggingface_darija_reviews,Arabic
mahlek ya kafon toktal bi zayn,positive,kaggle_moroccan_sentiment,mixed
Mahleha kawnit mostakbalha min sorrha,positive,kaggle_moroccan_sentiment,mixed
الشخص هدا  ميبون,negative,kaggle_moroccan_sentiment,mixed
كذاب ومنافق,negative,kaggle_moroccan_sentiment,mixed
عيب عليك الناس تتفرج في ديارهم عائلة معاهم بنات عيب عليك أنتي راجل كبير و ناس الكل كاانت تقدرك أي كانت خاطر بعد الحلقة باش توالي تفريكة 2016,negative,kaggle_moroccan_sentiment,mixed
مكثركم و مقل بركتكم  ...,negative,kaggle_moroccan_sentiment,mixed
Inta m3alem ya mouro ..... may9ed 7ad zayed,positive,kaggle_moroccan_sentiment,mixed
ماسطه.المخو ر.التونسي,negative,kaggle_moroccan_sentiment,mixed
tbarkkallah ;),positive,kaggle_moroccan_sentiment,mixed
كان جات عندو همة راهو انسحب بعد سماع الصوت الشجي لحمزة الفضلاوي،,negative,kaggle_moroccan_sentiment,mixed
مسخ و جاهل و هذا حال الثقافة التونسية للاسف,negative,kaggle_moroccan_sentiment,mixed
7louwaaaaaaaaaaaaa sout w soura,positive,kaggle_moroccan_sentiment,mixed
Mamstek karim,negative,kaggle_moroccan_sentiment,mixed
Chapeau et bravo monsieur,positive,kaggle_moroccan_sentiment,mixed
Tbarkllah fenin.ana kay3jbni loun li labsa jak kay7me9,positive,huggingface_darija_reviews,Arabizi
ساعة رائعة و أنيقة، في المستوى,positive,huggingface_darija_reviews,Arabic
لها شان في التمثيل مستقبلا  ربي معاها  وان شاء الله  من حسن الى احسن,positive,kaggle_moroccan_sentiment,mixed
Dima ljadid,positive,huggingface_darija_reviews,Arabizi
يامريض برر شوف حللل لحياتك,negative,kaggle_moroccan_sentiment,mixed
Rabi m3akom,positive,kaggle_moroccan_sentiment,mixed
أكبر غلطة عملها سامي الفهري,negative,kaggle_moroccan_sentiment,mixed
مل منظر,negative,kaggle_moroccan_sentiment,mixed
maaaaasset amine,negative,kaggle_moroccan_sentiment,mixed
ملي بدات الحصة وهو كل ما يعطيه أمين الكلمة يعمل مشكلة .حتى من راضية طلبت.ياسر رهدان,negative,kaggle_moroccan_sentiment,mixed
Salam khti ana kant9da 3and maryam dwa9a o lmo3amala man dak chi siro 3andha darori tl9aw folar li Brayto 3ziza 3liya maryama,positive,huggingface_darija_reviews,Arabizi
Ma3jbnech,negative,kaggle_moroccan_sentiment,mixed
طول اعماركم  تعيشو طحّانة,negative,kaggle_moroccan_sentiment,mixed
tabaraka. allah,positive,kaggle_moroccan_sentiment,mixed
Ya m3allem wa7dek,positive,kaggle_moroccan_sentiment,mixed
M3LEMM,positive,kaggle_moroccan_sentiment,mixed
Bravo samir,positive,kaggle_moroccan_sentiment,mixed
معلم وحدك لسانك يغزل الحرير,positive,kaggle_moroccan_sentiment,mixed
"mokrez w yesser 3al 7it , tasfi9 9wiya mzel 7abes fi ettes3inette :v",negative,kaggle_moroccan_sentiment,mixed
توفيق الغربي وسخ اعلامي و ثقافي و سياسي,negative,kaggle_moroccan_sentiment,mixed
احلا  عبد الحميد ربي معك,positive,kaggle_moroccan_sentiment,mixed
هذا الرجل يقول كلام معسول,positive,kaggle_moroccan_sentiment,mixed
Ma7soub 3malt afar kbir pfffffff lik w lak echleka,negative,kaggle_moroccan_sentiment,mixed
خونا مسجل لينا فيلم ومكونكطي ليااا فلميسنجر 😂,neutral,huggingface_darija_reviews,Arabic
نعلة الله عليها ان جزائري نحب الشعب التونسي بصح هذه نكرهها كلبة,negative,kaggle_moroccan_sentiment,mixed
لا يستحق أي تعليق. غير التحقيييير,negative,kaggle_moroccan_sentiment,mixed
جبري بلفلس,negative,kaggle_moroccan_sentiment,mixed
طيح سعدك ياسامية يابنت الفهري أنت وياه وقناة التونسية معاك مسلسل عالحيط كان الشلاكة وخوه من هاكة لموشم وصاحب لحجامة ذيل الكلب للفرخ الصغير متاع يرحم عمي حتاش لمفيدة أمهم وهيا النهار الكل وهيا تصيح وتنبح زي الكلبة العربي مسلسل كامل جايبينو على فرخ ولد حرام والشعب التونسي الأبله يستنى باش يعرف ولد شكون ماله تفاهة وماله مستوى منحط وماله ريق كل شي عندهم عادي كلام على الجنس عادي كلمة تتمنيك عادي الله لاتربحكم لا دنيا لا أخرة الله لا تفرحكم بجاه هالشهر لفضيل برا يراكم من مصيبة لمصيبة ياهمال ياجرذان برا يراكم يضربكم لمرض الخايب لكلم ممثلين ومخرجين ومصورين وجماعة المكياج والإضاءة وكل من ساهم في هالعمل الخامج ياخماج,negative,kaggle_moroccan_sentiment,mixed
Rabi waf9ik,positive,kaggle_moroccan_sentiment,mixed
ماشاء الله تبارك الله  في المستوى,positive,huggingface_darija_reviews,Arabic
قداش وليت ماسط يا كريم و سخيف أنت و العربي !!,negative,kaggle_moroccan_sentiment,mixed
غزال  أ وروععععععة,positive,huggingface_darija_reviews,Arabic
Nafs lmochkila 3ndi kadir sda3,negative,huggingface_darija_reviews,Arabizi
7al9a ta7founa w amine na3rfouh m3alem,positive,kaggle_moroccan_sentiment,mixed
Miboune w ta7ann,negative,kaggle_moroccan_sentiment,mixed
Tfate9,positive,kaggle_moroccan_sentiment,mixed
انحبها برشة,positive,kaggle_moroccan_sentiment,mixed
برافوووووو حلقة عالمية 😍😍😍😘😘😘😘😘😘😘😘😘,positive,kaggle_moroccan_sentiment,mixed
هههه كي نراك نتفكر قرودة بلفيدار و منيش نتمنيك على خليقت ربي انت رديت روحك تشبه للقرد,negative,kaggle_moroccan_sentiment,mixed
سبحان الله برافوووووووو,positive,kaggle_moroccan_sentiment,mixed
Temthilha dima masit :P :D ;),negative,kaggle_moroccan_sentiment,mixed
الحق تعجبني مدام محرزية، مثال المرأة التونسية المثقفة و اللي تعرف اش تحكي..,positive,kaggle_moroccan_sentiment,mixed
em3alem ha4a malike el coumedya houwa ou ja3foura b1 sur ou rabi iwaf9ik :* :*,positive,kaggle_moroccan_sentiment,mixed
راك ماسط و رزين و ما تجيش منشط,negative,kaggle_moroccan_sentiment,mixed
نهضاوي كلب,negative,kaggle_moroccan_sentiment,mixed
Masta w lasta ki lmarzouki,negative,kaggle_moroccan_sentiment,mixed
عيب والله عيب انتوما صايمين ؟ يا ذنوبي,negative,kaggle_moroccan_sentiment,mixed
واحد فاسد يحب يغني في الخمج,negative,kaggle_moroccan_sentiment,mixed
3alami bravo...,positive,kaggle_moroccan_sentiment,mixed
منشط مستواه صفر وتحت الصفر =  برنامج منحط ومسخرة,negative,kaggle_moroccan_sentiment,mixed
هادشي غزال موديلات رائعة ماشاء الله,positive,huggingface_darija_reviews,Arabic
damha rzin,negative,kaggle_moroccan_sentiment,mixed
Ma3alem,positive,kaggle_moroccan_sentiment,mixed
"و لسان قوله يقول : ان كيدهن لا عظيم 
9ellet torbya !!
على نفس القناة تكلم نبيل معلول وسب وتكلم كثيرون من الطحانة وسبوا.بلاد طحين......
3alll 7ittt yaser
Ti bari raw7i gotlik bari raw7i mabldik pffffffff
mo9dad eshili akbar mas5ra choftha fi 7yeti milla jabri ech ya7sab rou7ou
pfffff kol manrah nbadl l 9anet man7ch :p
مخيب منظرك
دقعد روح يعتك نخية على نصك  الحق مش  فيك في اللي جايبك في التلفزة  حجورات النساء يا تييييييييبببت ربت صدام حسين وبورقيبة وعمر المختار والدغباجي فاين انت من هؤلاء ايها الابله
Yesser tgo3ir maha9hech
fan mta bléda w 9ilat 7yé ejul mta taw
فعلا قمة الفسق
تڨول كلب ستاف !،
Birasmi 5ayba wziiid
هادى امراة مجنونه
Wah7ed miboun hadka
كلنا يعلم  أن أولاد مفيدة وحكايات تونسية  أكثر اباحية وجرأة ووقاحة من أغنية نجلا  ومناقشة هذا الموضوع في قناة سامي الفهري  يصبح شبيه بإلقاء محاضرة في الشرف في ماخور
Mamstouuu ou memergouu, ya3mél jéri !
Sa5afni bder :'(
Masta 3alle5er w madhabina m3ach nchoufouk mandherha fi TV.....
كثرت على ما وصاووك كشاكشك طالعة وانت تدافع على الترويكا وبطبيعة الحال على نهضتك اللي خربت البلاد
3mali el jayér pff mamstqom a za7y
امريظ.ربي.ايفرج.علبه
ممسطك صبر ياربى
لا كرهتها
تصويرة حلوة تجمع بين ثعلوبة تونسية ماكرة مع كلب عربي ناتن ههههههه
mamset din weldikom ya nawfel ras lebsal
راااك ماااسط والله لبلاد مدخلت في حيط كان بامثالك
#قابسيةومايمثلنيش
Nnn ma3jabnich fela9ta heki yeeser 9ilt 7ya
العيب موش فيك فلي يعيطلك سي مقداد ي واقي
Barcha ri9 w 9elet 7yé
Mskinaaa inesss 7ata fil mousalselll zharhaaa m9awedddd
mala far55555 yemchi yedfenn ro7ou bel 7yiiiiiiii mech 5errrrrrrrrrr pffffffffffffffffffffffffffffffffffffffffffffff
داعشي
Kamcha 5maj
حسبي الله ونعم الوكيل لاحول و لا قوة إلى بالله
صلاح انتهى بعد الثورة. كثرو عليه وتحسو ماعادش طبيعي والصحافين مصاصين دماء
إمرأة رهدن
Masset y'a nami :D
mamstek
Maaaasit
انسان جاهل و متخلف و من ابرز هيواياتوالتلحيس و هزان الطحين وزيد عندو الوبنى في قفلة الصباط نلوم عليكم انتم جايبين واحد رخيص و خامج كيفوا
في رواية اخرى",negative,kaggle_moroccan_sentiment,mixed
Vrémon bravoooooo,positive,kaggle_moroccan_sentiment,mixed
واحد من البندارة,negative,kaggle_moroccan_sentiment,mixed
Bravo jalloul ylzemna zouz okhrin kifik fil lahkouma,positive,kaggle_moroccan_sentiment,mixed
المرزوقي اشرف منكم,positive,kaggle_moroccan_sentiment,mixed
حاشا خليقة الرحمان ..... الله لا يورينا وجه منكر,negative,kaggle_moroccan_sentiment,mixed
قرودت بلڥيدار و الله,negative,kaggle_moroccan_sentiment,mixed
وزير الهانة و رقاد الجبانة العشي اللي ما يحبش يتسلم دار مهدي مليكة ملك الدولة هذا حاميها طلع حراميها,negative,kaggle_moroccan_sentiment,mixed
أرى ان من بيننا من يخالف مصالحنا عمدا ، يأكلون الغلة ويسبون الملة،  المغرب يبني وهم يهدمون وغرضهم ارداء من يعادي مصالح المغربولا يستبعد أن ذلك بالمقابل.  زجب فتح تحقيق لماذا تعمد المسؤولين هذا التأخير,negative,hespress_manual_khalid,Arabic
bal3ouut,negative,kaggle_moroccan_sentiment,mixed
المساطة أون بيرسون :'(,negative,kaggle_moroccan_sentiment,mixed
sob7an alh maala manather,negative,kaggle_moroccan_sentiment,mixed
سهرية حلوة برعاية جعفور,positive,kaggle_moroccan_sentiment,mixed
الله يعطيك الصحة خويا داكشي زوين كيف ديما,positive,huggingface_darija_reviews,Arabic
ملا نقييب عمل العار.....,negative,kaggle_moroccan_sentiment,mixed
وليد التونسي معلم,positive,kaggle_moroccan_sentiment,mixed
Ja3four yaser ya3jebni f klamo mchallh a3lih yefhmelha barcha w bravo vraiment ynajem dawro  rabi e3eno nchallh ♥♥♥ bonne contuniasiont,positive,kaggle_moroccan_sentiment,mixed
brjoulyia b wafretha w ta3ref cht7ki w mra mo7tarma barchaa,positive,kaggle_moroccan_sentiment,mixed
سؤال ،  أما حسن واش 13 برو ماكس و لا س22 اولترا ؟,neutral,huggingface_darija_reviews,Arabic
Ana Nhbha,positive,kaggle_moroccan_sentiment,mixed
Akber fdiha houa enta,negative,kaggle_moroccan_sentiment,mixed
برافووووو وليد طلعت سيدهم,positive,kaggle_moroccan_sentiment,mixed
صراحة هاتف زوين وباغي نشريه ولكن المغرب كيصيفطو ليها غي الشياطة مثلا بغيت ناخد  1t هنا مكانش فقط 512  وحاولت انشريه من اوربا مكرهتش نخدو من هنا,negative,huggingface_darija_reviews,Arabic
مالا لحاسة بارا اعمل حل لحياتك خير يا جرو,negative,kaggle_moroccan_sentiment,mixed
Wlh m3alme wlh,positive,kaggle_moroccan_sentiment,mixed
إعلام مرتزقة يدافع علي اللواط,negative,kaggle_moroccan_sentiment,mixed
اعوذ بالله من غضب الله مخيبهاوممصطها,negative,kaggle_moroccan_sentiment,mixed
Rabbi m3ah 👍 W Inchallah  elley Yjey A7sen,positive,kaggle_moroccan_sentiment,mixed
برجوليا ما يعجبنيش ماسط لاسط ؤ ما يعرفش يحكي.,negative,kaggle_moroccan_sentiment,mixed
يابابا محلاك راجل,positive,kaggle_moroccan_sentiment,mixed
سي عبد الفتاح ما يقبلش النقد و يحكي بصوت عالي تقول في قهوة,negative,kaggle_moroccan_sentiment,mixed
Lotfi dima mhflha o saheb jew bravo,positive,kaggle_moroccan_sentiment,mixed
غزااال  هاد الفيلم . كيحمقني. التقاليد ديالنا المغربية الاصيلة .,positive,huggingface_darija_reviews,Arabic
bravooooooo 9owa fi tamthil,positive,kaggle_moroccan_sentiment,mixed
Behya,positive,kaggle_moroccan_sentiment,mixed
بصراحة وهرتو وحدها ديما  مشيخنا    لمعلم <3,positive,kaggle_moroccan_sentiment,mixed
خبر سيء  البارصا لن تفوز بدون المنفوخ إعلاميا المدعو مبابي الريال يفوز دائما,negative,hespress_manual_khalid,Arabic
ya3tek kleb,negative,kaggle_moroccan_sentiment,mixed
yassir amir dhamir bravo,positive,kaggle_moroccan_sentiment,mixed
nour a3ez man3di rabi ya3tih 3la 9ad 9albo,positive,kaggle_moroccan_sentiment,mixed
Berasmi nhesha merga w masta w ta3mel jayer :p :p :p,negative,kaggle_moroccan_sentiment,mixed
Maallem wallah ye neji jelloul,positive,kaggle_moroccan_sentiment,mixed
والله طفلة برافو عليها بكاتني 😢😢,positive,kaggle_moroccan_sentiment,mixed
Toooo khoya kemel rak nady ❤️❤️,positive,huggingface_darija_reviews,Arabizi
Ah akhti kadir Sfar fnchif,negative,huggingface_darija_reviews,Arabizi
Bravo Neji jelloul,positive,kaggle_moroccan_sentiment,mixed
برنامج مراد العشابي كيعجبني بزاااف ماشي كينقص من الفنان ولكن كيعبر ليه الضغط ديالو,positive,huggingface_darija_reviews,Arabic
سؤال بليد,negative,kaggle_moroccan_sentiment,mixed
Tefeh,negative,kaggle_moroccan_sentiment,mixed
karim  massat  lasat,negative,kaggle_moroccan_sentiment,mixed
"bravoo 3leha bsar7a 
تحياتي سيدي المحترم
Bravo jaloul
Bravooooo
ROI3A
برافو مروى واصل
Bou zienikoum mahlekoum 3sal 3sal :* :* <3 <3
waaaaaw tfata9 ma7leek lyouma <3
والله إنتي معلم والتوانسة الكل منك تتعلم،برافو #جعفر
ربي معاك كريم يعجبني برشا
Kolha mizyena
ماشاء اللـّه عسلة
احسن فريق يعجبنى اما ناقص ابراهيم هبليه
برافو بدر
M3aleeeem bravoo
Enhebha
Bravo bravo
يعجبني صوتها أما نحب نقلها واصل ع المنوال إلي تخدم فيه
هههههه وأخيرا برافو سامي :)
Ma7lek aycha :*
هههههههه محلاهم
Bravoo ja3four.bon continuation.rabi ywaf9ik.
تعجبني حضور محترم طيب في الكلام
bravo n jaloul
Bravooooooo
behi swayit w fanen
Bravo
البنت طيبه وجميله
Bravo 👏 Walid  m3lm
Hhh n7ebou w te3jebni ya3tik ya lokza
وحدك يا جلول
Dima mwahar ma7lek w el wahra 3andha nésha  bravooooo bon courage
Ti3jibni barcha
اعز واحد بيروم يعتيه دودة محلاه
wassil ya lotfi ou rabi i3awnik  ou zide i5dem taw tal9a <3  <3  :*
sahrya tahfouna testana fina
Ja3fouuur ya m3alem
محلاك يا بيوتة عمايل تمشي و تزيان تبركله عليك :* :*
Bravooooo bon choix
انسان خدام طلعت برشا ربرات على اكتافو  وكلمتو قوي ماللخر يحب يخدم ربي معاه
صوتك حلو وانتي محلاك وغناياتك محلاهم اما زيد اخدم اكثر انتي فنان باهي يا ايمن ❤💚💜💛
WALLAH M3ALLEM
Sout raw3a.... j'adore...
روعة اليوم و كل يوم
M3alem bravo
ya3jibni n9olou bravou wasel
ظلمناك مالأول أما توا عرفناك صادق ❤واصل مصطفى ...
Hhhh m3alma
مسرحي بارع،ومثقف،وواعي ويعرف اش يحكي و كل كلمة في بقعتها برافو بن يغلان ربي معاك
Bravo lotfi enti  tmathel  elwe9a3 mta3 barch twensa  w kima y9oulouha la79i9a mora
Tabarkala 3lik ya Karim rabi ifadlhomlik
صافي سعيد موسوعة
maryouma wa7dek bi sara7a edawer leya9 3lik tou9tel nmout 3lik
Thabel 3ejbetni barcha w rabi ye7mikom sami
ممثل و فنان تونسي له كل التقدير اما  ما تجيش تلعبها مثقف و سياسي محنك :3 خاترك من الناحية هذي فلووووب
Ma7lek...
bravo ettounsiya
m3allem weld jam3iya <3
نحن نعشقها ونحن نعشق الحوار التونسي
مدام محرزية مرا وعليها الكلام الحكاية حكاية فكرة وثبات....
شرفت الفن في تونس مطربة و فنانة كبيرة
صوت نادر وجميل في فنانة متواضعة
يا معلم!!!!!
walhi m3alem w borjolya 3jbtni kisa5satha w 5rajet
اقوى ممثلة
Mwahir bserwal la7mar y' ja3four hhhhh
الرجولة .
Barvooo 3ajbetni barcha
ممتاز طيح عالكل
عمري لا حبيت وليد التونسي أما ليوم عرفت قيمتوا ...راجل و سيد الرجال
خير. من. برشة.  عباد
Bravo walid
مبدعة و نحبها برشا
Ma7lehem
Ma7leeeeeeeek ya rim mala wahra w mala rzana ya jawharet echacha  etounsiya bravooooo
bravo wajiha 
M3alim
واقعية في كلامها و معندهاش الزايد برافو وجيهة يانوارة البرنامج :* 
bravo sami mouch 3adi you9til bou7ek bien
براڤو سامي
ya ja3four  machalah 3likkkkkkk
chi5 t7ifa to7fa w antika
روعة
Bravo pour welid tounsi
momadhla dhkiyaa
باسم الله ما شاء الله وسبحان الخالق المبدع
Sabhane Allah machaallah
To99tel
برافو معلم عطها لا تقر لا تكتب لشكيب
Lmosalsel bda ya7la
Bravoo samirrrrrrrr
كويسة ممتازة وربى معاها
راجل مناضل الله يعينوا على الايام  ياااارب (y)
bravoo
يعطيه الصحة طلع راجل و مقلبش الفيستة كيف غيرو
7lowa
بالرجولية معلم كيف خرج من الاستوديو
Hlowa barcha bravo Sami bon courage
Ena nhebha
Oui a9wa la9ta
برافو وليد التونسي 👍",positive,kaggle_moroccan_sentiment,mixed
جبالك الرواسي ولاعبدك الثقيل يا فرطاس يا تافه، قالو عامل حزب صوت الفنانين و عيلتو ما صوتولوش ههههه يا فااااااشل,negative,kaggle_moroccan_sentiment,mixed
تفيه عليك وعليه وعل سامي الفهري,negative,kaggle_moroccan_sentiment,mixed
Waww raw3a,positive,kaggle_moroccan_sentiment,mixed
A3lech t9lou si tawfik tfouh a3lih,negative,kaggle_moroccan_sentiment,mixed
ولماذا يتم إيداعه قبل الاجال القانونية بأيام,negative,hespress_manual_khalid,Arabic
c vrais m3allem,negative,kaggle_moroccan_sentiment,mixed
Vraiment tbrkllh 3lha :*,positive,kaggle_moroccan_sentiment,mixed
ليس بالشيء الضروري…..,negative,hespress_manual_khalid,Arabic
Hanene ya assla,positive,kaggle_moroccan_sentiment,mixed
Hanen chograni 3asla,positive,kaggle_moroccan_sentiment,mixed
yé m3allem yé jaziri  7oudour w a5le9  w tha9afa yé 3ini 3lik,positive,kaggle_moroccan_sentiment,mixed
Bravo neji Jaloul   mille bravo,positive,kaggle_moroccan_sentiment,mixed
Mela sel3a 3zouza 5arfa tfouuu 3la hal mandher,negative,kaggle_moroccan_sentiment,mixed
امين مقدم مسطك جا مع واحد على البصة يشد فران ولى يسلك فها بالسيف ههههه,negative,kaggle_moroccan_sentiment,mixed
"صوت رائع جدا و جمالها غير عادي :* صوتها متاع مباشر ماهيش كيما مطربات الماكينة و الصوت المضروب بالفلسة و المونتاج و التركيب و التحسين""",positive,kaggle_moroccan_sentiment,mixed
bravo jiji a3tih w chewaya fih,positive,kaggle_moroccan_sentiment,mixed
السيدة مايا تعمل مزية تنقص راو كل ضيف جاي تكرهو في روحو بالحاجات الفارغة والي ما عندها لا ساس ولا راس و راو بسبب وجودك كرهنا الفرجة في كلام الناس,negative,kaggle_moroccan_sentiment,mixed
ماشاء الله كلامك تحطوا على الجرح يبرى,positive,kaggle_moroccan_sentiment,mixed
wlh m3lm,positive,kaggle_moroccan_sentiment,mixed
Barcha 5maaaj mouch barcha hob,negative,kaggle_moroccan_sentiment,mixed
ya ta7an ya ras elbsal ech 3malet bflous fatma bousa7a,negative,kaggle_moroccan_sentiment,mixed
مستواكم منحط ،,negative,kaggle_moroccan_sentiment,mixed
ya ras el basla mouch kan tlhit fi rouhk 5ir ma5ybk akther wa7d lazem ytna7a howa enti deja matfout najla bchay na9sek robe kahaw 5itttttttttttttttttttttttt,negative,kaggle_moroccan_sentiment,mixed
تقول عليه مهرج,negative,kaggle_moroccan_sentiment,mixed
A7la jaw m3a awled Moufida l7out 3lihom,positive,kaggle_moroccan_sentiment,mixed
soutek bahi b1,positive,kaggle_moroccan_sentiment,mixed
Ma5ybou w marzin damou pfff,negative,kaggle_moroccan_sentiment,mixed
Sa9taaa wlh,negative,kaggle_moroccan_sentiment,mixed
Braoooooooo sami a7la jaw,positive,kaggle_moroccan_sentiment,mixed
iPhone مرض العصر 😏,negative,huggingface_darija_reviews,Arabic
نكره   وقاحة في الحديث مع من هم اكثر منها علما مثل الشيخ وز ادا مع وليد التونسي الي هو أشهر منها تمادت في تفاهتها.الله يهدي,negative,kaggle_moroccan_sentiment,mixed
قمة العار تحكي في موضوع محرم برب فيقو شوية يزينا من قلة الحياء,negative,kaggle_moroccan_sentiment,mixed
سكاتش تحفونة برشاااا (y),positive,kaggle_moroccan_sentiment,mixed
Ma7leh,positive,kaggle_moroccan_sentiment,mixed
ممثله قديره,positive,kaggle_moroccan_sentiment,mixed
كلامك صحيح  …,positive,kaggle_moroccan_sentiment,mixed
Abc واعر,positive,huggingface_darija_reviews,Arabic
اكبر طحان و اكبر دجال .. ايجا لجربة و شوفوا شيعمل مع اليهود .. خسارت كان هاك الجبة,negative,kaggle_moroccan_sentiment,mixed
3asouuul bdour rak,positive,kaggle_moroccan_sentiment,mixed
Karim il gharbi masit i sitcom ma3jibnich,negative,kaggle_moroccan_sentiment,mixed
3ahirat kol wa7da w wa9tech yjeha el 9o7eb hedhi jeha fel kober,negative,kaggle_moroccan_sentiment,mixed
أنا جزايري بصراحة ولاد مفيدة هبال,positive,kaggle_moroccan_sentiment,mixed
walid etounsi tounsi w 3lih leklem,positive,kaggle_moroccan_sentiment,mixed
Hhhhhh m3alma,positive,kaggle_moroccan_sentiment,mixed
يعنبو الوقت مقداد يتمزا على بلطي وووووووه,negative,kaggle_moroccan_sentiment,mixed
tbarkalah 3lik dima top🔥,positive,huggingface_darija_reviews,Arabizi
أمسط من ملايكتو ما راتش عيني ;;; يا ناس راو غلّب عليا ::: تمنيت لو كان جات عندي قدرة نّحيلو الجنسية التونسية و نطيش والديه في زيمبابوي خلّيهم يستغلّوا هاك الراس و يعملوه دربوكة  مأخيب منضروا و م أمسط ملايكتو,negative,kaggle_moroccan_sentiment,mixed
mamsetha pfff,negative,kaggle_moroccan_sentiment,mixed
ملًا رويق,negative,kaggle_moroccan_sentiment,mixed
مضروبه فروحها بالكدب تقول زايده ريشه عالبنات بفففف,negative,kaggle_moroccan_sentiment,mixed
Maste barcha,negative,kaggle_moroccan_sentiment,mixed
malla wsakh wmalla tafahèt wmalla in77itat,negative,kaggle_moroccan_sentiment,mixed
تبارك الله عليها بصراحة,positive,kaggle_moroccan_sentiment,mixed
Taaaaaaaaaayaaaaaaaara el7al9a ENA nadh7ek bedmou3,positive,kaggle_moroccan_sentiment,mixed
bravo .. we rabbi iwaf9ek,positive,kaggle_moroccan_sentiment,mixed
Math9loo,negative,kaggle_moroccan_sentiment,mixed
Nakerhou,negative,kaggle_moroccan_sentiment,mixed
خمسة وخميس عليك أحلى فلة,positive,kaggle_moroccan_sentiment,mixed
Zballa zballa zballa 😈😤,negative,kaggle_moroccan_sentiment,mixed
bhiiiiiiiiiiiiiiiiiiim wmayji chay,negative,kaggle_moroccan_sentiment,mixed
في  كلمة وحدة كاريزما,positive,kaggle_moroccan_sentiment,mixed
Nimout aliha,positive,kaggle_moroccan_sentiment,mixed
m3alem w 7afdhou a3lih,positive,kaggle_moroccan_sentiment,mixed
على هذ الحساب المواطن لا قيمة له عندكم لان الطبيب غادي يبقا يفكر غير فالعمايات غير يدخل عنو المريض كيفما بغا يكون غادي يقولو خاصك دير عملية  ضروري كا فكارتو تنقصو من لفيزيت ديال طبيب الي هي فايتا المستوى المعيشي للمواطن 350 و400 درهم وعاد يزيد عليك واحد 3 ولا 4  دراديوات حتى تخرج من عندو بواحد 1000 ولا 1500 درهم والحقيقة اللهم هذا منكر. حسب القدرة الاستهلاكية ديال المواطن فبلادنا ما خاصاش تفوت 80 درهم للجينيراليست  و 100  درهم للسبيسيليست,negative,hespress_manual_khalid,Arabic
ياسر ضامر و دمو بارد,positive,kaggle_moroccan_sentiment,mixed
hhh 7afletha,positive,kaggle_moroccan_sentiment,mixed
To9tel bedha7k,positive,kaggle_moroccan_sentiment,mixed
Wejhou maktoub 3lih tafehaaaa,negative,kaggle_moroccan_sentiment,mixed
5adam,positive,kaggle_moroccan_sentiment,mixed
بصراحة تصلح تمثل ادوار كوميدية اكثر من درامية,positive,kaggle_moroccan_sentiment,mixed
Kalb mlkleb,negative,kaggle_moroccan_sentiment,mixed
maset yesser mayjich monachet,negative,kaggle_moroccan_sentiment,mixed
راجل راجل,positive,kaggle_moroccan_sentiment,mixed
maaaasta,negative,kaggle_moroccan_sentiment,mixed
قيمته لا يعرفها إلا المساجين لا يستحق أن يشاهد,negative,kaggle_moroccan_sentiment,mixed
مسكينة تونس,negative,kaggle_moroccan_sentiment,mixed
الكلب هذا،أقسم برب العزة إلا ما ينتقم منو ربي أشد أنتقام،وتذكروا كلامي.فماش مرة ما حاربش فيها ربي والرسول.الله لا ترحملو عظم،آمين,negative,kaggle_moroccan_sentiment,mixed
Mriiigl enaaa 3jbniii,positive,kaggle_moroccan_sentiment,mixed
هي ممثلة العهر في قناة الدعارة الاعلامية .....,negative,kaggle_moroccan_sentiment,mixed
راقية ومتخلقة 3>,positive,kaggle_moroccan_sentiment,mixed
مله مناظرإمقلبه جابتهم هاثوره إلكلبه تفوه,negative,kaggle_moroccan_sentiment,mixed
"توفيق الغربي عار عار على الثقافة وعلى القناة
وزير موش موتربي و زاد عليه اعﻻم العارنفخل كيرشو احمد الرحموني له تاريخ هههههههه
نهضاوي كلب. كرهنا في البرنامج
مايعرش يحكي و مايحترمش الناس الي تحكي ... ياسر يعمل في بلنجوات ... ويني مايا ... رجعولنا مايا ... الانسان هذا عصارة متع ادمغة فارغة و سطحي .. و نهضاوي .
malla 9a7ba
TAw hadha fanen
شيء ياسف،برنامج منحط،سؤال تافه من لطفي العماري..مفهمتش وين تفرج على متنقبة تشطح ولا تغني!!!؟
tfouuhhhhhh alik ya irhebi
😈👎 maset
انسان ماسط وفارغ وانتهازي
manell  ya 9a7ba
ياااااسر سطحي وماسط و تافه حاصيلو شئ ما جاء
علي خاطرو كلب يخدم في قنات الماخور التونسي سلم علي إعلام الحجامة وقلو الشعب فائق بيكم😆
Mela miboun
كيما قال شكسبير:راك ماسط راك لاسط راك سلعة كلخة ما تشيخش الراسط
5arref
شبه انسان مقزز و مقرف،
ma5ybou
لُكزة أكثر منّك !!
Tfouh 3likom elkol ya emasi5 erahmouni arjal mikom
Houwa el7a9 masit
Masta
كلبة
Y nari 3li y tounes
mamstoooo
Bayrem lmasset last
Mamstou . Dali nahdi 2
حسبي الله ونعم الوكيل ما فسدتو أخلاق الناس كان انتم تحبو حرية الصحافة بالانحطاط الأخلاقي
mahboula bbbbbbbbbbbbbassseeeeeeeee
Amset mousalseel fel aalem ✌✌
النفاق 
Massat barcha nsibti laaziza
Damou rzin baaaarcha 9adech bhim
ياسيدي القاضي قلة الحياء هي اسبلاه الشعب و عدم الحكم بالعدل
يكب سعدك و سعد الي يتبعوك و سعد الي ما يقولش سعدك  ؟؟الله لا ترحملكم عظم يا اولاد  العار ؟؟ والله ما عندي القناة جملة اما معروفة ما تجيب كان المزرس في الخمج و خوه ؟؟
MALLA  CHLEIK
الله يهدي  يا شيخ تحيفة الشيب و العيب كرمك الله .
بلاصتو في الحبس
الحق موش فيها الحق في اللي يطرح في ها المواضيع واللي استدعاها نعتبره من قوم لوط والتافه تافه .انا ماتفرجت في البرنامج وحسب ما قريت من الكومانتارات السابقة نقول هذي ما تممثلش المرا التونسية ولا شئ
Tfouuuu
Bravoooo
تفوه على هالمناظر المقلبة
ma5yeb rasoo :3
T3jebni DJ
Ma5yibha welet yesir smina
مغرووور!!
Ba9la liha w lik
Sle3 zbelaa
زباله
bsaraha ma3jbtnich esna
malla mostawayet .........fadhyiiin chghoul
عزا فيك وفي أمك إلي معرفتش تربيك إنتي وخوك، كل مرة تمدو وجوهكم وتكلاشو في لطفي قلشعليكم من عائلة ملكية فيق على روحك إنتي وخوك أمك فنانة لا مشت لا جيت و بوك كلون وإنتي وخوك أتفه منكم مفماش...ملا منظر على صباح
Mamsstou
ma5yabha dam3tek y Badr :'(
Mastaaaaaaa
Pffff mamstou
Masta
بااااا رشا تموسيط وتجبد في فريق اكبر منك.  تي سقف داركم يتيح ولافريقي متا تيحش.
Zibla w maskha tfouu aliha
ya manel ya 3mara rak 5ra brabi 9oli ghneyet fihomchi juste un refrain yasla7walla fih sens. banaaaaaaaaaaaaaaaaaaaale pffffff
أسقط وأتفه وأغبى طحان وقواد وصباب ومريييييييييض في البﻻد... زاااايد الحجرة ماتذوب والم.... مايتوب.
عيب
Tfouh 3lik ya tons  ya blad lfesk nasitom anakom mosslimoun w la3an allh allmofsidin fik 7acha ba3dh allmosli7in ...
masset .on ve naoufel
ماعجبها شىء راسها في سما حتى راجلها قريب نكرت فيه كل حد و قلبو
مهواش متاع رمضان المسلسل هذا بصراحة شي يأسف هذا شهر فضيل شهر توبة ورحوع لربي مش شهر عرا و قلة حيا 😒
امسخين الكلهم
منحبوش ماسط وقبيح ويحترم حتى حد وموش متربي وعندوش اخلاق جله
Mamsitha matji 7atchay
تبا للحرية إن كانت هكذا ...لايزي يعملو الفحشاء وزيد يطلبو في حقوق ... عن أي حرية تتكلمون ... و لاخر يحكيلي عل الحظارة الإغريقية ... شكر خاص للشيخ الذي قام بالرد الصحيح دينيا و علميا  و لوليد التونسي لأنه الوحيد اللذي يمثل التونسي من حيث المواقف و ردود الأفعال ....هذه ليست حرية بل إنها إعتداء على قيمنا الدينية و الأخلاقية و إعتداء على شعب و أختمها بتبا للحرية إن كانت كذلك.
بصراحة الغناية متاع نجلاء تافهة وموش مفهومة اصلا اما لبستها برشا ناس موش فى الفن ويلبسو كيفهاوعادى عندهم كلمات الغناية زبلة على حالها وربى يهدى
MALA ZABALA
هو انسان تافه
بصراحه عيب عيب ياشيخ .. قد ما كنت معاك في كلامك اما عيب تقول كلام هكا على بنت الناس حتى كاني خايبه.. راك عندك بنات .. بصراحه شي يحشم قاعده مع خواتي و بابا .. الله يهدي
Masta... w 0 tamthil
Adna moustawa andhoum
ماسط ...",negative,kaggle_moroccan_sentiment,mixed
Bellahi hal maset 3leh tjibou fih,negative,kaggle_moroccan_sentiment,mixed
نعلن الله عليكم,negative,kaggle_moroccan_sentiment,mixed
Rajel  bravo,positive,kaggle_moroccan_sentiment,mixed
Malla fthaya7 ani 9e3id netfarraj i3lem l3ar !,negative,kaggle_moroccan_sentiment,mixed
تافهة,negative,kaggle_moroccan_sentiment,mixed
ماسطة,negative,kaggle_moroccan_sentiment,mixed
rajell fihom,positive,kaggle_moroccan_sentiment,mixed
تجمعي طحاااااااان,negative,kaggle_moroccan_sentiment,mixed
بصراحة ياسر رزين حلاوته في الإذاعة وموش وحده يلزم معاه شكون,negative,kaggle_moroccan_sentiment,mixed
B1 wejiha,positive,kaggle_moroccan_sentiment,mixed
محلاكوم ازوز ربي ايهنيكوم,positive,kaggle_moroccan_sentiment,mixed
ماسط لاسط رجعوولنا نوفل بصراحة امين مش متع تلفزة كعب لا  و الحصة متع البارح هزان و نفضان,negative,kaggle_moroccan_sentiment,mixed
حيوااااان,negative,kaggle_moroccan_sentiment,mixed
Barvo ناجي جلول,positive,kaggle_moroccan_sentiment,mixed
3jbni lfilm ana,positive,huggingface_darija_reviews,Arabizi
"oh mamastak mana7amlouch jemla, al fan 3ando nesso y weldi, mala cha3ar 9oul 9anfoud ,9amek 9ari",negative,kaggle_moroccan_sentiment,mixed
Ena bsaraha ydahakni lotfi,positive,kaggle_moroccan_sentiment,mixed
روعة حضور  أسطوري صورا جميلة   لكل الفنانين توانسى .أنا من عشاق الفنانة ذكرا محمد  الله يرحمها,positive,kaggle_moroccan_sentiment,mixed
Raby ywaf9ek,positive,kaggle_moroccan_sentiment,mixed
jiboulena ken 9ahba w o5teha,negative,kaggle_moroccan_sentiment,mixed
كلشي زوين الله يسهل عليك,positive,huggingface_darija_reviews,Arabic
رجل واعي و مثقف ♥,positive,kaggle_moroccan_sentiment,mixed
عسل راو عسل,positive,kaggle_moroccan_sentiment,mixed
bravo. bssaraha nehtarmek kbal w taw,positive,kaggle_moroccan_sentiment,mixed
hhhhhhh wa7dhek,positive,kaggle_moroccan_sentiment,mixed
توفيق اللحاس,negative,kaggle_moroccan_sentiment,mixed
ammmm selfi  ma7lh,positive,kaggle_moroccan_sentiment,mixed
ناقصين خلايق,negative,kaggle_moroccan_sentiment,mixed
انا شاكة فيه يهودي اللطف,negative,kaggle_moroccan_sentiment,mixed
"helket o fasdet nsibti la3ziza, lamen9alleha barri rawhi fok 3lek",negative,kaggle_moroccan_sentiment,mixed
بلاصتك في الحبس والا الحرق انت وامثالك  حتى الموت,negative,kaggle_moroccan_sentiment,mixed
"باي باي تونس""",negative,kaggle_moroccan_sentiment,mixed
يكب ولا سعدو,negative,kaggle_moroccan_sentiment,mixed
واحد معدة يالطيف,negative,kaggle_moroccan_sentiment,mixed
ماسط لاسط من قبل مش من تو. ...و قداش ظهر hypocrite  في هاك الحلقة متاع ca me di rien متاع التنويم المغناطيسي وكي تفضحو   عملو رواحهم يفدلكو,negative,kaggle_moroccan_sentiment,mixed
التغيير الوحيد لوكو علاش هاذ الثمن!!!!,negative,huggingface_darija_reviews,Arabic
عشششششل مشاء الله,positive,kaggle_moroccan_sentiment,mixed
Mastaaaaa,negative,kaggle_moroccan_sentiment,mixed
"بلحق حلقة ليلا موش نرمال
#تونس بخير",positive,kaggle_moroccan_sentiment,mixed
ensen maset jayebha ensen 9afez w ya3rf kol chay w houwa bhim,negative,kaggle_moroccan_sentiment,mixed
nadyyyy 💜🙂,positive,huggingface_darija_reviews,Arabizi
Bravo Walid tounsi ❤ je t'aime bcq❤,positive,kaggle_moroccan_sentiment,mixed
الشيب و العيب كنت تنجم تلطفها الكلمة كرمك الله,negative,kaggle_moroccan_sentiment,mixed
على الأقل كان من الأجدر جعل حصة الليلة حصة خاصة بالحدث الجلل و إستدعاء ضيوف من ذوي الإختصاص من قانونيين و علماء إجتماع و نفس و إجرام و دين و مجتمع مدني و جمعيات.فلا أقدس بعد الدين من أطفالنا القصر.,negative,kaggle_moroccan_sentiment,mixed
مبدعة و فنانة كبيرة...من أحسن الممثلات في تونس,positive,kaggle_moroccan_sentiment,mixed
Bravo Taoufik !,positive,kaggle_moroccan_sentiment,mixed
هذه هي المرأة التونسية الأنيقة,positive,kaggle_moroccan_sentiment,mixed
ماسط لاسط و دموا ثقيل و ميعرفش يناقش يا حسرة على مايا القصوري :/,negative,kaggle_moroccan_sentiment,mixed
"Walhi ta7foun ,ama lbrens 5sara met",positive,kaggle_moroccan_sentiment,mixed
معلم أكا ناجي..  هو الوحيد لي يخدم بڤلب و رب!!,positive,kaggle_moroccan_sentiment,mixed
Yeser hlowa,positive,kaggle_moroccan_sentiment,mixed
واش ليكيد ولا بودر انا كندير ليك طوب ريخة و نقاوة و مكتينش هدشي لي قلتي,neutral,huggingface_darija_reviews,Arabic
Bravo 3omda 3jibtni ki 9outlou saker fomek 5ali rjail titkalim   vraiment chapeau,positive,kaggle_moroccan_sentiment,mixed
7lowa barcha,positive,kaggle_moroccan_sentiment,mixed
"Miskiin bader :, ( sa5feni wlh",negative,kaggle_moroccan_sentiment,mixed
"برافووو طلع أرجل من برشا ""كﻻب""",positive,kaggle_moroccan_sentiment,mixed
sl3a pffffffffffffffffffffff,negative,kaggle_moroccan_sentiment,mixed
الغنايه ناجحه الصوت ناجح,positive,kaggle_moroccan_sentiment,mixed
جعفر ممثل بارز في المجتمع ربي يوفقه,positive,kaggle_moroccan_sentiment,mixed
تبارك الله عليك اخت مريم فلار غزال و الثمن غزال,positive,huggingface_darija_reviews,Arabic
Yessir met5l9a,positive,kaggle_moroccan_sentiment,mixed
uiiii c vré bravoooo sami,positive,kaggle_moroccan_sentiment,mixed
Ma5ybou manahdhmouch jiiiimla,negative,kaggle_moroccan_sentiment,mixed
محلاها ياريت زوجتي,positive,kaggle_moroccan_sentiment,mixed
وحدة كيفها خامجة عار علي تونس و اهوكا وليد تونسي كركرها في دقيقة قبل ما يخرج,negative,kaggle_moroccan_sentiment,mixed
Ena me3ejbetnicj,negative,kaggle_moroccan_sentiment,mixed
Macha allah,positive,kaggle_moroccan_sentiment,mixed
متواضع و محترم,positive,kaggle_moroccan_sentiment,mixed
Tfoooouuuuh,negative,kaggle_moroccan_sentiment,mixed
rak maseteuuuuuu 😂😂😂,negative,kaggle_moroccan_sentiment,mixed
جعفور وللهي نحبوك برشا .. اما سيب علينا مالسراول الحمر #هبليه,positive,kaggle_moroccan_sentiment,mixed
سلام ختي بالنسبة لي مابغاش يشد غرفة. ممكن غير يجي يشرب شي حاجة ويعوم فمسبح؟؟ وشحال الثمن ديال مسبح بوحدو؟؟,neutral,huggingface_darija_reviews,Arabic
تحية و تقدير لهذه البنت الشجاعة و نقلها راو مزال الخير في الدنيا و خليك قوية و راك دخلت في قلوب التوانسة و إنشاء الله ربي يشفيك,positive,kaggle_moroccan_sentiment,mixed
متصورتكش امسخ لدرجة هاذي يا نا تن يا حقودي لعنة الله عليك وعلي اخلاقك الف مرة,negative,kaggle_moroccan_sentiment,mixed
في كلمة ماصط,negative,kaggle_moroccan_sentiment,mixed
ثعلب عزوزة,positive,kaggle_moroccan_sentiment,mixed
مااااااسطة و مسطت السيتكوم .. مستنسين بيها دمها خفيف و تهبل .. اما المره هذي لا :/,negative,kaggle_moroccan_sentiment,mixed
كمشة همل,negative,kaggle_moroccan_sentiment,mixed
y3tiha douda m7lahhhhhhhhhha <3,positive,kaggle_moroccan_sentiment,mixed
مها من أحسن الممثلات في تونس براااافووووووو <3,positive,kaggle_moroccan_sentiment,mixed
نور شيبة أسم كبير تبارك الله عليه قاعد يخدم على روحو أ,positive,kaggle_moroccan_sentiment,mixed
brabi ness illi ynabrou 3la lotfi n9olhom arte7ou 8ir ouslou a3mlou rbo3 illi 3amlou houwa ... lotfi rak m3alem,positive,kaggle_moroccan_sentiment,mixed
البقرة الحلوب حلبها وليد التونسي و روح شفايفها تقول شمبرار متع كرهبة ملا مسخة,negative,kaggle_moroccan_sentiment,mixed
Ma5yebha 5ittttt ech msatet sa5ta w zedet bozmett,negative,kaggle_moroccan_sentiment,mixed
enta m3alem (y),positive,kaggle_moroccan_sentiment,mixed
مسلسل موش عائلي يا سامي و لا يمثل صورة المراة التونسية ...خسارة,negative,kaggle_moroccan_sentiment,mixed
Ya5i a7na fi sidi romdan w ela ana 4alta !!!!!!!,negative,kaggle_moroccan_sentiment,mixed
tahhan wmakch rajel thel fi fammek ala lefriki ...,negative,kaggle_moroccan_sentiment,mixed
Ma7leeeha,positive,kaggle_moroccan_sentiment,mixed
مسلسلات القحب و الوبنة . رمضان يا زبي راهو,negative,kaggle_moroccan_sentiment,mixed
بكل صراحة الكلمة اللي قلتها عيب و متجيش . إنت تحكي عالثقافة والفكر و هذا تصرف مش متع إنسان مثقف و محترم. مع الأسف إنت محترمتش المشاهد. لو تحب ترجع إعتبارك تعتذر من المشاهدين .,negative,kaggle_moroccan_sentiment,mixed
Lotfiii dima m3allem... Bsara7a lazem ydha7akna,positive,kaggle_moroccan_sentiment,mixed
Costa a7sen fanen 3andi  W ya3jibni klemou baaaarcha barrcha w n9olou men 7asen ila a7sen,positive,kaggle_moroccan_sentiment,mixed
صحة أشريبتكم ويعطيكم اصحا والله محله اكا صبيرى اشيضحك اما صخفني كي مات صحبو ..,positive,kaggle_moroccan_sentiment,mixed
wahdek ya em3alen,positive,kaggle_moroccan_sentiment,mixed
itfoooooooooooooooooooh mala 9a7ba 3ahra,negative,kaggle_moroccan_sentiment,mixed
9lil torebya tfouh 3lih,negative,kaggle_moroccan_sentiment,mixed
Machallah 3liha,positive,kaggle_moroccan_sentiment,mixed
cha3ebb da5el fi 7itttttttttttt,negative,kaggle_moroccan_sentiment,mixed
مذيع فاشل يحاور وزير فاشل,negative,kaggle_moroccan_sentiment,mixed
Rabi m3ah nchallah,positive,kaggle_moroccan_sentiment,mixed
Masssstaaaaaa,negative,kaggle_moroccan_sentiment,mixed
Mahleha nmout a3leha,positive,kaggle_moroccan_sentiment,mixed
قناة الدعارة,negative,kaggle_moroccan_sentiment,mixed
مقاطعة قناة الفساد القناة الأولى في الخراب الأخلاقي في البلاد العربية فسحق لكل من ساهم في بعثها,negative,kaggle_moroccan_sentiment,mixed
بصراحة ما يحبك حد اكرم لحيتك بيدك وانسحب من النقابة ومن الساحة الفنية ماهيش بلاصتك تحكي على التربية وانت للاسف موش متربي تحكي على الاخلاق وانت موش متخلق اختار العبارات المناسبة كيف تحكي قدام الجمهور والعايلات بالاخص خاصة وقت اللي تكون متغشش,negative,kaggle_moroccan_sentiment,mixed
Rajel 3alami mafamech kifou n7ebouk barcha,positive,kaggle_moroccan_sentiment,mixed
نشوف فيك الأصالة يا شيخ يا أصيل,positive,kaggle_moroccan_sentiment,mixed
milla mostewa we milla tefeha,negative,kaggle_moroccan_sentiment,mixed
طاحونة تسكسك بالفرينة و في رواية أخرى رخيص,negative,kaggle_moroccan_sentiment,mixed
وهل من جهاز لتعقب المفسدين، ناهبي أموال الشعب؟؟؟؟ أما مثيرو شغب الملاعب فالمسؤول الأول هي قوانين فارغة سنّتها هذه الحكومة بالخصوص والحكومات السابقة، والتي تولي أهمية قصوى للحقوق ومتغافلة الواجبات… وجمعيات ما يسمى بالمجتمع المدني التي تقف لك بالمرصاد مدافعة عن كل مجرم بدعوى أنه قاااااصر وبحجة حقوق الإنسان…..أين الإنسان أولا لنتحدث عن الحقوق ثانية!!!!!,negative,hespress_manual_khalid,Arabic
9adech tharbou f rou7o,negative,kaggle_moroccan_sentiment,mixed
Mastt mastt mastt alech tjibou fih mouch mt3talfza,negative,kaggle_moroccan_sentiment,mixed
Wallah bravo,positive,kaggle_moroccan_sentiment,mixed
Ya3tk ba9la lik w liha,negative,kaggle_moroccan_sentiment,mixed
غريبة غريبة لا حشمة لا جعرة يحللو و يحرمو وحدهم و عندكم وجوه تقابلو بيها ربي و عبادو يا خماج يا مسخين ربي عطانا نعمة الجنس في ايطارها الشرعي و القانوني و الحلااااااااااااااااااال يا ولاد الحرام ولا حقا انتوما ماكمش رجال خسرة فيكم هال البلاد مسختوها و فضحتونا قدام الشعوب  يا ناري علي وليداتنا فيىالمستقبل,negative,kaggle_moroccan_sentiment,mixed
"Toop bsse7a wtbarkelah 3lik, téléphone wa3er, kantssena review ❤️ keep up",positive,huggingface_darija_reviews,Arabizi
كلب نهضاوي كيفو كيف الي يطرد مي  و حل بلاطوواتو لمبيضي الارهاب و مجرمي الخوامجية يلعن والدين كل طحان باعو روحو,negative,kaggle_moroccan_sentiment,mixed
Borjoliwa a3ti9 sah7a,positive,kaggle_moroccan_sentiment,mixed
احلي قناة تونسيلة,positive,kaggle_moroccan_sentiment,mixed
Momtez,positive,kaggle_moroccan_sentiment,mixed
Ia9ta hayla ya saber hhhhhhh,positive,kaggle_moroccan_sentiment,mixed
taoufik elgharbi siyassi fachel m3a ben ali w tawa mou3aredh lilnahdha fachel,negative,kaggle_moroccan_sentiment,mixed
Wlhi mabardt 3la 9loubna ken enti bravo,positive,kaggle_moroccan_sentiment,mixed
Eni n7bha barcha w te3jbni barcha,positive,kaggle_moroccan_sentiment,mixed
barriiii raw7i :p,negative,kaggle_moroccan_sentiment,mixed
وحش سامسونج بمعنى الكلمة,positive,huggingface_darija_reviews,Arabic
أنا موافقك من ها اليلة باش نحبوا سامي نموت عليه ياربي يقتلني . مادام يحس بزوالي بلحق نقدروا ونحبو.,positive,kaggle_moroccan_sentiment,mixed
pfffffffffffffffffff sakhaffaaaa,negative,kaggle_moroccan_sentiment,mixed
ما فماش احسن من الأخوة اللي تكون متفاهمة,positive,kaggle_moroccan_sentiment,mixed
Tbarkal 3likom sl3a zwina atmina monasiba,positive,huggingface_darija_reviews,Arabizi
"العيب  موش  فيك    يا  مصباح   ( لاعبها  ديما  علينا   طز  حكمة ) ,  العيب في  اللي  جايبك .  عباد  تلوج  على  الاثارة  و المساطة  و قلة الحياة  .  مشات  التلفزة التونسية  و  مشات  أماليها  .",negative,kaggle_moroccan_sentiment,mixed
Ya komaj alah la trabahkom,negative,kaggle_moroccan_sentiment,mixed
Ouiiii moujoud ana f Marrakech Dima kanl9ah,positive,huggingface_darija_reviews,Arabizi
barcha bravooo,positive,kaggle_moroccan_sentiment,mixed
walahi m3alem,positive,kaggle_moroccan_sentiment,mixed
hhhhh baravo ya sami,positive,kaggle_moroccan_sentiment,mixed
el kebire kbire ya 7abibi,positive,kaggle_moroccan_sentiment,mixed
كل دو  ل العالم تقترض و حتى نحن المواطنون نقترض من الأبناك مهما تهربنا نجد أنفسنا مجربين على الاقتراض هكذا يدور اقتصاد العالم أحببنا ام كرهنا,neutral,hespress_manual_khalid,Arabic
برشة قلة حياء و قلة تربية يا,negative,kaggle_moroccan_sentiment,mixed
معلم يا كافون....,positive,kaggle_moroccan_sentiment,mixed
انا درت ديسلايك للفيديو. لانني ضد هاد الهوس الآيفوني وهاد التخربيق باش تشري تيليفون بهاد الثمن وتجيبو تعرضو فبلد يعاني ويلات الفقر وبهاد الثمن! لا حول ولا قوة الا بالله العلي العظيم.,negative,huggingface_darija_reviews,Arabic
Sout w meziana !3ejbetni,positive,kaggle_moroccan_sentiment,mixed
7lowa <3,positive,kaggle_moroccan_sentiment,mixed
m3alem 3ejbetni kichad fiblaset amin hh ta3ref tnachet belgda 😁,positive,kaggle_moroccan_sentiment,mixed
7ala !!,negative,kaggle_moroccan_sentiment,mixed
A5MEEEEEJ 9ANET,negative,kaggle_moroccan_sentiment,mixed
ماسط .بليد .مارزن ز..ام ملايكتو .هو امين شكارة وقارة هزو وامشي ن... الله لا يردكم وخلي يرجع الفرطاس نوفل والله طيارة عليك ويا ليت ترجع مية القصوري .,negative,kaggle_moroccan_sentiment,mixed
جعفور روعه روعه روعه روعه روعه روعه روعه روعه روعه يارب تحميه و اتخليه و من حسن الصدف اني اتقبلت معاه هو انسان بمعنى الكلمة ان شاء الله من حسن الى احسن امين يارب العالمين,positive,kaggle_moroccan_sentiment,mixed
Maala sell3a,negative,kaggle_moroccan_sentiment,mixed
Bravo waselll heka rabi mak,positive,kaggle_moroccan_sentiment,mixed
كان عندي مزوينينش ماشي عملي كنت طلباتو عندي واحد الجارة وقالت لي راجلها وتخوا ليه اتاي كيشحر فيه ومبقاتش باغي يشعل,negative,huggingface_darija_reviews,Arabic
ماسط لاسط نهضاوي جاهل بهيم متخلف إرهابي و طريقة دفاعو على المجرمة و الكفار واضح فهو #لا #يمثلني #degage #شكيب,negative,kaggle_moroccan_sentiment,mixed
حطب جهنم يا تااافهة إلى الجحيم يا مسخة حسيبكم ربي إنت و المسخين لي كيفك,negative,kaggle_moroccan_sentiment,mixed
مسكينة تونس بعد  الثورة رينا العجب,negative,kaggle_moroccan_sentiment,mixed
جعفووووور صاحبي الغول برى يراك وين تقبل تربح,positive,kaggle_moroccan_sentiment,mixed
ممسطو يا معلم ما يتهظمش,negative,kaggle_moroccan_sentiment,mixed
هاد المطاعم زوينه ونقيه ولكن شويه تمن لي عندو القدره الماديه يمشي اما لي على قد الحال لا اضن.,negative,huggingface_darija_reviews,Arabic
Ma777leeeeeeeeeeeeeeeha ♥♥♥♥♥♥♥♥♥♥♥♥♥♥,positive,kaggle_moroccan_sentiment,mixed
Likbir kbir ya m3alem,positive,kaggle_moroccan_sentiment,mixed
rose la 3ala9a,negative,huggingface_darija_reviews,Arabizi
ماتنجموش تعديوو البرنامج من غيرواا pfffffff :(,negative,kaggle_moroccan_sentiment,mixed
جميل 🍀🙋‍♀️👏🥰,positive,huggingface_darija_reviews,Arabic
ياسر ممتازة و ممثلة أكثر من رائعة! !!!!! ! !!!!!!!!!!!,positive,kaggle_moroccan_sentiment,mixed
هو إنسان ماسك لاصط,negative,kaggle_moroccan_sentiment,mixed
Sava marwa  !!!!!!!!! Ta7fona,positive,kaggle_moroccan_sentiment,mixed
برجولية ممسطك يا لطفي قداكش بلييييد,negative,kaggle_moroccan_sentiment,mixed
ما كيفك حد ياوليد اتبركالله عليك,positive,kaggle_moroccan_sentiment,mixed
Bravooo badar,positive,kaggle_moroccan_sentiment,mixed
Hasbi allah wa na3ma alwakil fikom ma5arabtou lebled ken entouma ya firen hbouset,negative,kaggle_moroccan_sentiment,mixed
العربي الماسط مرجتونا بيه,negative,kaggle_moroccan_sentiment,mixed
9adeh ta3ref tmathel tofla bravo  (y),positive,kaggle_moroccan_sentiment,mixed
Mahlekom,positive,kaggle_moroccan_sentiment,mixed
اني نحبك بارشا يا وجيها انتي مومثلا شاطرا,positive,kaggle_moroccan_sentiment,mixed
ريم الله يبارك عليك راكي غير تزياني وضحكتك عسولة كيفك,positive,kaggle_moroccan_sentiment,mixed
ريم ماشاء الله عليك زين وعين ورزانة وثقة بالنفس بالنفس برافوووو  😻😻😻,positive,kaggle_moroccan_sentiment,mixed
Mohim howa rahe ri7to mjahda katkhna9 ila ma chamiti walo raki t9olbti,negative,huggingface_darija_reviews,Arabizi
malla jourdhen,negative,kaggle_moroccan_sentiment,mixed
Mala tafhat mamstha :p,negative,kaggle_moroccan_sentiment,mixed
رجل جليل بصراحة ..ولو ابتعد على النهضة لكان أفضل,positive,kaggle_moroccan_sentiment,mixed
الفاسق الداعر 😀,negative,kaggle_moroccan_sentiment,mixed
neji #neji_jahloul makch rajl rak 3amil firansi w 9awad w matal3abhach watani ok,negative,kaggle_moroccan_sentiment,mixed
allah yehlek dhalem,negative,kaggle_moroccan_sentiment,mixed
ربي يوفقك وانشاء الله من حسن الى احسن,positive,kaggle_moroccan_sentiment,mixed
مخيب راسك و ممسطك قداش نكرهك,negative,kaggle_moroccan_sentiment,mixed
Olala m3alem,positive,kaggle_moroccan_sentiment,mixed
3asla w thabel,positive,kaggle_moroccan_sentiment,mixed
Bravooooooo. Ya  sami  Rabi  betawfig  enchalla  💖💖💖💖,positive,kaggle_moroccan_sentiment,mixed
ماسط ياسر,negative,kaggle_moroccan_sentiment,mixed
احنا دابا مضاربين غي مع البصلة ومطيشة الله يرزقنا من فضله. شكرا اختي على الجولة,negative,huggingface_darija_reviews,Arabic
Bsara7a wa7dou Karim el gharbi,positive,kaggle_moroccan_sentiment,mixed
rak masset rak lasset,negative,kaggle_moroccan_sentiment,mixed
جعفر احسن ممثل بتونس,positive,kaggle_moroccan_sentiment,mixed
ماصت شويه,negative,kaggle_moroccan_sentiment,mixed
"ملا لكزة
Bjahrabi nahouh rahou miboun
mla 3bd :v
منااااااظرتفووووووه على التفاهات و التافهين
و وجودك انت مهزلة يا حيوان #مستويات
والله خسارة فيه كرسي مايا القصوري واحد لا يزي مسطك و زيد بيوع و جبان بش ما نقولش حاجات أخرى. وهف يهزو مرات نحسو موش تونسي
5iiiiiit gefach masta kan mchit salit 5irelek
Besla
راك ماااسط
وينو الماسط نوفل
بلاتو النفاق بامتياز
والله عيب على القناة ومقدم البرنامج.جايب واحد يرقص باش يحكم عللى السيد القاضي.يزينا عاد رانا فدّينا.الرجاء قراءة هذا التعليق
الله غالب مااااااااااااااصطا ماعندهاش القبول
العيب مش فيك في ابو صلعه لي جايبك حشمتونا قدام الاجانب جاب ربك لي ميفهموش تونسي برشا
khamej barcha
مكيش لا تاع فن لا تمثيل كون تشري فكرون تربيه خير
طحان كبييييييير
tfouh mella chleka
منافق
bda yemsat
كان التافه و خوه.
لا فلح لا في التمثيل لا و لا السياسة
rahdane ekbire
بيرم اناني برشا
لا تمثل المرأة التونسية وليست مثالا لنساء تونس
بدا یمساط تحسو یحب یضحك العباد بالسیف
massta
Mawatthech lbsa jmla
ماشي وتمساط وننصحك في الموسم القادم باش تجيب جديد ونوع شويا
Maaaast laaaasset !!!
Ma5ibou lonti ly 3mltou
mamestek ;(
Khiiiiittttttttttt 3lik, 9atletkom elghira wel ghazoul min lotfi
etfouhhhhhhhhhhhhhhhhhhhhhhhhhhhhhhh alikkkkkkkkkkkkkkkkkkkkkkkkkkkkkkkkkkk ya omasi5555555555555555555555555555
تافه جدا
Milla baslla
ملا كمشة همل تفوووووووو
الشيب والعيب
ما مسطو كرهنا من وجو ديما تجيبو  فيه
maseta barcha wthrbata fi roheha whiya 3moreha 100 wgoufa babourek zafer chef darek 5erlek memti
A333 cha3rou i9azzzezzz...ihebouh ken sgar hesb manchouf..yekhi clouun??
حسيبهم ربي في شهر فضيل يحكيو علي حكايات العهر والفساد
masettttt .. laseeeeet nakrhou pffffff
Waheed ya3tiih zouz kfouuuf idaw5ou pffffffff maasaa5
ماسط  لاسط. ........... و ماء سخون
marzen chekfa
Ya amine tab9a dima masset wdhyefek mastin w3elmanyin wsoueletek masta wd5alt di matahet ya jabri
Bara rawa7
Tawa hethi ghneya brabbi... pfff ya kafon fi9 naf7tek rehi taret.
منحط.منحط منحط منحط منحط منحط منحط
Aaaaaa33333 marakkou w mabslou
جبري بأتم معنى الكلمة ...وزيد معاه ريان يوسف. هوروزمون جاو فرد حلقة باش ما ترصيلناش نراتيو حلقتين
7al9a mta3 9ou7ab 3meltou 3ar ya twansa rakoum
L 3ib mech feha l 3ib fili istad3awha w mas5oulna wednina!!
mahouch fannen jemla mo5o zebla
Tfouhhh alik ya kelb
karakouz inyouz
bésla yeserrrr
والله العيب في تلفزاتنا اللي تجيبنا في هالاشكال هذي برجولية شيء يحشم
Mala mostawa w mala manta9 .. Famech 7ad Masset 9adouu .. Ya7kii 3laii daleji chneya 3maal kali howa 3mal 7aaja .. Ya7kii 3laii 2estiya2 je crois que ayssou menou .. C'est du bla bla blaaaa .. Il cherche le buzz pas plus
etfor5 wemsata yekleb
ماسط
شلايك
حيوان و قليل حياء و جاهل و عيب باش تنسبوه للثقافة
c pas possible mamstou
Massta
mast last
مفكر ماذا أيها الأبله
zeyd 9a7ba kbira t7eb tnayek  9bal el 3ers pffffffffffff
ربي يهلكم ممصتكم وممصت مسلسلاتكم شلايك
الفن بكلو مريض
انا مستغرب كيفاش ما طلعوش ليه قرون من كثرة الطحين والرخص
ملا حثالة مستدعيه ، قواد ولحاس ، طيح مستوى البرنامج ، ما هذا !!!!!! زبلة
اكبر حقير
Ya 5ouya mamstou
قناة الرذيلة و العهر
Brabiiii saybouh chakib war7mouh wenti ya amin rak kathartelha mamstik
mamstou ou mamset ghnayetou ou mamset 7wayjou t9oul fibelou brou7ou om kalthoum tounes ghana fel 7athra wimayel walleli charle aznavour nsit mamset esmou pfff ghaleb 3leya ou zid chouchouwet 5ayfin menou
انت شكون انت جبري انت فوزي بن ڨمرة..
tfouh 3la hal manather
يا قليييييييييل الادب
برشا نيفاق
شلايك
Maaaaassssttttttaaaaaaa
3amlet l3ar wallah 
الحوارالتونسي",negative,kaggle_moroccan_sentiment,mixed
لطفي بلادة هههه,negative,kaggle_moroccan_sentiment,mixed
خسارت الفلوس و العملة الصعبة.,negative,huggingface_darija_reviews,Arabic
"He sera7e mrith nafsaniyan ,walah mani fahem kifah 7atouh rais na9aba",negative,kaggle_moroccan_sentiment,mixed
ملا فصالة,negative,kaggle_moroccan_sentiment,mixed
فنانة,positive,kaggle_moroccan_sentiment,mixed
طيح سعدك و سعد أمك يا خامج تفوه عليك يا مسخ,negative,kaggle_moroccan_sentiment,mixed
Blada werkeka,negative,kaggle_moroccan_sentiment,mixed
Dalloula w 3assoula rabi yehmiha,positive,kaggle_moroccan_sentiment,mixed
مارق برش ..مريظ بلكلام,negative,kaggle_moroccan_sentiment,mixed
فيلم لا علاقة تضياع الوقت مفهمتش هادو اللي تيقولو زوين واش من نيتهم صدموني,negative,huggingface_darija_reviews,Arabic
الله يرحم والديك كيف رحمة اناس ربي اجازيك كل خير وربي يعتيك علا قد قلبك bravo,positive,kaggle_moroccan_sentiment,mixed
3lech ena 3ejbetni ! chab3a tho7k !,positive,kaggle_moroccan_sentiment,mixed
Momtaz,positive,kaggle_moroccan_sentiment,mixed
Tawa kif mech 3ajebkoum lwech tetfarjou fih wta7r9ou fi 3sabkoum mêla mounef9in,negative,kaggle_moroccan_sentiment,mixed
باين من حديثو سياسي ذيب و ميحصلش,negative,kaggle_moroccan_sentiment,mixed
Khiiiiit,negative,kaggle_moroccan_sentiment,mixed
Mabslou w mabldou w 9addech thamer w la3eb feha yefhem fi kol chay w weld errbat.na3mbou halfsala yammimti mabslou.sakroulou fommou pfffffffffffffffffffffffffffffffffffffffffff.go fuck ur self go fuck your self go fuck your self. Ya jarbou3 marznek n7eb narka7 fih belmochta w bel kaf .yammasa5 ya wej ellou7 3omrek makont fannen 7a99ek te5dem fi parking walla fel belvidaire cloon tfiiiiiiiiih 3lik,negative,kaggle_moroccan_sentiment,mixed
Cha3b mounafi9,negative,kaggle_moroccan_sentiment,mixed
خماج البلاطوات لحاسه القواده تجري في الدم,negative,kaggle_moroccan_sentiment,mixed
ما عجبتنيش,negative,kaggle_moroccan_sentiment,mixed
rajeeeeeel bravo walid :*,positive,kaggle_moroccan_sentiment,mixed
Malla khallat hyaa mostawa monhatt,negative,kaggle_moroccan_sentiment,mixed
mella mehezla nesem3ou feha kol youm winha el mou7esba,negative,kaggle_moroccan_sentiment,mixed
mnawra mahlek,positive,kaggle_moroccan_sentiment,mixed
Te3jebni  w nhebha baaarcha blhk rzina  w mt5alke  . t3jbni k mthle bravoooo,positive,kaggle_moroccan_sentiment,mixed
Malla malhit nakrih halmandhir fidam,negative,kaggle_moroccan_sentiment,mixed
نضال،تحدي و أمل بصراحة أكثر من رائعة سيدتي,positive,kaggle_moroccan_sentiment,mixed
برنامج واعر وناجح كيقيس نبض الفنان الحقيقي الفنان الصبور والخلوق ومن خلالو اكتاشفنا شحال من فنان لايليق بالفن,positive,huggingface_darija_reviews,Arabic
Tbarkala aalik ya rym zin w 3in w rzana ; mwaf9a nshalah :*,positive,kaggle_moroccan_sentiment,mixed
Mahlehom ezoz ye3jbouni,positive,kaggle_moroccan_sentiment,mixed
Brasmi a7sen ni3ma hiya l5wat fi dinia walh Ana 3andi 5oya ma m5alini na9es shay rabi y5alih w rabí y5alilkoum 5watkoum nass kol,positive,kaggle_moroccan_sentiment,mixed
kafon ya 8oul wassil ou  rabi i3ink yal5ou  Kafon <3,positive,kaggle_moroccan_sentiment,mixed
Machalah,positive,kaggle_moroccan_sentiment,mixed
مثال للمرأة التونسية,positive,kaggle_moroccan_sentiment,mixed
Sel3a kal5a,negative,kaggle_moroccan_sentiment,mixed
عري روحك و ولي فنانة و ممثلة و نجمة ستاااااار  بروا يعطيكم عاااار فوق عاااار  انشاء الله .   :(,negative,kaggle_moroccan_sentiment,mixed
ماسطين كيفك,negative,kaggle_moroccan_sentiment,mixed
Sahbi  tayer  rabi  y5alik w yostorek,positive,kaggle_moroccan_sentiment,mixed
"Fja3ni 
محلاها مرتك اله يحفضكم😊😍👍
ma7la zino ;)
9tltna dha7k .
cv southa 7low
Rajil mitroubi ou ikdim a3la rouhou
Bayouta ye mezyenaaaa tbarklh aalik tjrs jeune ma chère 😍
تبرك الله اعليها صوت حلو ومزيانة
راجل.ياوليد.انت.مثلتنا.احسن.تمثيل.برافو.وخروجك.احسن.ماتبقي.مع.الشلايك
معلم.
Mizyén
برافو عالمي
أحسن و أقوي قناة في تونس و أكثر ناس خادمة برافو واصلو و كيما يقولو عين الحسود فيها عود ...  Bravooooooooooo:*
منورة كلام الناس **
wajiha men a7sen el moumathlet fi tunis  w eni cha5siyan te3jebni barcha w n9olha ya3tik sa7a 3ali t9adim fih w inchalah men 7asan l a7sen :)
ديما متألقة بنجاحاتها  و  راح تكون ممثلة  مسرحية و تلفزية  كبيرة
lotfi momatel momtaz 3ale5r
فنّانة متكاملة ...صوت وأناقة ورشاقة وجمال...ان شاء الله ربّي يحفظها وان شاء الله تكمّل وتواصل النجاحات في مسيرتها الفنيّة
bravo jalloul
صوت روعة واصل امنة
راجل متثقف و واعي
Moumathla hayla  ta3rif tiadi dawrha
Raw3a
بلطي يا معلم إنشآء الله ديمة فالعلالي وربي يحميك
thabbbbel :*
ja3four dima nhebouk ma7lek
Bravo ki 9al lel 3arrafa manesm3ekch w mansad9ekch
Bravooo ena ye3jebni na3rfou f mosaique e
والله شكيب إنسان طيب ما احلاك اصلا كلام الناس بدون شكيب سامطة مع احتراماتي لآخرين وتحيا خاصة لتونس نموت عليكم بزاف والله
bravo la9ta 3alamiya
Ya wildi rak m3allim
Bel7a9 ja3far n7iib n9oliik kilmtiiiin a3miil il 5iiir w enseeeh"" w ""rabi ikathar mineek eneees""",positive,kaggle_moroccan_sentiment,mixed
mala bay5a bari ighilbi wijhek  mala bay5a!!lol,negative,kaggle_moroccan_sentiment,mixed
Mêla moustawayat monhata manather m9alba les deux nahdi w la wahid 5ir Mel la5er 5iiiiiita,negative,kaggle_moroccan_sentiment,mixed
la7as,negative,kaggle_moroccan_sentiment,mixed
راه مقطوع قلبت عليه حتى شحفت,neutral,huggingface_darija_reviews,Arabic
اداء ول اروع و اجمل,positive,huggingface_darija_reviews,Arabic
5555iiiiittttttt,negative,kaggle_moroccan_sentiment,mixed
مخيب وجه,negative,kaggle_moroccan_sentiment,mixed
حيوان في حديقة الحيوانات خوار التونسي,negative,kaggle_moroccan_sentiment,mixed
Walah nawfel wertrni we7dou,positive,kaggle_moroccan_sentiment,mixed
"أبدع البارحة في حصّة "" كلام النّاس """,positive,kaggle_moroccan_sentiment,mixed
ملا حيوان في الساعة يحكي ساعه و نص اسكت وهف يهزك,negative,kaggle_moroccan_sentiment,mixed
مااسقطو راجل توه الحبس تنحات منو الصبة والراقو مكذبك عندي احساس الا عدوه للدراقة هههه خرج يهتري بالحبس تي المهم لكلها لغة باش يكمل عروضو في الحبس,negative,kaggle_moroccan_sentiment,mixed
مااااااااا سط,negative,kaggle_moroccan_sentiment,mixed
كاين يلاه جبت باكية لبنتي شوفي ش بيم اخر ش مرات كيسالي ليهم,positive,huggingface_darija_reviews,Arabic
أي والله بكاتني برافو خديجة,positive,kaggle_moroccan_sentiment,mixed
Marzine mlayaktou,negative,kaggle_moroccan_sentiment,mixed
w howa famma a7la mel 5wet ;) :D ma7leh bayroum <3 *,positive,kaggle_moroccan_sentiment,mixed
M7lek fgouwn yessir t3jebni balti,positive,kaggle_moroccan_sentiment,mixed
Mala 9hba,negative,kaggle_moroccan_sentiment,mixed
chbih maset t7esou mayrkebech 3la ba3dhou 7ata fi mandhrou y3ayef wlh,negative,kaggle_moroccan_sentiment,mixed
التمثيل فاشل و في الكلام فاشل و الحوارات فاشل و في كل شيء فاشل,negative,kaggle_moroccan_sentiment,mixed
توا تأكدت أنو انت صفر و تافه و أبله و اهم حاجة انت قرد شمبنزي(حاشة خليقة الرحمان) هههه ..,negative,kaggle_moroccan_sentiment,mixed
منشط يستحق التشجيع,positive,kaggle_moroccan_sentiment,mixed
Formidable,positive,kaggle_moroccan_sentiment,mixed
جايبين مثلي مش راجل و المشكلة برشا موافقينو تفوه عالممارك الي يشجعو عالقباحة ما فاهم الوضع كان وليد التونسي,negative,kaggle_moroccan_sentiment,mixed
3alamiyaaaa,positive,kaggle_moroccan_sentiment,mixed
عيب تقلو علي سي الطاهر هكا هههههه تي والله عيب ..,negative,kaggle_moroccan_sentiment,mixed
طلعت منو ريحة البهامة !!,negative,kaggle_moroccan_sentiment,mixed
"من برا تجمعي 
مقزز..مقرف..",negative,kaggle_moroccan_sentiment,mixed
borjolia ta3jebni maya ki tabda to3bér :D,positive,kaggle_moroccan_sentiment,mixed
mi3llllllllmi,positive,kaggle_moroccan_sentiment,mixed
قتلاتهوم سامسونج عاوتاني 🔥🔥🔥🔥,positive,huggingface_darija_reviews,Arabic
mate3jbnich rim w louk mech mwatiha,negative,kaggle_moroccan_sentiment,mixed
"amine bsara7a ta9dim barnemej klem enness mahouch mwatik 5atrek masset barcha,,,,",negative,kaggle_moroccan_sentiment,mixed
احلى حسين ربي يحفظك و نشاله من حسن الى احسن بحبك مووووت,positive,kaggle_moroccan_sentiment,mixed
محلاك حتى كاننك عزوزة,positive,kaggle_moroccan_sentiment,mixed
Behya w n7ebha,positive,kaggle_moroccan_sentiment,mixed
بصراحة تعيّف و خاصة هاك كريم الغربي,negative,kaggle_moroccan_sentiment,mixed
اغلب المعلقين انانيين.اليس الاستراد والتصدير دكر في القرآن سورة قريش.لو كان عند الافا،قة ما يكفيهم لما استوردوا.حرام عليهم ولكن حلال علينا ان نستورد،من اسيا اوروبا امريكا.اتقوا الله غي البشر.اما هده الحادتة وقعو لان البلد،في انفلات امني,negative,hespress_manual_khalid,Arabic
M3alem ja3fer,positive,kaggle_moroccan_sentiment,mixed
Nakerheeeeeeeeeeeeék,negative,kaggle_moroccan_sentiment,mixed
rak maset rak laset w homani,negative,kaggle_moroccan_sentiment,mixed
Tahana,negative,kaggle_moroccan_sentiment,mixed
من أفضل البرامج.,positive,kaggle_moroccan_sentiment,mixed
"افففففف""",negative,kaggle_moroccan_sentiment,mixed
el7ob ♡,positive,kaggle_moroccan_sentiment,mixed
عسل ومحلاه احنا مازلنا ما تعودناش عليه اما برافوا امين,positive,kaggle_moroccan_sentiment,mixed
HTA ana 3andi had lmochkil fiha khososan fach katkon katnchef katderdk bzaf wkatkhrj mn blastha khasena nchdoha,negative,huggingface_darija_reviews,Arabizi
جلول رجل دولة و وطني ثابت على مواقفه و موقفه هذا نابع من حبه لتونس التي خربها امثال الرحموني الارهابي اللي كان جات الدنيا دنيا ما يمدش وجهه في حتى تلفزة ما ناقصنا كان نطلبوا السماح من الارهابيين عذرا على الازعاج لكم البلاد و ما شئتم نحن عسكر كردونة لعنة الله عليك يا رحموني و على كل ما خذل البلاد و امنها,positive,kaggle_moroccan_sentiment,mixed
thabeeeeeeeeeeeeeeel mazyenha,positive,kaggle_moroccan_sentiment,mixed
دابا متبعة معاه ديفرين وافقني,positive,huggingface_darija_reviews,Arabic
mate3jebnich bsaraha marga barcha ta3mali jayer efffffff,negative,kaggle_moroccan_sentiment,mixed
mech blastou 5atrou dammou s5oun wfisa3 yech3el wmaye9belech erayé elmou5alef,negative,kaggle_moroccan_sentiment,mixed
ra7mouni erhebi fi thaweb mouhami,negative,kaggle_moroccan_sentiment,mixed
هشام الخلصي ثقافة وهرة وأخلاق وخلق والله إنت اكبر فخرلتونس..طلعتلنا المورال برافووووو,positive,kaggle_moroccan_sentiment,mixed
مرزنووو و أمسط من حكة الطماطم بو رطل,negative,kaggle_moroccan_sentiment,mixed
mashalah,positive,kaggle_moroccan_sentiment,mixed
Nadiii⚡😎❤,positive,huggingface_darija_reviews,Arabizi
bravo :),positive,kaggle_moroccan_sentiment,mixed
Cheikh Allah ibareklek,positive,kaggle_moroccan_sentiment,mixed
nmout 3liha ma7la rou7ha 5fifa,positive,kaggle_moroccan_sentiment,mixed
راجل ومش في وجهك,positive,kaggle_moroccan_sentiment,mixed
Khouya ama hsane wax samsung.S22 ultra .wla iphone.14 pro,neutral,huggingface_darija_reviews,Arabizi
هذا حيوان وليس انسان حتى الشهادة ماشهدش .,negative,kaggle_moroccan_sentiment,mixed
نحيوا بوها الثقافة مادام هذا المنحط و امثالوا يحبوا يرتقيوا بيها و يمثلوها. لا يصلح الا قواد خلاه بوه الحنين ملقاش شكون يعطيه رضعتوا,negative,kaggle_moroccan_sentiment,mixed
Moche 3adi bravo,positive,kaggle_moroccan_sentiment,mixed
مراجعة رائعة بالتوفيق للمزيد من المنتوجات,positive,huggingface_darija_reviews,Arabic
رقاص و مش متربي. فنان قلوو تقعد وهف. ملا حثالة,negative,kaggle_moroccan_sentiment,mixed
إمرأة وعليها الكلام تعرف اش تقول و ما يوقفها حتى سؤال يعطيك الصحة,positive,kaggle_moroccan_sentiment,mixed
صوت روعههههههههه برافوووو اميمه انشالله بالتوفيق,positive,kaggle_moroccan_sentiment,mixed
a7san 7aja m3lemmmmmmmmmmmmmmm,positive,kaggle_moroccan_sentiment,mixed
Weld asel et  metrobi,positive,kaggle_moroccan_sentiment,mixed
ما نتفرجوش في ها الصنطوعة التافهة اخبارها الكل تاخذ فيها من الفايسنوك,negative,kaggle_moroccan_sentiment,mixed
مقداد مثال في الرداءة الفكرية و اللغوية ..,negative,kaggle_moroccan_sentiment,mixed
سلام وعليكم مدرتيش تجربة على الهاتف سامسونج جالكسي اس 23 الترا,neutral,huggingface_darija_reviews,Arabic
يا معلم برجولية جعفور يعجبني و موش نرمال و ربي عينى,positive,kaggle_moroccan_sentiment,mixed
5ouya rabi m3ak wasel w nchala rabi m3ak,positive,kaggle_moroccan_sentiment,mixed
ya lotfi ya m3alam a9wa koumidy fi tounes,positive,kaggle_moroccan_sentiment,mixed
يا ولدي راك معلم,positive,kaggle_moroccan_sentiment,mixed
موش نورمال جو أحلى و أقوى مسلسل و لي معجبوش ميتفرجش و أني نستنى باش نتفرج عليه,positive,kaggle_moroccan_sentiment,mixed
mella 7ala,negative,kaggle_moroccan_sentiment,mixed
A7sen comedien fi tounes (y),positive,kaggle_moroccan_sentiment,mixed
نقيب داعش في تونس,negative,kaggle_moroccan_sentiment,mixed
يعطيكم صحة,positive,huggingface_darija_reviews,Arabic
ملا هامل جبتوه,negative,kaggle_moroccan_sentiment,mixed
منتوجات رائعة,positive,huggingface_darija_reviews,Arabic
bayya chbik haka masta lasta w boudi 9rib tcharkou men ketfou w yaser walit madhrouba fi ro7ek,negative,kaggle_moroccan_sentiment,mixed
الزبالة انظف منه,negative,kaggle_moroccan_sentiment,mixed
7asilo ma7lek w ma7la klamek wallah sa7 lih elrajel eli bech ta5dho 9adech mezhar,positive,kaggle_moroccan_sentiment,mixed
هذيك راجل وخير من الاف راجل,positive,kaggle_moroccan_sentiment,mixed
"شكون الكاميرة لي مزيانة
واش ردمي نوت 9ت
أو سامسونج م22",neutral,huggingface_darija_reviews,Arabic
كانت لي تجربة سيئة في مطعم فدان على طريق مراكش.,positive,huggingface_darija_reviews,Arabic
Ma3azha,positive,kaggle_moroccan_sentiment,mixed
Hal9a tayara bravo,positive,kaggle_moroccan_sentiment,mixed
Masetttttttttttt,positive,kaggle_moroccan_sentiment,mixed
صوتك حلو كي تغني آما كي تتكلم قول لطفي بو شناق,positive,kaggle_moroccan_sentiment,mixed
تفوه عليك الحق في دوله مسلمه متحربش آفات كيما هادي,negative,kaggle_moroccan_sentiment,mixed
هذا ماشي مرطب راه مرمم,neutral,huggingface_darija_reviews,Arabic
Malla 9liiil  tarbya,negative,kaggle_moroccan_sentiment,mixed
ما يحترم حد و ما يقبلش الفدلكه كيفاه يجي فكاهي مش فاهمة,negative,kaggle_moroccan_sentiment,mixed
زوين لحد الساعة,positive,huggingface_darija_reviews,Arabic
Hhhhh a7la couple mouch normal ftou9 dho7ik,positive,kaggle_moroccan_sentiment,mixed
Malla 5alkaaaaaa,negative,kaggle_moroccan_sentiment,mixed
Makhyibha,negative,kaggle_moroccan_sentiment,mixed
Mra tounsia b2tam ma3na lklima,positive,kaggle_moroccan_sentiment,mixed
Ta7oun,negative,kaggle_moroccan_sentiment,mixed
رائعة و متألقة دائما ...,positive,kaggle_moroccan_sentiment,mixed
كراكوز,negative,kaggle_moroccan_sentiment,mixed
nmouuuuuuuuut 3laha,positive,kaggle_moroccan_sentiment,mixed
Ani9a yeeeeser,positive,kaggle_moroccan_sentiment,mixed
mekch rajil tejbed fil amwett fi chharr romdhan. na3llet allah alik..,negative,kaggle_moroccan_sentiment,mixed
M3alem hhhhhhh,positive,kaggle_moroccan_sentiment,mixed
عسسسسل اما في احلى صباح على موزايييك أحسن.,positive,kaggle_moroccan_sentiment,mixed
Masssssssssssta,negative,kaggle_moroccan_sentiment,mixed
خيييت مللا مناظر,negative,kaggle_moroccan_sentiment,mixed
"يا امين صلي على النبي قلو  ١٠٠٠٠٠تكفيريين في صفاقس""",positive,kaggle_moroccan_sentiment,mixed
"No akhty hadi machi creme hydratante kadar ghi mera mera ila kan wjhk 7mer ula la cire u la nachf bzf et makadarch wjah dohni
Ana knt khditha u B9it kndirha kul nhar khrj lia 7bub bzf htal après swlt 3ad fhamt",neutral,huggingface_darija_reviews,Arabizi
Ya3tiha essa7a iyeser 7lowa,positive,kaggle_moroccan_sentiment,mixed
Yeser cha9noussa,negative,kaggle_moroccan_sentiment,mixed
maaaaaaaaaaaaaaaaaaasit wou massakh wou mridh wou bhim wéssir,negative,kaggle_moroccan_sentiment,mixed
ﺗﻜﺴﺎﺏ ﻏﺮﺍﻡ ﺗﺮﺑﻴﺔ ﺗﻔﻜﺮ ﺭﻭﺣﻚ ﻧﻬﺎﺭ ﻟﻲ ﺗﻮﻗﻒ,negative,kaggle_moroccan_sentiment,mixed
يا اللّه هو في كده هه😍زين و تربية ❤,positive,kaggle_moroccan_sentiment,mixed
ما سط,negative,kaggle_moroccan_sentiment,mixed
Ya klebb ya 9afefa,negative,kaggle_moroccan_sentiment,mixed
ممثلة ناجحة,positive,kaggle_moroccan_sentiment,mixed
ستانس بطحين في عهد بن علي ومينجمش يبطل.,negative,kaggle_moroccan_sentiment,mixed
البنات أنا عندي بشرة جافة إليه ليا داك المرطب؟,neutral,huggingface_darija_reviews,Arabic
انشاء الله مبروك عليك بنت بلادي,positive,kaggle_moroccan_sentiment,mixed
TFOU 3ALIKOM TAW HETHI MOSELSLET  mte3 3eyla,negative,kaggle_moroccan_sentiment,mixed
مسكينة والله لا يزي ممثلة فاشلة و لا يزي تحل في فمها عل الرجال و تعطي في رايها في موضوع تافه كيفها و تدافع على كمشة مرضى كيفها تفوه عليك يا خامجة,negative,kaggle_moroccan_sentiment,mixed
هي قدوة للناس الكل و هي السبب الي خلاني نتوجه حقوق ... كم اعشق تلك المرأة التي تتحدى العالم لتثبت وجودها,positive,kaggle_moroccan_sentiment,mixed
ماسطة او ديما سخيف وجه كي زبي,negative,kaggle_moroccan_sentiment,mixed
Hafsa Chaouki ااه هو الى قديت تصبري ليه تايخرج دك الحبوب كامل لتحت جلد عاد امكن اعالجو ولا انا منقدرش نشوف الحبوب فوجهي ونبقى نستعملو شكون قال ايحيدهم من بعد هههه,positive,huggingface_darija_reviews,Arabic
وشكون بالسلامة والعافية اللي عنده القدرة يدفع 2000درهم لليلة مدة شهر …نصيحة سيدتي اختيارات الفيديو تكون على حسب الزبون المطلوب وهذا الفندق اظن هو فقط مهم للطبقة المترفة بالمغرب والتي لن تحتاج لفيديو على اليوتيوب…حاولي ان تجدي للطبقة المتوسطة اماكن باسعار معقولة ومتوسطة هنا تصبح قناتك لديها اهمية ومعنى,negative,huggingface_darija_reviews,Arabic
مسلسلتافه لممثلين تفه في قناة تافهة,negative,kaggle_moroccan_sentiment,mixed
M3aleeem 3jebnii klemou bsara7a,positive,kaggle_moroccan_sentiment,mixed
mamstek ti fiz,negative,kaggle_moroccan_sentiment,mixed
برشا قلة حيا ميجيش هاكا في شهر فضيل,negative,kaggle_moroccan_sentiment,mixed
yaaaser maset,negative,kaggle_moroccan_sentiment,mixed
برافو عليك خويا,positive,huggingface_darija_reviews,Arabic
يعتيك الف صحة يا سي جعفر علي برنامج (يد وحدة) واصل وربي معاك واحنا زادة,positive,kaggle_moroccan_sentiment,mixed
mahlana attounsaa wallah ...,positive,kaggle_moroccan_sentiment,mixed
خردوووقة,negative,kaggle_moroccan_sentiment,mixed
Ana nmout 3liha 3asoula,positive,kaggle_moroccan_sentiment,mixed
Manhebbouch,negative,kaggle_moroccan_sentiment,mixed
jawek a7la jaw,positive,kaggle_moroccan_sentiment,mixed
"كي تجي بيونة تمسطها 
سامي واتباعه مستوايات منحطة
mosmama testehel makyabha
Masta walet bsara7a
ماصطة لاصطة حتى شي توا يجيكم شكون اندمكم ع الضحك
الناس تفتن بيناتكم و انتي كي البهلول تصدق و تكلاشي",negative,kaggle_moroccan_sentiment,mixed
Marznou,negative,kaggle_moroccan_sentiment,mixed
Te3jebni.met5al9a w hedya w ta7founa,positive,kaggle_moroccan_sentiment,mixed
Mamstou mo9ded mabldou marakou il est graaaaaave 😡😡😡😡😡😡,negative,kaggle_moroccan_sentiment,mixed
حنان عسل,positive,kaggle_moroccan_sentiment,mixed
amset ma5lou9 fe denya :poop: :poop:,negative,kaggle_moroccan_sentiment,mixed
اعلام المجاري صنعتوا من الطحانة رجالا,negative,kaggle_moroccan_sentiment,mixed
Katheb,negative,kaggle_moroccan_sentiment,mixed
أمير يا معذبهم برافو ;),positive,kaggle_moroccan_sentiment,mixed
ta7an w miboun,negative,kaggle_moroccan_sentiment,mixed
mala fsala far5 ta7an,negative,kaggle_moroccan_sentiment,mixed
A7sen wzir bravo,positive,kaggle_moroccan_sentiment,mixed
Bravo braaaaaavo fawzi machalla alik,positive,kaggle_moroccan_sentiment,mixed
Ja3fer vraiment rabi ya3tik ala 9ad 9albek bravoooo ya m3alem rabi ywaf9ek,positive,kaggle_moroccan_sentiment,mixed
malla chleka jeybinha ou mouch menha zeda men heka lebhim elli jebha amine wejh chkara,negative,kaggle_moroccan_sentiment,mixed
bravo sami,positive,kaggle_moroccan_sentiment,mixed
مقداد ينقص في نسبة المشاهدة ماسط و زيد اصلع و قصير كيفاش يمد وجهوا في التلفزة,negative,kaggle_moroccan_sentiment,mixed
قناة داعرة,negative,kaggle_moroccan_sentiment,mixed
ma5yeb wejha w ma5yeb tha9afetha w tfiiih 3liha mel fou9 awel mara enra ennes tet3amed et9alle9 la3bed f dyarha nheb n9olha rani nakrhek loooool w ken ta3rathni f chara3 nebse9 3lik,negative,kaggle_moroccan_sentiment,mixed
يكب سعدك وسعد الي جابك,negative,kaggle_moroccan_sentiment,mixed
اكبر طحان بوجين في تونس,negative,kaggle_moroccan_sentiment,mixed
لا تفرجت في مكتوب ولا اولاد مفيدة  #قاطع و الرخ لا قناة الفساد  . رمضان شهر العبادة و انتوما وراكم لوبيات فساد تدعم في الفهري  . اليوم في جوهرة صحفية تدعو الاباء لعدم السماح لابناءهم بمشاهدة المسلسل خاطر  قلة الحياء و الحمد للله مازال فما شرفاء و مسلمين على قاعدة,negative,kaggle_moroccan_sentiment,mixed
howa wlhi masha2llah 3lih w sem7 barcha,positive,kaggle_moroccan_sentiment,mixed
"وجوه يوما إذن 
هذا الوزير الفاشل كلما تكلم ملأ الدنيا وشغل الناس بخطاب الفتنة والكذب وقلة التربية
نور شيبة البغل ...يسب في القاضي الرحموني ...زمن العهر
توحشتو تكميم الافواه وهزان القفة
مسخ و طحان
5sarteeek ya Tounes 3melna tharwa bech na7kou 3al chams !! w yji wa7ed zay hadha ynadhér 3alena ...
أنا شخصيا متفرجتش فيه و قناه الحوار التونسي ولات مهزلة و شئ احشم و مواضيعها تافهة و الله اسكروه و شوية و هدا من شكل معروف ازح فيق على روحك تعب أمك و بوك طيحتو في الماء ملا حالة لعباد اتقدم و احنا انوخرو
amir maaaaaaaaaaaaaaaaaaaaaaaaaaaaaaaasit 
مااااااااااااااااااااااااااااااااااااااااااارق
Masettttttttttt
و محلاها الساحة الفنية بودنك  ........",negative,kaggle_moroccan_sentiment,mixed
منحبوش ماسط وقبيح ويحترم حتى حد وموش متربي وعندوش اخلاق جله,negative,kaggle_moroccan_sentiment,mixed
التوصيل جميع المدن,neutral,huggingface_darija_reviews,Arabic
bsara7a jaw fih,positive,kaggle_moroccan_sentiment,mixed
a7sen men nawfel el werteni b 10000 marra,positive,kaggle_moroccan_sentiment,mixed
Masit lasit mayy itirr bihh ok badlouh,negative,kaggle_moroccan_sentiment,mixed
ماسط وبليد ركيك وًرهدان,negative,kaggle_moroccan_sentiment,mixed
قناة الفتنة,negative,kaggle_moroccan_sentiment,mixed
Behi ama 3andou chwaya msata,negative,kaggle_moroccan_sentiment,mixed
k2rhym rak m3allm welli ye7kou 3lik lkol 8ayrin menk w8na touns  mta3 s8ar wasel ya m3allm wenchallah rappeurat touns iwallou kifk #Brins_rak,positive,kaggle_moroccan_sentiment,mixed
قناة الدعارة تبا لكم ............,negative,kaggle_moroccan_sentiment,mixed
في عالم المقاضاة تكون أحيانا هناك تفاصيل استراتيجية وراء التأخر في إيداع الملف إلى أقصى تاريخ ممكن حتى آخر يوم من الأجل القانوني المحدد. هذه الأمور يعرفها المحامون وغيرهم من القانونيين.قد أتصور في هذه الحالة أن المراد وراء هذا التأخير هو ألا تحسم الطاس في هذه القضية قبل بداية المونديال وذلك سيكون إيجابيا بالنسبة للمنتخب المغربي الذي سيذهب للمنافسة العالمية مرفوع المعنويات كبطل إفريقيا على الأقل طبقا لآخر قرار محكمة الكاف. بينما المنتخب السنيغالي فسيذهب للمونديال بمعنويات محطمة بصفته معاقب ونزعت منه بطولة إفريقيا وزد على ذلك أنه لا يعرف ماينتظره من محكمة الطاس.إذن يبدو أن الجامعة لها فريق قانوني محنك ويعرف جيدا ماذا يفعل. برافو,neutral,hespress_manual_khalid,Arabic
عبد الفتاح مورو الوحيد اللي في حزب النهضة كلاموا منطقي و معقول,positive,kaggle_moroccan_sentiment,mixed
والله لا تجي شيء متفهك و ممستك عبد !!!,negative,kaggle_moroccan_sentiment,mixed
الكبير كبير,positive,kaggle_moroccan_sentiment,mixed
انا عندي كنستعملوا يوميا غير ماتقليش عليه,positive,huggingface_darija_reviews,Arabic
إنسان مثقف و واعي و يعرف آش !!!إقول براڤوا و ربي معاه,positive,kaggle_moroccan_sentiment,mixed
Bravo TAwfik,positive,kaggle_moroccan_sentiment,mixed
من زينة النساء التونسيات :d,positive,kaggle_moroccan_sentiment,mixed
m'3allem,positive,kaggle_moroccan_sentiment,mixed
Jarbou3e,negative,kaggle_moroccan_sentiment,mixed
"3jebni walid kif dafa3 3la Ahmed fi ghaybo,bravo",positive,kaggle_moroccan_sentiment,mixed
لاأدعو إلى مقاطعة هاته القناة فقط إنما جميع قنواتنا فيها نفس السموم من إشاعة الفاحشة و الرذيلة والإلحاد والكفر في بعض الأحيان فاتقوا الله في دينكم وإولادكم وأزواجكم وأمهاتكم . أيعقل من مسلم أن يترك هاته السموم في منزله ؟؟ والله الذي لا إله إلا هو سيسأل كل منا  .أسأل الله الهداية لي ولكم,negative,kaggle_moroccan_sentiment,mixed
7al9a behia bravo semi fehri,positive,kaggle_moroccan_sentiment,mixed
ما شاء الله ربي يعطيك الصحة تحياتي لك أختي الكريمة,positive,kaggle_moroccan_sentiment,mixed
Ja3four wa7dek fi jaw,positive,kaggle_moroccan_sentiment,mixed
يضحك ياسامي برفو برفو,positive,kaggle_moroccan_sentiment,mixed
batal kouya Rajjel w Sid rjel bravo Lkol me 9olt  brabi سلام مسيو fahmou 9adrou  3malhom,positive,kaggle_moroccan_sentiment,mixed
Ey ey 3ejbetni 7lowa lfaza hhhhhh,positive,kaggle_moroccan_sentiment,mixed
ماقالوش انت قليل حياء قلو هاذي قلة حياء,negative,kaggle_moroccan_sentiment,mixed
حلقة اليلة ماسطة من غير شكيب,negative,kaggle_moroccan_sentiment,mixed
هكهههههه احسن فندق في العالم 😂😂😂😂😂,positive,huggingface_darija_reviews,Arabic
غدا غادي نمشي ليه ندوز واحد شهر فيه أنا ولادي عجبني بزاف  ههه عضاحكة مالي طايحة على راسي والله يكون عندي الزايد حتى نمشي الأقرب مستشفى نصدقهم ومنمشيش نهضرهم هكاك حرام  اصلا نمشي لبحر راه غير فابور وناهد طحين في احسن مطعم ويطلع ليك انهار بأقل تكلفة,negative,huggingface_darija_reviews,Arabic
It3adi ro7ha,positive,kaggle_moroccan_sentiment,mixed
سذاجة,negative,kaggle_moroccan_sentiment,mixed
M7lak ya amin 5amsa wo5mis 3lik,positive,kaggle_moroccan_sentiment,mixed
احلى تنائي,positive,kaggle_moroccan_sentiment,mixed
Wajiha mon amour <3,positive,kaggle_moroccan_sentiment,mixed
انا نحبها كوثر بلحاج تعجبني اما في شوفلي حل 😜😜,positive,kaggle_moroccan_sentiment,mixed
تونس غارفة بالفقر و البطالة و الحرقة و السرقة و هذا جاي يحكي على شذوذو ..برى يعيش ولدي انت حر في بدنك,negative,kaggle_moroccan_sentiment,mixed
برافو..كلامك عجبني,positive,kaggle_moroccan_sentiment,mixed
Malla mantak 3andou hedha Ahmed landolsi klem ma yetkalech fi TV w ness tetfarej chnowa hedha? Chneya l émission hedhi ? ........,negative,kaggle_moroccan_sentiment,mixed
mahezla :/ ba9atlou 8ousa fi 9albou #lotfi :v,negative,kaggle_moroccan_sentiment,mixed
لا يليق بهذا البرنامج,negative,kaggle_moroccan_sentiment,mixed
Fanana mouthakfa w t3ejebni ale3ker,positive,kaggle_moroccan_sentiment,mixed
مواضيع العالم الثالث. العام لي جا يلقى هاد البلاد فبلاصتها ما كتحركش.,negative,hespress_manual_khalid,Arabic
Ya 5ouya mamstou,negative,kaggle_moroccan_sentiment,mixed
CHAY YA3MEL EL 3AAAAAAAR,negative,kaggle_moroccan_sentiment,mixed
maaaleeem <3,positive,kaggle_moroccan_sentiment,mixed
عيب على البرنامج هذا اللي يجيب فيهم و يعطيهم حق الرد والله مش معقول,negative,kaggle_moroccan_sentiment,mixed
سي جلول يعطيك ألف صحة و ربي يبارك فيك وكأنك شرهة في شباب باش يزيد يقرأ أكثر,positive,kaggle_moroccan_sentiment,mixed
أحلا نقشه,positive,kaggle_moroccan_sentiment,mixed
مخيبو و مخيب راسو,negative,kaggle_moroccan_sentiment,mixed
Tfouuuuuuuuuuh 3la 5majkom,negative,kaggle_moroccan_sentiment,mixed
Massssssset ale5r,negative,kaggle_moroccan_sentiment,mixed
توفيق الغربي فاشل و عمرو ما نجح في حتي عمل مسرحي و قلبو أسود على النهضة خاترو تجمعّي بإمتياز,negative,kaggle_moroccan_sentiment,mixed
Wahdek ya semi barcha ighirou menek bravo,positive,kaggle_moroccan_sentiment,mixed
يا ميمتي ممسطوا,negative,kaggle_moroccan_sentiment,mixed
Tfooooooohhhh,negative,kaggle_moroccan_sentiment,mixed
اووووه قداش معيوه و ماسط و خامج,negative,kaggle_moroccan_sentiment,mixed
. تونس برجالها ربي يحميكم,positive,kaggle_moroccan_sentiment,mixed
امين قارة احسن اعلامي في تونس متربي خدام وزيد ضامر ربي يوفق وان شاء الله من حسن الى أحسن,positive,kaggle_moroccan_sentiment,mixed
Mbghitx nsdmkom wlkin kntbkndirha glia tbib hdik dyl lguzima sdmni,neutral,huggingface_darija_reviews,Arabizi
Bravooooooooooo,positive,kaggle_moroccan_sentiment,mixed
mamsathom ya latif w haka l jomhour li yadh7ak lezmou 7ar9 be nar,negative,kaggle_moroccan_sentiment,mixed
tabarkalh 3lih,positive,kaggle_moroccan_sentiment,mixed
علاش حاطين نوفل الورتاني مامصطو ومتفهو !! تي رجعولنا نزار ولا علاء و سيب علينا من راس الروكبا  هذا!! بففففففففففف كنت نعمل عليها كيف كلام الناس فسدتوها والله,negative,kaggle_moroccan_sentiment,mixed
Ti bari raw7i,negative,kaggle_moroccan_sentiment,mixed
Mahle7a waw,positive,kaggle_moroccan_sentiment,mixed
Ma5ybou w marzin 3osou pfff,negative,kaggle_moroccan_sentiment,mixed
امثال الرحموني من الحقوقيين السخفاء البهايم نثل سامية عبو و راجلها حقهم الاعدام،ماهلكاها لبلاد كان هوم,negative,kaggle_moroccan_sentiment,mixed
3saaaaaaal ya hanene,positive,kaggle_moroccan_sentiment,mixed
"الحق مش في هو الحق في الجابو""",negative,kaggle_moroccan_sentiment,mixed
Massset laset pifff,negative,kaggle_moroccan_sentiment,mixed
امسط منهم ماريتش العربي و كريم و زعيمهم نوفل,negative,kaggle_moroccan_sentiment,mixed
Fadoua Ail واش يصلاح لبشرة ذهنية اختي,neutral,huggingface_darija_reviews,Arabic
زمن الدنيا بالمقلوب وزير التربية وهو قليل التربية,negative,kaggle_moroccan_sentiment,mixed
صوتها ياسر خشين مفيهاش لفيانة,negative,kaggle_moroccan_sentiment,mixed
يا وخياني هل الكلب الحيوان الديوث كان نشدوا 👹👊👊👊👋👋👋👋👋👋👋👋👋🔫🔫🔫🔫🔫🔫💣💣💣💣💣💣,negative,kaggle_moroccan_sentiment,mixed
La9ta hlouwa,positive,kaggle_moroccan_sentiment,mixed
"bravoooooooooooooooo , :)",positive,kaggle_moroccan_sentiment,mixed
مازلتو يا اعلام الماخور تمضغو و تعاودو في لوبانة الملاهط و هلاشكال المسخة راكم فضحتونا و ضحكتو علينا الي يسوا و ما يسواش يا طحانة ينعل بوكم و بو قناتكم وبو تونس معاكم و الحمد لله علي نعمة الغربة,negative,kaggle_moroccan_sentiment,mixed
الكورميطات تيبانو كبار في الايف ملي تيوثلو لينا تيكونو رقاق وصغار . تيعملو اليوم باش يبانو كبار والله انكم غشاشين,negative,huggingface_darija_reviews,Arabic
لعنة الله عليك انت و طحان فل الباج متعك,negative,kaggle_moroccan_sentiment,mixed
يا....كلب💪💪💪💪💪💪💪💪💪💪,negative,kaggle_moroccan_sentiment,mixed
مـــــاسططططططططط,negative,kaggle_moroccan_sentiment,mixed
مهم واخا كاع يكون زوين غي تقطعيه يرجع وجهك كيف كان اذن مضيع الفلوس,negative,huggingface_darija_reviews,Arabic
أنت يا طاهر بن حسين حمار حيحا حيحا نقص من نهيق موش بهيلك,negative,kaggle_moroccan_sentiment,mixed
"مزين
Ja3four m3alem
برافووو وليد ربي يحفطك
مرا تونسية و عليها الكلام  زينة يا بنت القمح و بنت الشعير ما احلاك خليييييك هكاكا ❤️❤️❤️
معلم
Mash'Allah 3lliha , rabbi ysoun w yberik :*
من الممثلين اللي بداو يتفقدو في تونس و صعيب تجي وحده كيفها :/
من حسن الى احسن",positive,kaggle_moroccan_sentiment,mixed
Ma7lak 3aicha bou zinek,positive,kaggle_moroccan_sentiment,mixed
عزوزة كان رجعت لربي خير مسرحية كلها غشت .....,negative,kaggle_moroccan_sentiment,mixed
ya3tiha ysaha,positive,kaggle_moroccan_sentiment,mixed
كيفو كيف بلاش وبلاش بيه خير نهضاوي,negative,kaggle_moroccan_sentiment,mixed
<3 <3 ma7lehaaa,positive,kaggle_moroccan_sentiment,mixed
Ama mouch hlow 3aylet rana nitfarjou un peu de respect,negative,kaggle_moroccan_sentiment,mixed
al kileb kileb wa aloosoudou asoudou,negative,kaggle_moroccan_sentiment,mixed
انسان متربي و مخو نظيف موش كيف الفرطاس نوفل حتى بلادتو مستحبة وباش يولي برنامج عائلي,positive,kaggle_moroccan_sentiment,mixed
Amin mahleek w mahlaa ake dha7ka  :-*,negative,kaggle_moroccan_sentiment,mixed
اه يبلد ارخص ما فيكي حاميكي يا ارهابي ادافع علي الي قتلو ولادنا ورجالنا في اشعانبي انتي وامثالك عار علي القضائ,negative,kaggle_moroccan_sentiment,mixed
Te3jebni Mra wa3leha leklem 👌👍,positive,kaggle_moroccan_sentiment,mixed
Metroubi w ye3jbni ye5dem barcha w ma ye7kich barch 3akes  barcha rabet rabi m3ah,positive,kaggle_moroccan_sentiment,mixed
عسل يا زهرة,positive,kaggle_moroccan_sentiment,mixed
انا بائع و قد اشتريت الفاخر ديال الليمون جملة ب 14 درهم في نظركم بكم سأبيعه وارى هنا أن هذا الثمن اللذي قلته مجرد حكاية و احلام منكم,negative,hespress_manual_khalid,Arabic
ماشي مرطب هو مرمم للبشرة المتضررة و الا استخدمتوه بحال المرطب غادي يدير الحبوب خصوصا البشرة الدهنية و المختلطة,neutral,huggingface_darija_reviews,Arabic
شكون ليمجربها واش زوينة وكاتخرج لحوايج,neutral,huggingface_darija_reviews,Arabic
Malla niveau!! Zeyed 7outhela jad 3lih eli hoa fanen?!!,negative,kaggle_moroccan_sentiment,mixed
Tefehet,negative,kaggle_moroccan_sentiment,mixed
لعنة الله عليك,negative,kaggle_moroccan_sentiment,mixed
Rhout,negative,kaggle_moroccan_sentiment,mixed
ehsen ma3mel,positive,kaggle_moroccan_sentiment,mixed
يا وليد يعطيك ألف صحة الي لازم يتقال قلتو كفيت و وافيت برافو,positive,kaggle_moroccan_sentiment,mixed
ممثلة متمكنة حظ موفق ✌❤,positive,kaggle_moroccan_sentiment,mixed
Mahleeeeeekom,positive,kaggle_moroccan_sentiment,mixed
توفيق الغربي عجبتني,positive,kaggle_moroccan_sentiment,mixed
الانسان هذا بلييبيييد,negative,kaggle_moroccan_sentiment,mixed
"بففففف""",negative,kaggle_moroccan_sentiment,mixed
Ma7leha n7ebha barchaa ❤❤,positive,kaggle_moroccan_sentiment,mixed
Ghadi ykhrj lik 3la wjhk akhti nasi7a la,negative,huggingface_darija_reviews,Arabizi
مشالله,positive,kaggle_moroccan_sentiment,mixed
ماشي هذا الثمن ديالو فأمريكا. للأسف فالمغرب أثمنة خيالية. بالنسبة الأيفون 14 أو 14+ مزال عندهم النوتش أو المعالج A15 ديال أيفون13. المعالج الجديد فقط لبرو أو لبرو ماكس,negative,huggingface_darija_reviews,Arabic
Chkon hal 9erd hatha,negative,kaggle_moroccan_sentiment,mixed
"S22+ 45 watt fast charge, machi bhal s22 👍",positive,huggingface_darija_reviews,Arabizi
المعلم,positive,kaggle_moroccan_sentiment,mixed
9ilet torbya ma yjiich menno f romthan,negative,kaggle_moroccan_sentiment,mixed
تافهة ومغرورة وجحشة فاهمة الحرية بلغالط مسكينة,negative,kaggle_moroccan_sentiment,mixed
M3alem waliiid rajeel,positive,kaggle_moroccan_sentiment,mixed
tbarkallah 3lik khalit enas ta3rfek wasel rabi m3ak,positive,kaggle_moroccan_sentiment,mixed
وليد معلم,positive,kaggle_moroccan_sentiment,mixed
Me7leha le5wat heka bel7a9,positive,kaggle_moroccan_sentiment,mixed
ما نحملهاش دمها رزين على قلبي,negative,kaggle_moroccan_sentiment,mixed
جميع جليلبات روعة الله يعطي الصحة الصانعين الذين يعملون باتقان,positive,huggingface_darija_reviews,Arabic
nahdhaoui masakh,negative,kaggle_moroccan_sentiment,mixed
اه شريتو من بيم وطيبت بيه تينفع والله,positive,huggingface_darija_reviews,Arabic
Mamestek,negative,kaggle_moroccan_sentiment,mixed
توتو يا معلم !,positive,kaggle_moroccan_sentiment,mixed
ياسي عبد الحميد راك باهي و ناجح,positive,kaggle_moroccan_sentiment,mixed
Jarbou3 kalb tfoooh,negative,kaggle_moroccan_sentiment,mixed
moumathla tbarkalah 3liha wmen a7sen moumathlet bravo wajiha,positive,kaggle_moroccan_sentiment,mixed
أنت عنوان المساطة,negative,kaggle_moroccan_sentiment,mixed
كله مناظرمقلبه,negative,kaggle_moroccan_sentiment,mixed
برافو عليك بدر,positive,kaggle_moroccan_sentiment,mixed
Hahahhah yokteeelll b dhooohkk ❤,positive,kaggle_moroccan_sentiment,mixed
tyarraaa inmout i3leha,positive,kaggle_moroccan_sentiment,mixed
وجيهة تبقى تبقى دائما وجيهة,positive,kaggle_moroccan_sentiment,mixed
شايب التركينة .. النحس,negative,kaggle_moroccan_sentiment,mixed
بربي نهار جيب أختك القحبة يا راس لبصل، خلي نضحكو عليها شوي,negative,kaggle_moroccan_sentiment,mixed
محلاك يا ريم,positive,kaggle_moroccan_sentiment,mixed
Rake masete rake lasta,negative,kaggle_moroccan_sentiment,mixed
"بصراحة برامج""الحوار التونسي""فدينا منهم لكلهم ترهدين و تنوفيق",negative,kaggle_moroccan_sentiment,mixed
حصيلوا حتي كان يحطوها في عسل  تقعد ماسطة لاسطة,negative,kaggle_moroccan_sentiment,mixed
عندك كريزمة و وهرة يا وجيهة الحسيلو الحوت عليك,positive,kaggle_moroccan_sentiment,mixed
3amletli esdid fi rasi tga3di wahef ekbsi ro7ek chway pfffffffffff,negative,kaggle_moroccan_sentiment,mixed
Bravo 😘,positive,kaggle_moroccan_sentiment,mixed
7ram 3likom. 7okoma dalma,negative,kaggle_moroccan_sentiment,mixed
قدّاش تافه تافه تافه مسطلها بالتفاهة وقلّة الحياء,negative,kaggle_moroccan_sentiment,mixed
Tefaaah kif samiii fehriii 9anet l7imar tounsi,negative,kaggle_moroccan_sentiment,mixed
"عندو ""30 ""سنة خدمة في المسرح شكون يقلي اسم مسرحية واحدة شدت انتباه اي مواطن تونسي بصراحة لا يمتّ للفن بصلة
mala klochar masa5 tfih 3la ha erahet
Mala sel3a ? Hhhh
عار عليك يا تونس تجيب في رجال ما همش في المكان المناسب فرده ولقات اءختها ومحسن مرزوق يستنجد بصورة بورقيبه يكب سعد العار ردوا بالكم يا توانسه راه منوم كلامك يا هاذا في النافخات زمرا اءحذرو هاذ البلعوط لا يهمه في تونس شيءا
maset
لا حولة و لا قوة إلا بالله
قحبة و أكيد ميبونة لا شك في هذا
لطفى لعمارى اكبر متطرف يسارى
Kadech masssset wbassel amine
يوسف الزنديق........................ عدك بش تقوللنا مش لازم تصليو جملة ،شياب جهنم إنت و طالبي الله لا تربحكم
Barcha khmaj
Makhybou dawrha mawetethech cherira jmla
كلب كبير
Tfouuuuuuuuuuuh..3lik..wa3la..sami fehri....nik omkimmmmm zouuuuuuuuuuuz!!!!!!????????
امسط منو ما ريتش نبدا نتفرج قلش عليه واحد يكسرلي في كرايمي احفظو ماء الوجه و يزي من نسيبتي العزيزة ااسنا و ستوب هو الحق في المواسم الاولى كان يضحك اما توا يوتر الاعصاب كان الصياح لا يزي الواحد عايش في استراس زيد يشق فطرو على العياط
قمة عار انوا ناقشوا في موضوع محرم في دين اسلامي نهى عليه القران والله شي اسف
ملّا غبي
Masta mas5éfha mech à ce point 3aaad !! -_-
زايد ما ينكر في أصلو كان الكلب
Mamsethom el kol
بدات فلة تخلط ...المصيبة صوت راءع لكن ماتعرفش تتكلم ....حشمت والله
PfffffffFfffff mamstek w marekek  e555555it
تجمعي ماسط
واحد ساقط وطحان وكذاب
Yaser masta bsaraha
Mastaaa
mla chleka
Masssssettt
Mastaaa bsaraha
شلاكة معفطة
Menzli jabri  jzar l7ouma pfff
قناة وسخة ...اتا ديما نتفرج في قناتكم ...اما البارح تاكدت انها قناة قذرة
ma3jbnich
manel amara mahzla vraiment!!
Dharbetou fi rou7aa w hya matji chay en plus sfe9sia donc metestehelch ereb7
Aha ya masa5 ya mak7out ken jit fiblast walid bileh la3dhim maneklik bsinaya ya mal9out >.< tfouh 3lik tfouh
ماسط  لاسط  و تافه
ماااااااسط
mamstou  w m3ndachi a5la9 w mtkber yaser :(
Z3im kan fi logha
Ma3jbtnich 7al9et el ber7
Ye5i fama fi he denya amset men heda nawfel werteni
Oooofffff mamsto
أفسد صورة البرنامج. نهضاوي منافق.يسطاد في الماء العكر. يا حسرة  على مايا   شتان بين الثرى والثريا.
 أمسط و أسقط و أتفه و أحقر و أنذل عباد ربي",negative,kaggle_moroccan_sentiment,mixed
مارق برشة و لكزة,negative,kaggle_moroccan_sentiment,mixed
مبروك عليها انشاء الله,positive,kaggle_moroccan_sentiment,mixed
"قليل الحياه  و كلب و طحن هرب خاطر الرحموني يكشف في الارهاب السياسي و الامني ما عجبتكمش الحقيقة يا اعلام الزبالة و يا شعب يا رخيص و تموت كان على شكون ينيك بلعصا 
برشاا قلة حيا و قلة تربيه
مااااااااسط بففففغففف
أمين قارة يا فاشل
اكثر إنسان مضروب في روحوا
حيوااااان
 اتفوووووه عايك و عاى اللي يفرج فيكم",negative,kaggle_moroccan_sentiment,mixed
Oustri rou7ek ya baya rak 3malt el 3ar mara mini w mara m3arya ktefha rabi yehdik,negative,kaggle_moroccan_sentiment,mixed
أعز و أحلى و أحسن ممثل قداش يعجبني و يضحكني برافوا لطفي :*,positive,kaggle_moroccan_sentiment,mixed
Ma7lek yeser metrobi  el feyda fe torbiya mech fel mathaher wyeziw mel 8ira tbarkala 3lih 7liltou,positive,kaggle_moroccan_sentiment,mixed
وحدك في لوهرة يا زورو,positive,kaggle_moroccan_sentiment,mixed
مفماش واحد قليل تربية قدك,negative,kaggle_moroccan_sentiment,mixed
Mashi shi haja 3aaadi mabanli hta far9 f wjhi,negative,huggingface_darija_reviews,Arabizi
ja3foure ya ma3lime rabi em3k w waf9ik enta ensne ra3n bravo,positive,kaggle_moroccan_sentiment,mixed
عنده الحق و بلادنا ضايعة من قبل و زادت توا باسم الديمقراطية,positive,kaggle_moroccan_sentiment,mixed
as9et 5al9 rabi la3nt allah 3lliiikk,negative,kaggle_moroccan_sentiment,mixed
ديمة منور امين بوجود (:,positive,kaggle_moroccan_sentiment,mixed
Pfff mamstek😠😈,negative,kaggle_moroccan_sentiment,mixed
محلاها ومحلا صوتها تعجبني,positive,kaggle_moroccan_sentiment,mixed
Hhhh wahdek karim,positive,kaggle_moroccan_sentiment,mixed
Chnkrho hal mandher 5iiiiiiiiiiiiiiiiiit 3lih,negative,kaggle_moroccan_sentiment,mixed
Mallla chlaka..,negative,kaggle_moroccan_sentiment,mixed
برشا دعارة,negative,kaggle_moroccan_sentiment,mixed
Hlouwa barchaaaaa,positive,kaggle_moroccan_sentiment,mixed
Ahla star fi tounis,positive,kaggle_moroccan_sentiment,mixed
تبارك الله عليك يا نور وحدك و زايد معاك,positive,kaggle_moroccan_sentiment,mixed
La bravo mariem raw3a fi tamthil,positive,kaggle_moroccan_sentiment,mixed
a3az waziir chouftou  bravoo,positive,kaggle_moroccan_sentiment,mixed
Mastaaaaaa,negative,kaggle_moroccan_sentiment,mixed
خيه ملا تخلف يا ربي هزهم و رتحنا منهم منافقين و عملا كفار,negative,kaggle_moroccan_sentiment,mixed
خييييييييييييت.....,negative,kaggle_moroccan_sentiment,mixed
انسان فاشل و ممثل فاشل و تافه مستوى قفة و تلحيس المستقبلو الوحيد الشد الحبس وحدو و رتحنا من وجهو,negative,kaggle_moroccan_sentiment,mixed
بلطي أكبر مغني راب تونسي محبوب في دزاير ....لوكان يسمع مقداد السهيلي لغناية تاع عربي في باري يديك تشارع في لاهاي,positive,kaggle_moroccan_sentiment,mixed
me3lem badar,positive,kaggle_moroccan_sentiment,mixed
Malla chleka!!!!,negative,kaggle_moroccan_sentiment,mixed
Mahlek wajiha je t'aime,positive,kaggle_moroccan_sentiment,mixed
ربي يهلكم يافساق,negative,kaggle_moroccan_sentiment,mixed
غرغر يا غراب,negative,kaggle_moroccan_sentiment,mixed
كلشي زوين واتمنة مناسبة كلشي يلبس,positive,huggingface_darija_reviews,Arabic
Hal9et lyoum masttaaa bar ha bsarraha,negative,kaggle_moroccan_sentiment,mixed
حيوان و قليل حياء و جاهل و عيب باش تنسبوه للثقافة,negative,kaggle_moroccan_sentiment,mixed
سمحة ياسر,positive,kaggle_moroccan_sentiment,mixed
اتفوه,negative,kaggle_moroccan_sentiment,mixed
7lawa barcha  <3 :*,positive,kaggle_moroccan_sentiment,mixed
Bravo layla chebi 3tat rayha fi el vidéo bsaraha,positive,kaggle_moroccan_sentiment,mixed
توجع الرأس,negative,kaggle_moroccan_sentiment,mixed
hhhhhhhh 3alamiiya b saraha <3 <3,positive,kaggle_moroccan_sentiment,mixed
ربي معاها  و انشالله  ربي يحمييها .,positive,kaggle_moroccan_sentiment,mixed
بربي نقص من ظهورك في التلافز,negative,kaggle_moroccan_sentiment,mixed
بصراحة bravoooo,positive,kaggle_moroccan_sentiment,mixed
vat mo9ded ya massittt ya 9adida pffff mamstikkk,negative,kaggle_moroccan_sentiment,mixed
برافو لهذا العمل والإنجاز الرائع,positive,kaggle_moroccan_sentiment,mixed
أحسن سلسلة,positive,huggingface_darija_reviews,Arabic
ma7lekom bravo,positive,kaggle_moroccan_sentiment,mixed
مامسطها,negative,kaggle_moroccan_sentiment,mixed
Bravo bon travail,positive,kaggle_moroccan_sentiment,mixed
Bravooo samii,positive,kaggle_moroccan_sentiment,mixed
Bravo walid inti m3alim,positive,kaggle_moroccan_sentiment,mixed
هبلهم بالاحمر و الابيض و الازرق ... وحدك في الوهرة جعفور :*  الانسان الوحيد الي قعد يفرهدلنا على قلوبنا مبعد موت سفيان الشعري الله يرحموا 💞👌,positive,kaggle_moroccan_sentiment,mixed
ما شاء الله عليكم الف مبروووووووك,positive,kaggle_moroccan_sentiment,mixed
كل يوم يزداد إحترامي لهذا الشخص، أرجوكم تعلموا منه فمن الصعب أن يأتي الزمان بشخص مثله,positive,kaggle_moroccan_sentiment,mixed
oui ma7leha,positive,kaggle_moroccan_sentiment,mixed
allahou akbar 3ala hazzine tabarakallah 3liha,positive,kaggle_moroccan_sentiment,mixed
Mouch normal ya sami bravo,positive,kaggle_moroccan_sentiment,mixed
راس المنصبة,negative,kaggle_moroccan_sentiment,mixed
Ma7la zinek wjiha jandobi binseba liy akber momotala fi tuinis bz,positive,kaggle_moroccan_sentiment,mixed
Bnjjjr Ya 3asel,positive,kaggle_moroccan_sentiment,mixed
والله خسارة فيهم كلمة عالم هو ومحمد الطالب اكبر جاهلين رايتهم في حياتي والله هذان الشخصان عار على تونس,negative,kaggle_moroccan_sentiment,mixed
الشيخ الرهدان,negative,kaggle_moroccan_sentiment,mixed
ماسسسسسطططططط,negative,kaggle_moroccan_sentiment,mixed
n7ibha barchaaaaa a7sen moumathla fi tounis <3,positive,kaggle_moroccan_sentiment,mixed
مواطن علي درجة عالية من الاخلاق و الانسانية و حب البلاد ربي معاه و ربي يفرحو كيما فرحنا و ضحكنا,positive,kaggle_moroccan_sentiment,mixed
T3jbni wenhbha,positive,kaggle_moroccan_sentiment,mixed
walh mela fethay7.belhi chnya e5er me ratidouhch 7orya.9rib bech yrodou el kofer 7orya:(,negative,kaggle_moroccan_sentiment,mixed
nmout 3liha w ne7bha :*,positive,kaggle_moroccan_sentiment,mixed
A5le9ha jelebt leha  i7tiram annes rabi iwafe9ha,positive,kaggle_moroccan_sentiment,mixed
بصراحة  دنيا أخرى مقاتلة ضحك والله bravoo  😂😂😂😂😂😂😂😂,positive,kaggle_moroccan_sentiment,mixed
يا مععععععععلم يا جعفور ملا إنت !!!!!,positive,kaggle_moroccan_sentiment,mixed
وااااعر 😍😍❤️❤️😍😍,positive,huggingface_darija_reviews,Arabic
ahla mousalsel,positive,kaggle_moroccan_sentiment,mixed
لولا جعفر البارح ما نتفرجش فيه البرنامج ههه هذا انسان ناجح لأنو صادق في العمل الي يعمل فيه فني أو إنساني,positive,kaggle_moroccan_sentiment,mixed
M3alem el comédie fi tounes,positive,kaggle_moroccan_sentiment,mixed
Ejaw m3a ja3four kima 9olt bel7a9 t3ebna w nlawjou fe tho7ka mel 9alb,positive,kaggle_moroccan_sentiment,mixed
BRAVO JALLOUL,positive,kaggle_moroccan_sentiment,mixed
3ejbeeeeeeetni,positive,kaggle_moroccan_sentiment,mixed
tefeh ya7ki 3atha9afa pfffffffff malla msoutiya w 9ilet torbya w mouch rajel,negative,kaggle_moroccan_sentiment,mixed
maset laset,negative,kaggle_moroccan_sentiment,mixed
"الخوت متشريوهاش دابا راه ولات غالية 
وخصوصاً اصحاب الكريدي راه نسبة الفائدة مرتفعة",negative,huggingface_darija_reviews,Arabic
تاتا بية في بالك راك عملت عار لازمة كبسة راك يااااااااااسر مصتنعة و تتشقنش و معاش طالع عليك خاطر أندادك خرجو للتقاعد,negative,kaggle_moroccan_sentiment,mixed
خودي ariel ponds -ولا maxi´s maison حتى هو زوين,positive,huggingface_darija_reviews,Arabic
جهلول يعمل في buzz فماش ما يكبر شعبيتو تي انقرض وهف أقسم بربي هامل و سوكارجي و معظم الأساتذة عارفين هذا مستغرب كان فالأحمرة اللي عاجبتهم أفعالك انقرض نم,negative,kaggle_moroccan_sentiment,mixed
3efcha bl7a9,negative,kaggle_moroccan_sentiment,mixed
Ma3alim,positive,kaggle_moroccan_sentiment,mixed
ثعلب سورية خبيثة وظاهرة تحب تهج أروبا الراجل غلطتوا ماخذها أصغرمنوا ببرشا صدقوني مفماش أخبث من السوريات ملاهط وإلى عايش البرة يعرفهم شنوه,negative,kaggle_moroccan_sentiment,mixed
Bravo Ahmed 👍👍,positive,kaggle_moroccan_sentiment,mixed
Bravo samiiii 😚😘😍😍,positive,kaggle_moroccan_sentiment,mixed
Inti te3jebni m'en awel marra renek,positive,kaggle_moroccan_sentiment,mixed
a7la amin,positive,kaggle_moroccan_sentiment,mixed
yesir 7low,positive,kaggle_moroccan_sentiment,mixed
Échksra welb7ar,negative,kaggle_moroccan_sentiment,mixed
Mast haka m9ded maaaaaast.,negative,kaggle_moroccan_sentiment,mixed
rak maset rak laset,negative,kaggle_moroccan_sentiment,mixed
maset 3 le5er w bras omek la3ad tothher fi télé,negative,kaggle_moroccan_sentiment,mixed
Meskin meskin fdhah rouhou,negative,kaggle_moroccan_sentiment,mixed
ناجي يا معذبهم,positive,kaggle_moroccan_sentiment,mixed
mala.mahzala.hhhhhhhhhhhhhhhhh,negative,kaggle_moroccan_sentiment,mixed
wallahi maaaaaaaaaaaaaaaaasta,negative,kaggle_moroccan_sentiment,mixed
Wlh laye7chmou,negative,kaggle_moroccan_sentiment,mixed
mouch rajel,negative,kaggle_moroccan_sentiment,mixed
Malla zabboure,negative,kaggle_moroccan_sentiment,mixed
Hhh mala manather mkalba,negative,kaggle_moroccan_sentiment,mixed
"البساطة و القلب الطيب و الأخلاق و الفرح و السعادة و الرقي و الأناقة عند آمنة فاخر ربي يخليك و يسعدك انشاالله مبروك البوم ولعت و أنا متأكدة بش يكون ""مولع"" أحسن البوم كيما متعودين بيك ديما أحسن و أفضل فنانة الحمدالله نحبك برشااااا mon adorable MINOU 🌸🌸🌸🌸🌸❤️❤️❤️❤️💕💕💕💖🎤🎤",positive,kaggle_moroccan_sentiment,mixed
