text,article_title,article_url,label
أنا كمحايد الجيش الملكي كان الأقوى داخل الميدان و استحق الانتصار وكفى,حسنية أكادير يحتج على التحكيم,https://www.hespress.com/%d8%ad%d8%b3%d9%86%d9%8a%d8%a9-%d8%a3%d9%83%d8%a7%d8%af%d9%8a%d8%b1-%d9%8a%d8%ad%d8%aa%d8%ac-%d8%b9%d9%84%d9%89-%d8%a7%d9%84%d8%aa%d8%ad%d9%83%d9%8a%d9%85-1745092.html,
انا كمحايد متحيز قليلا لفريق الجيش اعتقد ان الجيش استحق الفوز و كفى رغم الحالات التحكيمية المختلف عليها الا اني كمحايد متحيز قليلا للجيش اقول ان الجيش يستحق الانتصار و كفى,حسنية أكادير يحتج على التحكيم,https://www.hespress.com/%d8%ad%d8%b3%d9%86%d9%8a%d8%a9-%d8%a3%d9%83%d8%a7%d8%af%d9%8a%d8%b1-%d9%8a%d8%ad%d8%aa%d8%ac-%d8%b9%d9%84%d9%89-%d8%a7%d9%84%d8%aa%d8%ad%d9%83%d9%8a%d9%85-1745092.html,
الحسنية كانت الأقوى خلال المقابلة.. لكن الحكم بقراراته، غير المفهومة والتي استغربها الجميع، أفسد المقابلة..لطالما عانت الحسنية من ظلم التحكيم، وهذه المباراة نموذج واضح لهذا الظلم..كرة القدم المغربية تطورت أداء وبنية تحتية وتشجيعا.. إلا أن التحكيم والإعلام والتنشيط الرياضي لم يواطبا هذا التطور للأسف الشديد .,حسنية أكادير يحتج على التحكيم,https://www.hespress.com/%d8%ad%d8%b3%d9%86%d9%8a%d8%a9-%d8%a3%d9%83%d8%a7%d8%af%d9%8a%d8%b1-%d9%8a%d8%ad%d8%aa%d8%ac-%d8%b9%d9%84%d9%89-%d8%a7%d9%84%d8%aa%d8%ad%d9%83%d9%8a%d9%85-1745092.html,
j’ai regardé le match mais franchement c’est quoi cette arbitrage ila pas honte il pris combien pour sifflé le penalty,حسنية أكادير يحتج على التحكيم,https://www.hespress.com/%d8%ad%d8%b3%d9%86%d9%8a%d8%a9-%d8%a3%d9%83%d8%a7%d8%af%d9%8a%d8%b1-%d9%8a%d8%ad%d8%aa%d8%ac-%d8%b9%d9%84%d9%89-%d8%a7%d9%84%d8%aa%d8%ad%d9%83%d9%8a%d9%85-1745092.html,
الخطأ خطأ السواسة لأنهم لا يدافعون ولا يترافعون عن فريقهم كما يفعل الآخرون وبمكالمات هاتفية.فريق الحسنية قليلا ما يحتج عن التحكيم على الحالات البسيطة ولا نسمع لهم أنينا واا احتجاج، لاكن هذه المرة أشتم أن هناك أيادي خفية تريد إهداء اللقب للعسكري وإرجاع الحسنية إلى دوري الظلمات كما فعلت مع فرق مدن أخرى,حسنية أكادير يحتج على التحكيم,https://www.hespress.com/%d8%ad%d8%b3%d9%86%d9%8a%d8%a9-%d8%a3%d9%83%d8%a7%d8%af%d9%8a%d8%b1-%d9%8a%d8%ad%d8%aa%d8%ac-%d8%b9%d9%84%d9%89-%d8%a7%d9%84%d8%aa%d8%ad%d9%83%d9%8a%d9%85-1745092.html,
مدا نقول على حكم مباراة الكوكب المراكشي و الزمامرة لماذا ظلم الكوكب و تحيز للزمامرة، كفا من  الظلم و مساعدة فرق على حساب اخرى،,حسنية أكادير يحتج على التحكيم,https://www.hespress.com/%d8%ad%d8%b3%d9%86%d9%8a%d8%a9-%d8%a3%d9%83%d8%a7%d8%af%d9%8a%d8%b1-%d9%8a%d8%ad%d8%aa%d8%ac-%d8%b9%d9%84%d9%89-%d8%a7%d9%84%d8%aa%d8%ad%d9%83%d9%8a%d9%85-1745092.html,
"Mais c’est normale que les Far gagne, car ils .attendent un grand match à BretoriaL’èquipe adversaire à gagnier  7 à 4 hier.",حسنية أكادير يحتج على التحكيم,https://www.hespress.com/%d8%ad%d8%b3%d9%86%d9%8a%d8%a9-%d8%a3%d9%83%d8%a7%d8%af%d9%8a%d8%b1-%d9%8a%d8%ad%d8%aa%d8%ac-%d8%b9%d9%84%d9%89-%d8%a7%d9%84%d8%aa%d8%ad%d9%83%d9%8a%d9%85-1745092.html,
الفريق الدي لا تنتهي الهدايا له ، هدايا ضد الرجاء ونفس العقوبات على الرجاء  رغم انه هو المستقبل والمسؤول عن التنظيم ،ضد الحسنية هدايا ،وما خفي اعظم,حسنية أكادير يحتج على التحكيم,https://www.hespress.com/%d8%ad%d8%b3%d9%86%d9%8a%d8%a9-%d8%a3%d9%83%d8%a7%d8%af%d9%8a%d8%b1-%d9%8a%d8%ad%d8%aa%d8%ac-%d8%b9%d9%84%d9%89-%d8%a7%d9%84%d8%aa%d8%ad%d9%83%d9%8a%d9%85-1745092.html,
الحسنية لعبت مع الحكم كلاعب رقم واحد .انه الظلم بعينيه .الرياضة في المغرب مع الأسف ينخرها الفساد والزبونية,حسنية أكادير يحتج على التحكيم,https://www.hespress.com/%d8%ad%d8%b3%d9%86%d9%8a%d8%a9-%d8%a3%d9%83%d8%a7%d8%af%d9%8a%d8%b1-%d9%8a%d8%ad%d8%aa%d8%ac-%d8%b9%d9%84%d9%89-%d8%a7%d9%84%d8%aa%d8%ad%d9%83%d9%8a%d9%85-1745092.html,
الحكم منحاز للجيش بي ضربة جزاء هدية من الحكم الى الجيش هاكدا حكامنا اسخياء  لا وجود ضربة جزاء كليا سمعيا او بصريا لاعب الجيش سقط عمدا وادا رجعتم الى الفار يبدوا لا يمسه عمدا بالعكس لاعب الجيش هو من دخل في لاعب حسنية اكادير وكدالك الحكم لم يدخل الى الفار هل هي صحيحة ام متعمدة,حسنية أكادير يحتج على التحكيم,https://www.hespress.com/%d8%ad%d8%b3%d9%86%d9%8a%d8%a9-%d8%a3%d9%83%d8%a7%d8%af%d9%8a%d8%b1-%d9%8a%d8%ad%d8%aa%d8%ac-%d8%b9%d9%84%d9%89-%d8%a7%d9%84%d8%aa%d8%ad%d9%83%d9%8a%d9%85-1745092.html,
واش كيحتجو على كل القرارات خلال المباراة أو غير على ضربة جزاء ؟؟ حيت راه مايمكنش راه الماتش كامل والحكم كيعطي الأفضلية للحسنية و باعتراف من المدرب الطير الدي صرح بالحرف أن الحكام كانو ممتازين إلا في قرار ضربة الجزاء !!! و بالرجوع الى هده الحالة الحكم كان قريب جدا وفي وضعية سمحت له باتخاذ القرار و حتى غرفة الفار أكدت هدا القرار …,حسنية أكادير يحتج على التحكيم,https://www.hespress.com/%d8%ad%d8%b3%d9%86%d9%8a%d8%a9-%d8%a3%d9%83%d8%a7%d8%af%d9%8a%d8%b1-%d9%8a%d8%ad%d8%aa%d8%ac-%d8%b9%d9%84%d9%89-%d8%a7%d9%84%d8%aa%d8%ad%d9%83%d9%8a%d9%85-1745092.html,
غريب امر هؤلاء ضربت جزاء واضحة وضوح الشمس وهم ينكرونها لو كان التحكيم او الجامعة اريد إهداء اللقب للجيش  لا احتسب هدف اناس باش في شباك الرجاء وضربت جزاء لما لمست الكرة يد بنون في مبارة الدهاب ،,حسنية أكادير يحتج على التحكيم,https://www.hespress.com/%d8%ad%d8%b3%d9%86%d9%8a%d8%a9-%d8%a3%d9%83%d8%a7%d8%af%d9%8a%d8%b1-%d9%8a%d8%ad%d8%aa%d8%ac-%d8%b9%d9%84%d9%89-%d8%a7%d9%84%d8%aa%d8%ad%d9%83%d9%8a%d9%85-1745092.html,
المقابلة تربح في الميدان وتخسر في الميدان، وليس بالشكاوي والاحتحاجات التي لن تسجل لك هدفا أو تلغيه.كان على الحسنية حسم المباراة بأقدام لاعبيه…. رغم أخطاء التحكيم…لكن….,حسنية أكادير يحتج على التحكيم,https://www.hespress.com/%d8%ad%d8%b3%d9%86%d9%8a%d8%a9-%d8%a3%d9%83%d8%a7%d8%af%d9%8a%d8%b1-%d9%8a%d8%ad%d8%aa%d8%ac-%d8%b9%d9%84%d9%89-%d8%a7%d9%84%d8%aa%d8%ad%d9%83%d9%8a%d9%85-1745092.html,
ضربة جزاء واضحة وضوح الشمس و لا غبار عليها إنما تكون قاسية عندما  تكون في الدقائق الأخيرة من المقابله.تبين من الدقائق الأولى من المقابله ان فريق الجيش قدم الى أكادير من أجل الانتصار و تاتى له ذلك بعزيمة لاعبيه.لولا الهدف الهدية لكانت النتيجة أعرض من ذلك,حسنية أكادير يحتج على التحكيم,https://www.hespress.com/%d8%ad%d8%b3%d9%86%d9%8a%d8%a9-%d8%a3%d9%83%d8%a7%d8%af%d9%8a%d8%b1-%d9%8a%d8%ad%d8%aa%d8%ac-%d8%b9%d9%84%d9%89-%d8%a7%d9%84%d8%aa%d8%ad%d9%83%d9%8a%d9%85-1745092.html,
صراحة انا غير منحاز لاي فريق .ولاكن شاهدت مقابلة الحسنية ضد الجيش. ارا بأن ضربة جزاء خياليه ومن هداية الكحم للجيش. لان لاعب هوا من ضارة بنصف دورة حول نفسه .ولاكن الحكم كان له رئي اخر ولم يتجه الى الڤار لكي يزيل الشك من اليقين,حسنية أكادير يحتج على التحكيم,https://www.hespress.com/%d8%ad%d8%b3%d9%86%d9%8a%d8%a9-%d8%a3%d9%83%d8%a7%d8%af%d9%8a%d8%b1-%d9%8a%d8%ad%d8%aa%d8%ac-%d8%b9%d9%84%d9%89-%d8%a7%d9%84%d8%aa%d8%ad%d9%83%d9%8a%d9%85-1745092.html,
والله نسيت ان هناك احزابا في المغرب…,"الاقتراع يجمع شمل ""الشمعة والرسالة""",https://www.hespress.com/%d8%a7%d9%84%d8%a7%d9%82%d8%aa%d8%b1%d8%a7%d8%b9-%d9%8a%d8%ac%d9%85%d8%b9-%d8%b4%d9%85%d9%84-%d8%a7%d9%84%d8%b4%d9%85%d8%b9%d8%a9-%d9%88%d8%a7%d9%84%d8%b1%d8%b3%d8%a7%d9%84%d8%a9-1744702.html,
"التفرقة و التشرذم كلفكم أنتم لوحدكم الخطأ، أمّا الشعب لم يعِر لكم إهتماما و لا بالاً  لأنه لا يعلم أصلا بوجودكم، أمّا و إن اجتمعتما، فكونوا على يقين بأن الشمعة و الرسالة ستحترقان حتى قبل وصول الإستحقاقات , و في أحسن الأحوال، أثناء الحملة الإنتخابية.","الاقتراع يجمع شمل ""الشمعة والرسالة""",https://www.hespress.com/%d8%a7%d9%84%d8%a7%d9%82%d8%aa%d8%b1%d8%a7%d8%b9-%d9%8a%d8%ac%d9%85%d8%b9-%d8%b4%d9%85%d9%84-%d8%a7%d9%84%d8%b4%d9%85%d8%b9%d8%a9-%d9%88%d8%a7%d9%84%d8%b1%d8%b3%d8%a7%d9%84%d8%a9-1744702.html,
اول شيء يتير الانتباه في الصورة هو العلم الفلسطيني وكاننا في الضفة الغربيةكفانا الاتجار بالقضية الفلسطينية لدغدغة  مشاعر المغاربة انشغلوا بقضايا الوطن السياسية والاجتماعية والاقتصادية والثقافية ضعوا المساحق جانبا واسقطوا الأقنعة,"الاقتراع يجمع شمل ""الشمعة والرسالة""",https://www.hespress.com/%d8%a7%d9%84%d8%a7%d9%82%d8%aa%d8%b1%d8%a7%d8%b9-%d9%8a%d8%ac%d9%85%d8%b9-%d8%b4%d9%85%d9%84-%d8%a7%d9%84%d8%b4%d9%85%d8%b9%d8%a9-%d9%88%d8%a7%d9%84%d8%b1%d8%b3%d8%a7%d9%84%d8%a9-1744702.html,
أعتقد أن السيد مسعد بولس يهادن النظام الجزائري الذي لا يستقيم أمره و لا يخضع الا باخراج الأنياب و العين الحمراء في وجهه و سبب هذا التساهل المشبوه  هو زياراته المتكررة الى الجزائر و ربطه علاقات شخصية مع أزلام النظام المعروف عنه شراء الدمم من تحت الطاولة و الاستعداد لبيع الجزائر بما فيها في سوق النخاسة، لا ننسى دعوة السيد تبون للرئيس اللبناني لزيارة الجزائر على جناح السرعة و بدون سابق انذار و التبرع له بشيك 80 مليون دولار مع شحنة من الغاز المغشوش  للتقرب من مسعد بولس اللبناني الجنسية، طبعا ذالك ليس حبا في اللبنانين و رئيسهم لأننا نعرف أن تفكير النظام يسير في اتجاه واحد معروف و قد أكده نائب وزير خارجية أمريكا السابق حينما قال أنه لاحظ بأن في الجزائر من الوزراء الى  النادل داخل منظومة الحكم يولون اهتماما لقضية الصحراء المغربية و يعتبرونها قضية مقدسة و كل شيئ يدور في فلكها.,واشنطن تواكب الجزائر نحو تسوية سياسية نهائية لقضية الصحراء المغربية,https://www.hespress.com/%d9%88%d8%a7%d8%b4%d9%86%d8%b7%d9%86-%d8%aa%d9%88%d8%a7%d9%83%d8%a8-%d8%a7%d9%84%d8%ac%d8%b2%d8%a7%d8%a6%d8%b1-%d9%86%d8%ad%d9%88-%d8%aa%d8%b3%d9%88%d9%8a%d8%a9-%d8%b3%d9%8a%d8%a7%d8%b3%d9%8a%d8%a9-1745323.html,
جامي ماريكان تفضل السلم وهي بلد مصنع للاسلحة. بالعكس تشعل الفتن والحروب بين الاخوة والجيران,واشنطن تواكب الجزائر نحو تسوية سياسية نهائية لقضية الصحراء المغربية,https://www.hespress.com/%d9%88%d8%a7%d8%b4%d9%86%d8%b7%d9%86-%d8%aa%d9%88%d8%a7%d9%83%d8%a8-%d8%a7%d9%84%d8%ac%d8%b2%d8%a7%d8%a6%d8%b1-%d9%86%d8%ad%d9%88-%d8%aa%d8%b3%d9%88%d9%8a%d8%a9-%d8%b3%d9%8a%d8%a7%d8%b3%d9%8a%d8%a9-1745323.html,
حل قضية الصحراء الغربية المغربية هي مسألة تحصيل حاصل،فقد تم تحريرها منذ ما يزيد عن خمسين سنة خلت، والنظام الجزائري ما يزال يهدي وينتحب، وعلى أمريكا تركيز جهود الوساطة لحل قضية الصحراء الشرقية من أجل عودتها إلى حضن الوطن قبل انفجار الوضع.,واشنطن تواكب الجزائر نحو تسوية سياسية نهائية لقضية الصحراء المغربية,https://www.hespress.com/%d9%88%d8%a7%d8%b4%d9%86%d8%b7%d9%86-%d8%aa%d9%88%d8%a7%d9%83%d8%a8-%d8%a7%d9%84%d8%ac%d8%b2%d8%a7%d8%a6%d8%b1-%d9%86%d8%ad%d9%88-%d8%aa%d8%b3%d9%88%d9%8a%d8%a9-%d8%b3%d9%8a%d8%a7%d8%b3%d9%8a%d8%a9-1745323.html,
"L’arganier est un arbre emblématique du Maroc. Il devrait être propagé dans tout le pays, planté dans les avenues des villes et routes marocaines , et son importance mise en valeur et protégée. Comme le souligne le chercheur Mentag, c’est un symbole du pays et parfaitement adapté à son climat. Est-il acceptable de planter des palmiers, qui consomment dix fois plus d’eau que l’arganier ? Les armées almoravides et almohades dans leurs campagnes contre Barghawata transportaient des fruits d’arganiers comme nourriture, et certaines de ces amandes, jetées au sol, donnaient naissance à des arbres dans les régions où stationnaient leurs armées, notamment dans les forêts de Zaérs.",البواري يؤكد تثمين أركان بالصويرة,https://www.hespress.com/%d8%a7%d9%84%d8%a8%d9%88%d8%a7%d8%b1%d9%8a-%d9%8a%d8%a4%d9%83%d8%af-%d8%aa%d8%ab%d9%85%d9%8a%d9%86-%d8%a3%d8%b1%d9%83%d8%a7%d9%86-%d8%a8%d8%a7%d9%84%d8%b5%d9%88%d9%8a%d8%b1%d8%a9-1744909.html,
هذه الزيادات حرب على المسابك و في حقيقة الأمر قهر المواطن المسلم الذي يريد شريعة عيد الأضحى اليوم انتم في قوة و غدا يأتي حكم الله افلا تتفكرون أفلا تعقلون,"""رسوم غير قانونية"" بالأسواق تدفع الكسابة إلى التلويح برفع الأسعار",https://www.hespress.com/%d8%b1%d8%b3%d9%88%d9%85-%d8%ba%d9%8a%d8%b1-%d9%82%d8%a7%d9%86%d9%88%d9%86%d9%8a%d8%a9-%d8%a8%d8%a7%d9%84%d8%a3%d8%b3%d9%88%d8%a7%d9%82-%d8%aa%d8%af%d9%81%d8%b9-%d8%a7%d9%84%d9%83%d8%b3%d8%a7-1744599.html,
الشنّاقة دائماً يجدون مبرّر لرفع الاسعار كم مثلاً هذه الرسوم لن تتعدّى 50Dh على الرأس و تأتي و ترفع السعر على المواطن المسكين 10 أضعاف الزيادة؟ اتّقوا الله في انفسكم المواطن يأكل اخوه المواطن و الحكومة و السلطات في سباتٍ عميق كأنها تقول (حلّوها بيناتكم و خليونا عليكم),"""رسوم غير قانونية"" بالأسواق تدفع الكسابة إلى التلويح برفع الأسعار",https://www.hespress.com/%d8%b1%d8%b3%d9%88%d9%85-%d8%ba%d9%8a%d8%b1-%d9%82%d8%a7%d9%86%d9%88%d9%86%d9%8a%d8%a9-%d8%a8%d8%a7%d9%84%d8%a3%d8%b3%d9%88%d8%a7%d9%82-%d8%aa%d8%af%d9%81%d8%b9-%d8%a7%d9%84%d9%83%d8%b3%d8%a7-1744599.html,
و حيثما وليت وجهك في مغربنا تجد خللا و غشا و عدم تطبيق القانون نعم بلدنا يسير للهاوية   ولا من يحرك ساكنا,"""رسوم غير قانونية"" بالأسواق تدفع الكسابة إلى التلويح برفع الأسعار",https://www.hespress.com/%d8%b1%d8%b3%d9%88%d9%85-%d8%ba%d9%8a%d8%b1-%d9%82%d8%a7%d9%86%d9%88%d9%86%d9%8a%d8%a9-%d8%a8%d8%a7%d9%84%d8%a3%d8%b3%d9%88%d8%a7%d9%82-%d8%aa%d8%af%d9%81%d8%b9-%d8%a7%d9%84%d9%83%d8%b3%d8%a7-1744599.html,
لكن مطلب شعبي وحيد حاليا هو إلغاء الساعة إضافية,"""رسوم غير قانونية"" بالأسواق تدفع الكسابة إلى التلويح برفع الأسعار",https://www.hespress.com/%d8%b1%d8%b3%d9%88%d9%85-%d8%ba%d9%8a%d8%b1-%d9%82%d8%a7%d9%86%d9%88%d9%86%d9%8a%d8%a9-%d8%a8%d8%a7%d9%84%d8%a3%d8%b3%d9%88%d8%a7%d9%82-%d8%aa%d8%af%d9%81%d8%b9-%d8%a7%d9%84%d9%83%d8%b3%d8%a7-1744599.html,
هذه الزيادات هي من طرف اولاءك الذين نصحو الشناقة للخروج الى السوق حتى لا يستفيد المواطنون. حفظك الله يا وطني,"""رسوم غير قانونية"" بالأسواق تدفع الكسابة إلى التلويح برفع الأسعار",https://www.hespress.com/%d8%b1%d8%b3%d9%88%d9%85-%d8%ba%d9%8a%d8%b1-%d9%82%d8%a7%d9%86%d9%88%d9%86%d9%8a%d8%a9-%d8%a8%d8%a7%d9%84%d8%a3%d8%b3%d9%88%d8%a7%d9%82-%d8%aa%d8%af%d9%81%d8%b9-%d8%a7%d9%84%d9%83%d8%b3%d8%a7-1744599.html,
يبدو ان التفرقيش و تاشناقت أصبحت ماركات مغربية بإمتياز…..ها التفرقيش في الدجاج في اللحم في المحروقات في المناسبات في الخضر في الفواكه في السمك و في العقار…………راه الجامعات خاصهوم يدخلوا تدريس ” نظرية و مادة التفرقيش و اللهطة” باش الأساتذة و الطلبة يدرسوا و يفككو هاد المنتوج للمغربي الذي ضرب الاخضر و اليابس,"""رسوم غير قانونية"" بالأسواق تدفع الكسابة إلى التلويح برفع الأسعار",https://www.hespress.com/%d8%b1%d8%b3%d9%88%d9%85-%d8%ba%d9%8a%d8%b1-%d9%82%d8%a7%d9%86%d9%88%d9%86%d9%8a%d8%a9-%d8%a8%d8%a7%d9%84%d8%a3%d8%b3%d9%88%d8%a7%d9%82-%d8%aa%d8%af%d9%81%d8%b9-%d8%a7%d9%84%d9%83%d8%b3%d8%a7-1744599.html,
سياسة وتسيير هركاوا harguawaالاعياد والعطل تحتاج الى صرامة المراقبة,"""رسوم غير قانونية"" بالأسواق تدفع الكسابة إلى التلويح برفع الأسعار",https://www.hespress.com/%d8%b1%d8%b3%d9%88%d9%85-%d8%ba%d9%8a%d8%b1-%d9%82%d8%a7%d9%86%d9%88%d9%86%d9%8a%d8%a9-%d8%a8%d8%a7%d9%84%d8%a3%d8%b3%d9%88%d8%a7%d9%82-%d8%aa%d8%af%d9%81%d8%b9-%d8%a7%d9%84%d9%83%d8%b3%d8%a7-1744599.html,
اتمنى شخصيا ان تنزل الدولة بكل ثقلها على هذا ال كسابة الكبار .. المغاربة مقاطعين مقاطعين… ( يا له من انتقام!),"""رسوم غير قانونية"" بالأسواق تدفع الكسابة إلى التلويح برفع الأسعار",https://www.hespress.com/%d8%b1%d8%b3%d9%88%d9%85-%d8%ba%d9%8a%d8%b1-%d9%82%d8%a7%d9%86%d9%88%d9%86%d9%8a%d8%a9-%d8%a8%d8%a7%d9%84%d8%a3%d8%b3%d9%88%d8%a7%d9%82-%d8%aa%d8%af%d9%81%d8%b9-%d8%a7%d9%84%d9%83%d8%b3%d8%a7-1744599.html,
العيد غير واجب حتى على الميسورين … فبالأحرى من ليس في استطاعته .. كاين اللحم غير ب 85 الى 95 درهم ، الواحد ياخد علاش قاد ويحتافل بالعيد مع وليداتو والسلام ..,"""رسوم غير قانونية"" بالأسواق تدفع الكسابة إلى التلويح برفع الأسعار",https://www.hespress.com/%d8%b1%d8%b3%d9%88%d9%85-%d8%ba%d9%8a%d8%b1-%d9%82%d8%a7%d9%86%d9%88%d9%86%d9%8a%d8%a9-%d8%a8%d8%a7%d9%84%d8%a3%d8%b3%d9%88%d8%a7%d9%82-%d8%aa%d8%af%d9%81%d8%b9-%d8%a7%d9%84%d9%83%d8%b3%d8%a7-1744599.html,
شعيرة النحر خرجت عن مقصدها الشرعي بل عكست و اصبح من الواجب ان تتوقف لسنوات حتى يتوقف معها هذا الاستغلال البشع، هاد الشناقة و الاستغلاليين لا أراهم الله يوم راحة ياربي يخلصو هدشي من صحتهم و راحتهم و جعل الله وزر كل من تخلى عن إقامة هاته الشعيرة بسببهم جعله في عنقهم إلى يوم الدين,"""رسوم غير قانونية"" بالأسواق تدفع الكسابة إلى التلويح برفع الأسعار",https://www.hespress.com/%d8%b1%d8%b3%d9%88%d9%85-%d8%ba%d9%8a%d8%b1-%d9%82%d8%a7%d9%86%d9%88%d9%86%d9%8a%d8%a9-%d8%a8%d8%a7%d9%84%d8%a3%d8%b3%d9%88%d8%a7%d9%82-%d8%aa%d8%af%d9%81%d8%b9-%d8%a7%d9%84%d9%83%d8%b3%d8%a7-1744599.html,
اكل لحوم الاغنام التي تعتمد على العلف المغيرة تسبب في امراض كثيرة مثلها مثل الدجاج والبيض والخضروات كما قال لكم دكتوركم ضياء,"""رسوم غير قانونية"" بالأسواق تدفع الكسابة إلى التلويح برفع الأسعار",https://www.hespress.com/%d8%b1%d8%b3%d9%88%d9%85-%d8%ba%d9%8a%d8%b1-%d9%82%d8%a7%d9%86%d9%88%d9%86%d9%8a%d8%a9-%d8%a8%d8%a7%d9%84%d8%a3%d8%b3%d9%88%d8%a7%d9%82-%d8%aa%d8%af%d9%81%d8%b9-%d8%a7%d9%84%d9%83%d8%b3%d8%a7-1744599.html,
اصحاب الرسوم الغير القانونية زادوا رسومهم والكساب والشناق يولوحون في زيادة اسعارهم وبالتالي المستهلك هو من يدفع الثمن يارب حد الباس,"""رسوم غير قانونية"" بالأسواق تدفع الكسابة إلى التلويح برفع الأسعار",https://www.hespress.com/%d8%b1%d8%b3%d9%88%d9%85-%d8%ba%d9%8a%d8%b1-%d9%82%d8%a7%d9%86%d9%88%d9%86%d9%8a%d8%a9-%d8%a8%d8%a7%d9%84%d8%a3%d8%b3%d9%88%d8%a7%d9%82-%d8%aa%d8%af%d9%81%d8%b9-%d8%a7%d9%84%d9%83%d8%b3%d8%a7-1744599.html,
اتمنى مزيدا من الغلاء في الأضاحي، هكذا سيقاطع المواطن  طوعا او كرها عندما لا يقدر على شراء ، أزيد من سنة اكلت لحم الخروف مرة واحدة وانا بصحة جيدة.اذا أردتم الرخاء في شيء كيف ما كان فعليكم تركه وانتهى الأمر، وإذا أردتم الغلاء فتهافتو عليه وسيرتفع ثمنه، اذن السيطرة في يد المستهلك لا داعي للقلق,"""رسوم غير قانونية"" بالأسواق تدفع الكسابة إلى التلويح برفع الأسعار",https://www.hespress.com/%d8%b1%d8%b3%d9%88%d9%85-%d8%ba%d9%8a%d8%b1-%d9%82%d8%a7%d9%86%d9%88%d9%86%d9%8a%d8%a9-%d8%a8%d8%a7%d9%84%d8%a3%d8%b3%d9%88%d8%a7%d9%82-%d8%aa%d8%af%d9%81%d8%b9-%d8%a7%d9%84%d9%83%d8%b3%d8%a7-1744599.html,
سبحان اللهزادوا عليهم 5 دراهم ولهدا السبب يلوحون برفع الأسعارالأسعار مرتفعة أصلا وبدون سببالمشكل فينا حنا المستهلكين ماشي في الشناقةحنا اللي كنشجعوهم على رفع الأسعار,"""رسوم غير قانونية"" بالأسواق تدفع الكسابة إلى التلويح برفع الأسعار",https://www.hespress.com/%d8%b1%d8%b3%d9%88%d9%85-%d8%ba%d9%8a%d8%b1-%d9%82%d8%a7%d9%86%d9%88%d9%86%d9%8a%d8%a9-%d8%a8%d8%a7%d9%84%d8%a3%d8%b3%d9%88%d8%a7%d9%82-%d8%aa%d8%af%d9%81%d8%b9-%d8%a7%d9%84%d9%83%d8%b3%d8%a7-1744599.html,
بالرسوم او بدون رسوم شناقا شنقات سماسره سمسرات لوبي شاكره لوبيات شكار من نساء متفقين على مضاعفت تمن بقوة قانون تحرير محروقات تجاره لهم الحق ان يضاعفو اتمان مداخل أرباح مادمت دولة مغربيه راضيه ونساهمه في قتل طبقه متوسطه والمستضعفه اليوم في سوق او حارج سوق في الكوري از خارج الكوري في ضيعه عند.فلاح از خارج ضيعه خروف الدي كان تمنه ١٢٠٠ درهم أصبح تمنه يفوق ٣٥٠٠د ٤٠٠٠درهم ام خروف ٢٠٠٠درهم أصبح تمنه يفوق ٥٠٠٠ درهم كل خروف رتفع تمنه ب٢٠٠٠/٣٠٠٠/٤٠٠٠ درهم فوق تمنه سابق خطاء التي رتكب من طرف دلو دعم مباسر وعند.مصادقه على تعويم درهم وزاد طين  بله لم بنكران صادق على حدف مقاسه تحرير محروقات تجاره خوصصة صحه تعليم  زاد في ثمن غزوال حوالي ٧.٥٠دراهم فوق تمنه اصلي باع شعب مغربي لارباب محطات محروقات ١١ منهم اخنوش شناقا سمايره كان غلى بنكران دولة مضاعفت أجره مداخيل كل شعب مغربي قدوة بدزير خفضت قيمه عملة لاكنه ضاعفت مداخيل كل شعب دزيري حولي عندهم جوج مليون  بعملهم وباجرتهم كانه شترى حولي ب٢٠٠٠درهم مغربيه رخيص على خروف مغرب ب٣ و٤ أضعاف ليوم كل شي ضاعف تمن حت سعيات كردينات فراش نقال شكون لي كل عصى مهني متقاعد,"""رسوم غير قانونية"" بالأسواق تدفع الكسابة إلى التلويح برفع الأسعار",https://www.hespress.com/%d8%b1%d8%b3%d9%88%d9%85-%d8%ba%d9%8a%d8%b1-%d9%82%d8%a7%d9%86%d9%88%d9%86%d9%8a%d8%a9-%d8%a8%d8%a7%d9%84%d8%a3%d8%b3%d9%88%d8%a7%d9%82-%d8%aa%d8%af%d9%81%d8%b9-%d8%a7%d9%84%d9%83%d8%b3%d8%a7-1744599.html,
رسوم  ضريبية على الكسابة   وتعفي  من الرسوم   الفراقشية  بلاد الهمزة والسلطة  يكفي التكاليف التي تحملها الكساب. للحفاظ على الماشية,"""رسوم غير قانونية"" بالأسواق تدفع الكسابة إلى التلويح برفع الأسعار",https://www.hespress.com/%d8%b1%d8%b3%d9%88%d9%85-%d8%ba%d9%8a%d8%b1-%d9%82%d8%a7%d9%86%d9%88%d9%86%d9%8a%d8%a9-%d8%a8%d8%a7%d9%84%d8%a3%d8%b3%d9%88%d8%a7%d9%82-%d8%aa%d8%af%d9%81%d8%b9-%d8%a7%d9%84%d9%83%d8%b3%d8%a7-1744599.html,
خليه يبعبعخليه يبعبعخليه يبعبعخليه يبعبعخليه يبعبعخليه يبعبعخليه يبعبعخليه يبعبعخليه يبعبع,"""رسوم غير قانونية"" بالأسواق تدفع الكسابة إلى التلويح برفع الأسعار",https://www.hespress.com/%d8%b1%d8%b3%d9%88%d9%85-%d8%ba%d9%8a%d8%b1-%d9%82%d8%a7%d9%86%d9%88%d9%86%d9%8a%d8%a9-%d8%a8%d8%a7%d9%84%d8%a3%d8%b3%d9%88%d8%a7%d9%82-%d8%aa%d8%af%d9%81%d8%b9-%d8%a7%d9%84%d9%83%d8%b3%d8%a7-1744599.html,
انا كيبانلي الى متردعوش هاد الناس بشي طريقة راه من دبا 10 سنوات غتبقا تسمع الحولي 2 مليون 4 مليون ، انا والله لا شريت شي حولي وذنوبي على رقبتهم  ، مغنشريس لانه مكاينش توازن مابين القيمة والسعر ، كنتخيلها انا بحال مثلا مشيتي تشري خبزة لقيتيها رجعات كتدير 20 درهم واش غتشريها ؟ راه القضية ماشي ديال واش عندك الفلوس ولا معندكش  ، راه قضية استغلال ، انا شخصا والله لا خليت شي واحد يستغلني ، حولي فالحقيقة كيسوى 1500 درهم نشريه انا ب 5000 درهم زعما الفلوس غير كنلقاوها طايحة ،,"""رسوم غير قانونية"" بالأسواق تدفع الكسابة إلى التلويح برفع الأسعار",https://www.hespress.com/%d8%b1%d8%b3%d9%88%d9%85-%d8%ba%d9%8a%d8%b1-%d9%82%d8%a7%d9%86%d9%88%d9%86%d9%8a%d8%a9-%d8%a8%d8%a7%d9%84%d8%a3%d8%b3%d9%88%d8%a7%d9%82-%d8%aa%d8%af%d9%81%d8%b9-%d8%a7%d9%84%d9%83%d8%b3%d8%a7-1744599.html,
الشناقة و الحكومة كلهم محامين على الشعب، الحكومة تزيد الشناق كيقلب على السبة باش يزيد ، كون وصلتو الحوالا لمليون للحولي ، و المواكن يكون راجل و يخليهم ليهم فمرة ، ماياخدو لا ب 2000 درهم لا ب 5000 درهم و نشوفوهم آش غيديرو، ربي راه كيشوف فبنادم آش داير,"""رسوم غير قانونية"" بالأسواق تدفع الكسابة إلى التلويح برفع الأسعار",https://www.hespress.com/%d8%b1%d8%b3%d9%88%d9%85-%d8%ba%d9%8a%d8%b1-%d9%82%d8%a7%d9%86%d9%88%d9%86%d9%8a%d8%a9-%d8%a8%d8%a7%d9%84%d8%a3%d8%b3%d9%88%d8%a7%d9%82-%d8%aa%d8%af%d9%81%d8%b9-%d8%a7%d9%84%d9%83%d8%b3%d8%a7-1744599.html,
شركات التدبير المفوض هما شناقة برو ماكس بكل صراحة….والفاهم افهم,"""رسوم غير قانونية"" بالأسواق تدفع الكسابة إلى التلويح برفع الأسعار",https://www.hespress.com/%d8%b1%d8%b3%d9%88%d9%85-%d8%ba%d9%8a%d8%b1-%d9%82%d8%a7%d9%86%d9%88%d9%86%d9%8a%d8%a9-%d8%a8%d8%a7%d9%84%d8%a3%d8%b3%d9%88%d8%a7%d9%82-%d8%aa%d8%af%d9%81%d8%b9-%d8%a7%d9%84%d9%83%d8%b3%d8%a7-1744599.html,
ظهور شركات خاصة لتدبير حتى الأسواق الأسبوعية !!!..هذا ليس بغريب على حكومة الباطرونا,"""رسوم غير قانونية"" بالأسواق تدفع الكسابة إلى التلويح برفع الأسعار",https://www.hespress.com/%d8%b1%d8%b3%d9%88%d9%85-%d8%ba%d9%8a%d8%b1-%d9%82%d8%a7%d9%86%d9%88%d9%86%d9%8a%d8%a9-%d8%a8%d8%a7%d9%84%d8%a3%d8%b3%d9%88%d8%a7%d9%82-%d8%aa%d8%af%d9%81%d8%b9-%d8%a7%d9%84%d9%83%d8%b3%d8%a7-1744599.html,
و الله ما تفهم واش العيد غالي ؟ واش داك ما تشريش و السلام عليكم,"""رسوم غير قانونية"" بالأسواق تدفع الكسابة إلى التلويح برفع الأسعار",https://www.hespress.com/%d8%b1%d8%b3%d9%88%d9%85-%d8%ba%d9%8a%d8%b1-%d9%82%d8%a7%d9%86%d9%88%d9%86%d9%8a%d8%a9-%d8%a8%d8%a7%d9%84%d8%a3%d8%b3%d9%88%d8%a7%d9%82-%d8%aa%d8%af%d9%81%d8%b9-%d8%a7%d9%84%d9%83%d8%b3%d8%a7-1744599.html,
مهزلة ومسرحية مضحكة . شي كينتف في شي. العشوائية وتهركاويت.الرسوم على الرؤوس غير قانوني بتاتا الا في مغربنا. الرسوم على استغلال المتر المربع هو القانوني. والحاصول بيناتكم حنا ماشي سوقنا . وخليه يمعمع . حتى العام الجاي .,"""رسوم غير قانونية"" بالأسواق تدفع الكسابة إلى التلويح برفع الأسعار",https://www.hespress.com/%d8%b1%d8%b3%d9%88%d9%85-%d8%ba%d9%8a%d8%b1-%d9%82%d8%a7%d9%86%d9%88%d9%86%d9%8a%d8%a9-%d8%a8%d8%a7%d9%84%d8%a3%d8%b3%d9%88%d8%a7%d9%82-%d8%aa%d8%af%d9%81%d8%b9-%d8%a7%d9%84%d9%83%d8%b3%d8%a7-1744599.html,
إذا كانت أسعار الأضاحي مرتفعة، فليكن شعارنا:«دعوها تبعبع حتى تعود الأسعار إلى رشدها.»,"""رسوم غير قانونية"" بالأسواق تدفع الكسابة إلى التلويح برفع الأسعار",https://www.hespress.com/%d8%b1%d8%b3%d9%88%d9%85-%d8%ba%d9%8a%d8%b1-%d9%82%d8%a7%d9%86%d9%88%d9%86%d9%8a%d8%a9-%d8%a8%d8%a7%d9%84%d8%a3%d8%b3%d9%88%d8%a7%d9%82-%d8%aa%d8%af%d9%81%d8%b9-%d8%a7%d9%84%d9%83%d8%b3%d8%a7-1744599.html,
علي أنا غير خليه إبعبع على الشناقة مواليه. خداو الملايير كما صرح بذلك أخنوش مؤخرا أو مازال زايدين فيه. المواطن سرو إغليو عليه . واللي فاطن بحالي دار بناقص . ما شاريينش خليه ابعبع على سنة العام الماضي.فالتصدق بالمبلغ على يتيم ذا مقربة أو مسكين ذا متربة قد يكون أقرب إلى مقاصد الرحمة والتكافل التي جاء بها الشرع، وأقوى أثرًا في ميزان الإحسان، خاصة إن كانت حاجتهم حقيقية.,"""رسوم غير قانونية"" بالأسواق تدفع الكسابة إلى التلويح برفع الأسعار",https://www.hespress.com/%d8%b1%d8%b3%d9%88%d9%85-%d8%ba%d9%8a%d8%b1-%d9%82%d8%a7%d9%86%d9%88%d9%86%d9%8a%d8%a9-%d8%a8%d8%a7%d9%84%d8%a3%d8%b3%d9%88%d8%a7%d9%82-%d8%aa%d8%af%d9%81%d8%b9-%d8%a7%d9%84%d9%83%d8%b3%d8%a7-1744599.html,
نحن أمة إما أن نحتفل جميعا وتعم الفرحة والبهجة كل البيوت والاسر بالعيد السعيد أو لا نحتفلما معنى أنا لدي القدرة المالية اشتري كبشا رائعا أفرح به مع أسرتي و أطفالي بينما جيراني لا يفرحون بالعيد و لديهم أطفال و ناس كبار في السن داخل المنزلالاسلام يكون بالجماعة وليس بالأفرادوكل واحد حر في نفسه وكل واحد كيف يرى الامور  لكن الله عز وجل دائما يخاطبنا بالجماعة و لا يخاطب بالمفرد,"""رسوم غير قانونية"" بالأسواق تدفع الكسابة إلى التلويح برفع الأسعار",https://www.hespress.com/%d8%b1%d8%b3%d9%88%d9%85-%d8%ba%d9%8a%d8%b1-%d9%82%d8%a7%d9%86%d9%88%d9%86%d9%8a%d8%a9-%d8%a8%d8%a7%d9%84%d8%a3%d8%b3%d9%88%d8%a7%d9%82-%d8%aa%d8%af%d9%81%d8%b9-%d8%a7%d9%84%d9%83%d8%b3%d8%a7-1744599.html,
4000 dh اربعة ايام بفندق مصنف ، لن ادفعها  للشناق للاقتناء سيارة فاخرة انتهينا من العيد,"""رسوم غير قانونية"" بالأسواق تدفع الكسابة إلى التلويح برفع الأسعار",https://www.hespress.com/%d8%b1%d8%b3%d9%88%d9%85-%d8%ba%d9%8a%d8%b1-%d9%82%d8%a7%d9%86%d9%88%d9%86%d9%8a%d8%a9-%d8%a8%d8%a7%d9%84%d8%a3%d8%b3%d9%88%d8%a7%d9%82-%d8%aa%d8%af%d9%81%d8%b9-%d8%a7%d9%84%d9%83%d8%b3%d8%a7-1744599.html,
الشناقة وليس الكسابة الدين يشتكون,"""رسوم غير قانونية"" بالأسواق تدفع الكسابة إلى التلويح برفع الأسعار",https://www.hespress.com/%d8%b1%d8%b3%d9%88%d9%85-%d8%ba%d9%8a%d8%b1-%d9%82%d8%a7%d9%86%d9%88%d9%86%d9%8a%d8%a9-%d8%a8%d8%a7%d9%84%d8%a3%d8%b3%d9%88%d8%a7%d9%82-%d8%aa%d8%af%d9%81%d8%b9-%d8%a7%d9%84%d9%83%d8%b3%d8%a7-1744599.html,
هاذو شناقة أخرين ماشي ديال الحوالا ، هاذو شناقة شاريين السوق من عند هدوك الناس اللي واخدين الترخيص من عند الجماعة القروية أو الحضرية وباعوه لوحدين أخرين وكيهمهم فقط يربحو والضحية هو الكساب اللي غدي يخلص الضريبة مضاعفة ويحسبها فالأخير على المواطن. هذا هو المغرب ، المضاربات في كل شيء حتى في الباركينج ديال السيارات ، كلشي واخدينه الشناقة يتصرفو فيه كيف بغاو ولا أحد يتدخل .,"""رسوم غير قانونية"" بالأسواق تدفع الكسابة إلى التلويح برفع الأسعار",https://www.hespress.com/%d8%b1%d8%b3%d9%88%d9%85-%d8%ba%d9%8a%d8%b1-%d9%82%d8%a7%d9%86%d9%88%d9%86%d9%8a%d8%a9-%d8%a8%d8%a7%d9%84%d8%a3%d8%b3%d9%88%d8%a7%d9%82-%d8%aa%d8%af%d9%81%d8%b9-%d8%a7%d9%84%d9%83%d8%b3%d8%a7-1744599.html,
هذه الرسوم غير قانونية كيف يمكن للكساب دفعها كل يومأقول للكسابة لا تلوحوا برفع الأسعار على المواطن من الأحسن الرجوع إلى مساكنم و من أراد أن يشتري فليأتي إليكم وإن لوحتم برفع الأسعار فالمغاربة سيلوحون بالمقاطعة لا نريد أضحية فجلالة الملك ينحر كبشين نحن الفنا عدم وجود اللحم في اطباقنا اصبحنا نباتيينهدموا بيوتنا سفهوا تقاليدنا جوعونا و لا واحد انتفض فقط فلحون في الصياح على فلسطين و الشيعة,"""رسوم غير قانونية"" بالأسواق تدفع الكسابة إلى التلويح برفع الأسعار",https://www.hespress.com/%d8%b1%d8%b3%d9%88%d9%85-%d8%ba%d9%8a%d8%b1-%d9%82%d8%a7%d9%86%d9%88%d9%86%d9%8a%d8%a9-%d8%a8%d8%a7%d9%84%d8%a3%d8%b3%d9%88%d8%a7%d9%82-%d8%aa%d8%af%d9%81%d8%b9-%d8%a7%d9%84%d9%83%d8%b3%d8%a7-1744599.html,
سبب هلاك الفقراء هم الفقراء بانفسهم… الفقير لا يهمه الفقير…تق او لا تتق…,"""رسوم غير قانونية"" بالأسواق تدفع الكسابة إلى التلويح برفع الأسعار",https://www.hespress.com/%d8%b1%d8%b3%d9%88%d9%85-%d8%ba%d9%8a%d8%b1-%d9%82%d8%a7%d9%86%d9%88%d9%86%d9%8a%d8%a9-%d8%a8%d8%a7%d9%84%d8%a3%d8%b3%d9%88%d8%a7%d9%82-%d8%aa%d8%af%d9%81%d8%b9-%d8%a7%d9%84%d9%83%d8%b3%d8%a7-1744599.html,
هذه الشركات تفرض سيطرتها على الأسواق و أصبحت في السنوات الأخيرة مثل المافيا و هي تستخدم أشخاصا دو سوابق إجرامية لفرض أثمنة كبيرة في ما يسمى السنك و على الشاحنات و البيكاب و باقي السيارات و كل من يمتنع أو يرفض يتعرض لتعنيف و الادى الجسدي و كل هذا أمام أنظار السلطات و المسؤولين,"""رسوم غير قانونية"" بالأسواق تدفع الكسابة إلى التلويح برفع الأسعار",https://www.hespress.com/%d8%b1%d8%b3%d9%88%d9%85-%d8%ba%d9%8a%d8%b1-%d9%82%d8%a7%d9%86%d9%88%d9%86%d9%8a%d8%a9-%d8%a8%d8%a7%d9%84%d8%a3%d8%b3%d9%88%d8%a7%d9%82-%d8%aa%d8%af%d9%81%d8%b9-%d8%a7%d9%84%d9%83%d8%b3%d8%a7-1744599.html,
و المواطن يلوح بالمقاطعة و يخليه يبعبع حتى يعود المسؤولين و الكسابة و المضاربين و الشناقة إلى جادة الصواب ،المواطن هو الحلقة الأضعف لكن هو الحلقة المهمة إذا قاطعكم,"""رسوم غير قانونية"" بالأسواق تدفع الكسابة إلى التلويح برفع الأسعار",https://www.hespress.com/%d8%b1%d8%b3%d9%88%d9%85-%d8%ba%d9%8a%d8%b1-%d9%82%d8%a7%d9%86%d9%88%d9%86%d9%8a%d8%a9-%d8%a8%d8%a7%d9%84%d8%a3%d8%b3%d9%88%d8%a7%d9%82-%d8%aa%d8%af%d9%81%d8%b9-%d8%a7%d9%84%d9%83%d8%b3%d8%a7-1744599.html,
حقيقي الدولة تخسر الملايين من الدراهم على tva بالنسبه للأسواق فلو كانت مراقبة على الاثمنة الخرفان مع إعفاء الفلاح منها اما الشناق فهو المستفيد من هذه الفوضى,"""رسوم غير قانونية"" بالأسواق تدفع الكسابة إلى التلويح برفع الأسعار",https://www.hespress.com/%d8%b1%d8%b3%d9%88%d9%85-%d8%ba%d9%8a%d8%b1-%d9%82%d8%a7%d9%86%d9%88%d9%86%d9%8a%d8%a9-%d8%a8%d8%a7%d9%84%d8%a3%d8%b3%d9%88%d8%a7%d9%82-%d8%aa%d8%af%d9%81%d8%b9-%d8%a7%d9%84%d9%83%d8%b3%d8%a7-1744599.html,
ما يمنع الدولة أن تقول للكسابة أدخلوا أنتم وكسيبتكم  من أغنام وأبقار وماعز إلى الأسواق أمنيين ومطمئنين دون أداء ودون رسوم ودون عناء وتسهل لهم البيع والشراء في هذه الأيام المباركة وتوفر لهم الأمن ليل نهار والكهرباء والماء وأن تحميهم وبهيمتهم من أولائك الذين الفوا الاسترزاق بفرض هيمنتهم عندما تغيب الدولة وما أكثرهم باردين لكتاف الحكارة  ويفرضون مكوس وإتاوات ما أتت بها دولة ولا قانونفي سوق الخميس بسلا والله مررت بالطريق التي تمر أمام السوق أعترص سيارتي ثلاثة أشخاص قالوا لي خاصك تخلص قلت لهم أنا ما جيتش للسوق وما داخلش ليه وما عندي ما ندير فيه قالك خلص حنا شارين السوق  قلت ليهم أن دايز من الطريق الرئيسة مخلص الضريبة مخلص التأمين مخلص لفزيت تنخلص العساس قالك وبعد مدة من النقاش الحامي ذهبوا لحال سبيلهم وهم يشتمون ووقفوا الي خلفي أصحاب الامتياز في استغلال الأسواق الرسمية والمحدثة هم نخبة وطنية ولفات التاكل الجمل والمخزن ورخص بالباطل ومدخول بالهبل,"""رسوم غير قانونية"" بالأسواق تدفع الكسابة إلى التلويح برفع الأسعار",https://www.hespress.com/%d8%b1%d8%b3%d9%88%d9%85-%d8%ba%d9%8a%d8%b1-%d9%82%d8%a7%d9%86%d9%88%d9%86%d9%8a%d8%a9-%d8%a8%d8%a7%d9%84%d8%a3%d8%b3%d9%88%d8%a7%d9%82-%d8%aa%d8%af%d9%81%d8%b9-%d8%a7%d9%84%d9%83%d8%b3%d8%a7-1744599.html,
منهم وإليهممرحبا يا باطلكل زيادة يدفعها المستهلكهو الأخير في السلسلةلا حول ولا قوة بالله العلي العظيم,"""رسوم غير قانونية"" بالأسواق تدفع الكسابة إلى التلويح برفع الأسعار",https://www.hespress.com/%d8%b1%d8%b3%d9%88%d9%85-%d8%ba%d9%8a%d8%b1-%d9%82%d8%a7%d9%86%d9%88%d9%86%d9%8a%d8%a9-%d8%a8%d8%a7%d9%84%d8%a3%d8%b3%d9%88%d8%a7%d9%82-%d8%aa%d8%af%d9%81%d8%b9-%d8%a7%d9%84%d9%83%d8%b3%d8%a7-1744599.html,
علي المواطن ملي شوف زيادة هي خليها عندو حولي  حين السنة ماشي فرض تشري أضحية وتولي ضحية,"""رسوم غير قانونية"" بالأسواق تدفع الكسابة إلى التلويح برفع الأسعار",https://www.hespress.com/%d8%b1%d8%b3%d9%88%d9%85-%d8%ba%d9%8a%d8%b1-%d9%82%d8%a7%d9%86%d9%88%d9%86%d9%8a%d8%a9-%d8%a8%d8%a7%d9%84%d8%a3%d8%b3%d9%88%d8%a7%d9%82-%d8%aa%d8%af%d9%81%d8%b9-%d8%a7%d9%84%d9%83%d8%b3%d8%a7-1744599.html,
علي المواطن ملي شوف زيادة هي خليها عندو حولي  حين السنة ماشي فرض تشري أضحية وتولي ضحية  الزيادة لا أي واحد شاف  التمن زايد علي حولي هي خليه عندو,"""رسوم غير قانونية"" بالأسواق تدفع الكسابة إلى التلويح برفع الأسعار",https://www.hespress.com/%d8%b1%d8%b3%d9%88%d9%85-%d8%ba%d9%8a%d8%b1-%d9%82%d8%a7%d9%86%d9%88%d9%86%d9%8a%d8%a9-%d8%a8%d8%a7%d9%84%d8%a3%d8%b3%d9%88%d8%a7%d9%82-%d8%aa%d8%af%d9%81%d8%b9-%d8%a7%d9%84%d9%83%d8%b3%d8%a7-1744599.html,
اريد ان اعرف من المسؤول عن احترام وتطبيق كناش التحملات الخاص بالاسواق ؟؟؟؟؟؟؟ حكومة لا دور لها سوى التعيينات في مناصب عليا,"""رسوم غير قانونية"" بالأسواق تدفع الكسابة إلى التلويح برفع الأسعار",https://www.hespress.com/%d8%b1%d8%b3%d9%88%d9%85-%d8%ba%d9%8a%d8%b1-%d9%82%d8%a7%d9%86%d9%88%d9%86%d9%8a%d8%a9-%d8%a8%d8%a7%d9%84%d8%a3%d8%b3%d9%88%d8%a7%d9%82-%d8%aa%d8%af%d9%81%d8%b9-%d8%a7%d9%84%d9%83%d8%b3%d8%a7-1744599.html,
أسواق المواشي في المغرب تسبح في بحر العشوائية والارتجال. أحيانا يكون السوق يعج بالأكباش، الأثمنة ملتهبة. وتارة العرض قليل والثمن منخفض. لا احد يستطيع أن يفهم كيف تشتغل الأسواق.الأسواق تتحكم فيه أيادي خفية، لا أحد يستطيع أن يزحزحها، لأن جذوره أضحت جدّ راسخة.,"""رسوم غير قانونية"" بالأسواق تدفع الكسابة إلى التلويح برفع الأسعار",https://www.hespress.com/%d8%b1%d8%b3%d9%88%d9%85-%d8%ba%d9%8a%d8%b1-%d9%82%d8%a7%d9%86%d9%88%d9%86%d9%8a%d8%a9-%d8%a8%d8%a7%d9%84%d8%a3%d8%b3%d9%88%d8%a7%d9%82-%d8%aa%d8%af%d9%81%d8%b9-%d8%a7%d9%84%d9%83%d8%b3%d8%a7-1744599.html,
الحكومة هي المسؤولة عن ارتفاع تمن الأضاحي الدولة صرفات ١١ مليار ديال الدعم على الخوا .خاصها تحدد تمن البيع بالكيلو لايتجاوز  50درهم الكيلو باش تحبس هاد الضارب فالاتمان. او يخليوه ييعبع عندهم,"""رسوم غير قانونية"" بالأسواق تدفع الكسابة إلى التلويح برفع الأسعار",https://www.hespress.com/%d8%b1%d8%b3%d9%88%d9%85-%d8%ba%d9%8a%d8%b1-%d9%82%d8%a7%d9%86%d9%88%d9%86%d9%8a%d8%a9-%d8%a8%d8%a7%d9%84%d8%a3%d8%b3%d9%88%d8%a7%d9%82-%d8%aa%d8%af%d9%81%d8%b9-%d8%a7%d9%84%d9%83%d8%b3%d8%a7-1744599.html,
انتم الحولي طالب فيه مليون و لا تريد صرف حتى 20 درهم,"""رسوم غير قانونية"" بالأسواق تدفع الكسابة إلى التلويح برفع الأسعار",https://www.hespress.com/%d8%b1%d8%b3%d9%88%d9%85-%d8%ba%d9%8a%d8%b1-%d9%82%d8%a7%d9%86%d9%88%d9%86%d9%8a%d8%a9-%d8%a8%d8%a7%d9%84%d8%a3%d8%b3%d9%88%d8%a7%d9%82-%d8%aa%d8%af%d9%81%d8%b9-%d8%a7%d9%84%d9%83%d8%b3%d8%a7-1744599.html,
دائما يستغلون الاعياد والمناسبات الدينية للرفع الغير قانوني في الاسعار. في المغرب لدينا تجارة الاعياد والمناسبات الدينية بامتياز. عوض تخفيض الاثمان في هذه المناسبات من اجل ان يفرح الكل بها، نرى العكس مايحدث…فوضى الاسعار اصبحت لا تطاق حاليا في المغرب. اصبح الامر خانقا لكل المواطنين…,"""رسوم غير قانونية"" بالأسواق تدفع الكسابة إلى التلويح برفع الأسعار",https://www.hespress.com/%d8%b1%d8%b3%d9%88%d9%85-%d8%ba%d9%8a%d8%b1-%d9%82%d8%a7%d9%86%d9%88%d9%86%d9%8a%d8%a9-%d8%a8%d8%a7%d9%84%d8%a3%d8%b3%d9%88%d8%a7%d9%82-%d8%aa%d8%af%d9%81%d8%b9-%d8%a7%d9%84%d9%83%d8%b3%d8%a7-1744599.html,
نقولو زادو عليكم 5 دراهم في راس، دابا الحولي لي ساوي 4000 دم غادين تبيعوه ب 4005 دم ؟,"""رسوم غير قانونية"" بالأسواق تدفع الكسابة إلى التلويح برفع الأسعار",https://www.hespress.com/%d8%b1%d8%b3%d9%88%d9%85-%d8%ba%d9%8a%d8%b1-%d9%82%d8%a7%d9%86%d9%88%d9%86%d9%8a%d8%a9-%d8%a8%d8%a7%d9%84%d8%a3%d8%b3%d9%88%d8%a7%d9%82-%d8%aa%d8%af%d9%81%d8%b9-%d8%a7%d9%84%d9%83%d8%b3%d8%a7-1744599.html,
الحل هو المقاطعة والاكتفاء بأداء صلاة العيد والاحتفاء بما تيسر وما قل ودل من أكلات خالية من اللحوم والذهون…قال تعالى: “وَلَا تُلْقُوا بِأَيْدِيكُمْ إِلَى التَّهْلُكَةِ”…وقد وصف أحد الوزراء المغاربة في السبعينات، خلال التصويت على الدستور بــ”الأكباش”… ووصفهم آخر سنة 2018 بــ”المداويخ”…,"""رسوم غير قانونية"" بالأسواق تدفع الكسابة إلى التلويح برفع الأسعار",https://www.hespress.com/%d8%b1%d8%b3%d9%88%d9%85-%d8%ba%d9%8a%d8%b1-%d9%82%d8%a7%d9%86%d9%88%d9%86%d9%8a%d8%a9-%d8%a8%d8%a7%d9%84%d8%a3%d8%b3%d9%88%d8%a7%d9%82-%d8%aa%d8%af%d9%81%d8%b9-%d8%a7%d9%84%d9%83%d8%b3%d8%a7-1744599.html,
عندما قام المواطن البسيط بحملة خليه يبعبع لان الغنم غال جدا كان الكسابة والشناقة يبكون وينتقدون هذه الحملة والآن عندما فرضت عليهم الشركة 50 درهم للرأس الواحد علما أن 50 درهما لا شيء أمام المبلغ الهائل اللذي سيبيعون به الخروف.يعني حلال عليهم إن يشتكوا من بضع سنتيمات فرضتها عليهم الشركة وحرام على المواطن البسيط ان يشتكي من الاف الدراهم التي يطلبونها منه عن كل رأس.حلل وناقش.بطون الجشع والطمع,"""رسوم غير قانونية"" بالأسواق تدفع الكسابة إلى التلويح برفع الأسعار",https://www.hespress.com/%d8%b1%d8%b3%d9%88%d9%85-%d8%ba%d9%8a%d8%b1-%d9%82%d8%a7%d9%86%d9%88%d9%86%d9%8a%d8%a9-%d8%a8%d8%a7%d9%84%d8%a3%d8%b3%d9%88%d8%a7%d9%82-%d8%aa%d8%af%d9%81%d8%b9-%d8%a7%d9%84%d9%83%d8%b3%d8%a7-1744599.html,
نحسبوها بالخشيبات : 50 درهما عوض 40، و20 درهما عوض 15..يعني زيادة 10 دراهم لرأس البقر، و5 دراهم للغنم والماعز، إوى زعمى نتوما يا أصحاب المواشي غى تزيدو فقط 10 دراهم للبقر و5 دراهم للأغنام؟ راكوم زايدين 5000 درهم في الأبقار  و 1500 درهم في الأغنام….. ، عذر أقبح من زلة!!!!,"""رسوم غير قانونية"" بالأسواق تدفع الكسابة إلى التلويح برفع الأسعار",https://www.hespress.com/%d8%b1%d8%b3%d9%88%d9%85-%d8%ba%d9%8a%d8%b1-%d9%82%d8%a7%d9%86%d9%88%d9%86%d9%8a%d8%a9-%d8%a8%d8%a7%d9%84%d8%a3%d8%b3%d9%88%d8%a7%d9%82-%d8%aa%d8%af%d9%81%d8%b9-%d8%a7%d9%84%d9%83%d8%b3%d8%a7-1744599.html,
زيادة عشرة دراهم غير قانونية لكنها لا تستدعي الرفع من سعر الاضحية حجة مبالغ فيها,"""رسوم غير قانونية"" بالأسواق تدفع الكسابة إلى التلويح برفع الأسعار",https://www.hespress.com/%d8%b1%d8%b3%d9%88%d9%85-%d8%ba%d9%8a%d8%b1-%d9%82%d8%a7%d9%86%d9%88%d9%86%d9%8a%d8%a9-%d8%a8%d8%a7%d9%84%d8%a3%d8%b3%d9%88%d8%a7%d9%82-%d8%aa%d8%af%d9%81%d8%b9-%d8%a7%d9%84%d9%83%d8%b3%d8%a7-1744599.html,
ههها ههههاالكسابة يلوحون برفع الاسعاراش كتساينو ننتظر دلك وادافعلتموه حتى واحد مغادى يشرىورجعوهم للزرايب والاصطبلاتوسمنوهم للسنة المقبلة ان  شاءاللهغا لى فشى قطاع شغله الشاغل هوترويع وتهديد المواطن بالزيادات فىالاثمنة ديرو لى بغيتو والله شهيد علىما تفعلون ما ابقات لا قناعة ولا شفقةولا رحمة,"""رسوم غير قانونية"" بالأسواق تدفع الكسابة إلى التلويح برفع الأسعار",https://www.hespress.com/%d8%b1%d8%b3%d9%88%d9%85-%d8%ba%d9%8a%d8%b1-%d9%82%d8%a7%d9%86%d9%88%d9%86%d9%8a%d8%a9-%d8%a8%d8%a7%d9%84%d8%a3%d8%b3%d9%88%d8%a7%d9%82-%d8%aa%d8%af%d9%81%d8%b9-%d8%a7%d9%84%d9%83%d8%b3%d8%a7-1744599.html,
المفروض فرض ضريبة على الأرباح على الشناق و الكساب…فكيف يعقل انني أنا الموضف أؤدي ضريبة 35 في المية على الدخل و الشناق يذهب بما تبقى من الدخل لأعطيه لتاجر أو كساب و هو لا يؤدي ضريبة على الأرباح بل وقد أخذ نصيبا من ضريبتي كدعم و أخذ ربحا أخر مما تبقى من مدخولي كربح إضافي؟ اليست مداخيل الدولة من الضرائب؟ فإين هي الضريبة على أرباح الفراقشة و الكسابة,"""رسوم غير قانونية"" بالأسواق تدفع الكسابة إلى التلويح برفع الأسعار",https://www.hespress.com/%d8%b1%d8%b3%d9%88%d9%85-%d8%ba%d9%8a%d8%b1-%d9%82%d8%a7%d9%86%d9%88%d9%86%d9%8a%d8%a9-%d8%a8%d8%a7%d9%84%d8%a3%d8%b3%d9%88%d8%a7%d9%82-%d8%aa%d8%af%d9%81%d8%b9-%d8%a7%d9%84%d9%83%d8%b3%d8%a7-1744599.html,
كل شيء عندنا ممكن  حراسً السيارات في كل مكان كدالك حراس الاكباش،في كل مكان في الطروقات. ثم هناك الشركات الأسواق. هذه هي مليونا وظيفة وعد بها أخنوش قبل انتخابه. بين الحراس والباعة المتجولين والطلابا، هناك أكثر من خمسة ملايين. أما الباعة المتجولون، فهم في كل مكان، خارج الإحصاءات الرسمية، ونصف موظفين موضيفون وهميون. لا ينتجون شيئًا ملموسًا؛ إنهم أشباح، مثل الحراس على أبواب المباني الحكومية. بلدنا مليةء باللصوص؛ الأمن عديم الجدوى. نحن بلد نمن ونقبل بكل تلك الخروقات ، اقتصاديا واجتماعيا والحكومات تضحك على الشعب,"""رسوم غير قانونية"" بالأسواق تدفع الكسابة إلى التلويح برفع الأسعار",https://www.hespress.com/%d8%b1%d8%b3%d9%88%d9%85-%d8%ba%d9%8a%d8%b1-%d9%82%d8%a7%d9%86%d9%88%d9%86%d9%8a%d8%a9-%d8%a8%d8%a7%d9%84%d8%a3%d8%b3%d9%88%d8%a7%d9%82-%d8%aa%d8%af%d9%81%d8%b9-%d8%a7%d9%84%d9%83%d8%b3%d8%a7-1744599.html,
"Ici, tout est possible : des gardiens de parking partout, des bergers partout, à chaque coin de rue. Et puis il y a les entreprises, les marchés. Voilà les deux millions d’emplois qu’Akhannouch avait promis avant son élection. Entre les gardiens, les vendeurs ambulants et les étudiants, on en compte plus de cinq millions. Quant aux vendeurs ambulants, ils sont partout, échappant aux statistiques officielles, et la moitié de la main-d’œuvre est constituée d’employés fictifs. Ils ne produisent rien de tangible ; ce sont des fantômes, comme les gardiens aux portes des bâtiments gouvernementaux. Notre pays est plein de voleurs ; la sécurité est inutile. Nous sommes un pays qui accepte et tolère toutes ces violations, économiques et sociales, et injustices les gouvernements se moquent du peuple.","""رسوم غير قانونية"" بالأسواق تدفع الكسابة إلى التلويح برفع الأسعار",https://www.hespress.com/%d8%b1%d8%b3%d9%88%d9%85-%d8%ba%d9%8a%d8%b1-%d9%82%d8%a7%d9%86%d9%88%d9%86%d9%8a%d8%a9-%d8%a8%d8%a7%d9%84%d8%a3%d8%b3%d9%88%d8%a7%d9%82-%d8%aa%d8%af%d9%81%d8%b9-%d8%a7%d9%84%d9%83%d8%b3%d8%a7-1744599.html,
اللهم دم الصحة و السلامة و العز و النصر و التمكين و الافراح و المسرات و التوفيق و التفوق باستمرار على ملكنا المفدى يارب العالمين و احفظه بما حفظت به الذكر الحكيم و كن له ولي و الحافظ و المعين اينما حل و ارتحل الرائد بجميع المقاييس في خدمة القارة الأفريقية بالصورة واضحة المعالم من خلال  مبادرات اقتصادية و اجتماعية و الأمنية و مناخية و علمية و التي  جوهرها تنمية مستدامة لإفريقيا حتى تواكب تطورات العالمية بأفاق واعدة انيا و مستقبلا على غرار تكتلات الراءدة عبر العالم من قبيل الاتحاد الأوروبي.,أخنوش يمثل الملك بالعاصمة الكينية,https://www.hespress.com/%d8%a3%d8%ae%d9%86%d9%88%d8%b4-%d9%8a%d9%85%d8%ab%d9%84-%d8%a7%d9%84%d9%85%d9%84%d9%83-%d8%a8%d8%a7%d9%84%d8%b9%d8%a7%d8%b5%d9%85%d8%a9-%d8%a7%d9%84%d9%83%d9%8a%d9%86%d9%8a%d8%a9-1744882.html,
"ألف شركة فرنسية بالمغرب مخدمة 600 ألف واحد و2 مليون مغربي  ففرنسا , 300 ألف مغربي طلبو فيزا ديالها ف 2025ففرنسا هيخرج قانون جديد تيمنع إتصال centres d’appel بناس وهيؤدي لإغلاقها فلمغرب وضياع 90 ألف واحد فخدمتهم فخاص آخنوش يقنع ماكرون بسحب هاد لقانون",أخنوش يمثل الملك بالعاصمة الكينية,https://www.hespress.com/%d8%a3%d8%ae%d9%86%d9%88%d8%b4-%d9%8a%d9%85%d8%ab%d9%84-%d8%a7%d9%84%d9%85%d9%84%d9%83-%d8%a8%d8%a7%d9%84%d8%b9%d8%a7%d8%b5%d9%85%d8%a9-%d8%a7%d9%84%d9%83%d9%8a%d9%86%d9%8a%d8%a9-1744882.html,
افريقيا إلى الامام  وهذه الحكومة وعلى رأسها  السي الخنخوش خاديين بالشعب إلى الوراء فات الكثير وصبرنا لهم ولم يتبقى إلى القليل ونرتاح من هذه الوجوه النكراء حسبي الله ونعم الوكيل منهم,أخنوش يمثل الملك بالعاصمة الكينية,https://www.hespress.com/%d8%a3%d8%ae%d9%86%d9%88%d8%b4-%d9%8a%d9%85%d8%ab%d9%84-%d8%a7%d9%84%d9%85%d9%84%d9%83-%d8%a8%d8%a7%d9%84%d8%b9%d8%a7%d8%b5%d9%85%d8%a9-%d8%a7%d9%84%d9%83%d9%8a%d9%86%d9%8a%d8%a9-1744882.html,
جلالة الملك حفظه الله يضع كامل ثقته في رئيس الحكومة عزيز أخنوش لتمثيل جلالته في عدد من القضايا والمهام الوطنية، وهو ما يعكس الثقة في قدرته على تنزيل وتنفيذ الأوراش والمشاريع الملكية الكبرى التي عرفتها بلادنا في ظرفية دولية صعبة. وقد استطاع المغرب بفضل هذه الدينامية مواصلة الإصلاحات الاقتصادية والاجتماعية والتنموية، وهو ما أشادت به العديد من المؤسسات والمنظمات الدولية ذات المصداقية.,أخنوش يمثل الملك بالعاصمة الكينية,https://www.hespress.com/%d8%a3%d8%ae%d9%86%d9%88%d8%b4-%d9%8a%d9%85%d8%ab%d9%84-%d8%a7%d9%84%d9%85%d9%84%d9%83-%d8%a8%d8%a7%d9%84%d8%b9%d8%a7%d8%b5%d9%85%d8%a9-%d8%a7%d9%84%d9%83%d9%8a%d9%86%d9%8a%d8%a9-1744882.html,
المغرب أصبح نموذجا فالتعاون الإفريقي والشراكات الاستراتيجية وهاد المشاركة كتزيد تأكد المكانة المهمة ديالو داخل القارة الإفريقية,أخنوش يمثل الملك بالعاصمة الكينية,https://www.hespress.com/%d8%a3%d8%ae%d9%86%d9%88%d8%b4-%d9%8a%d9%85%d8%ab%d9%84-%d8%a7%d9%84%d9%85%d9%84%d9%83-%d8%a8%d8%a7%d9%84%d8%b9%d8%a7%d8%b5%d9%85%d8%a9-%d8%a7%d9%84%d9%83%d9%8a%d9%86%d9%8a%d8%a9-1744882.html,
المشاركة المغربية فهاد القمة الإفريقية كتأكد الدور الريادي اللي كيلعبو المغرب فتعزيز الاستقرار والتنمية داخل القارة,أخنوش يمثل الملك بالعاصمة الكينية,https://www.hespress.com/%d8%a3%d8%ae%d9%86%d9%88%d8%b4-%d9%8a%d9%85%d8%ab%d9%84-%d8%a7%d9%84%d9%85%d9%84%d9%83-%d8%a8%d8%a7%d9%84%d8%b9%d8%a7%d8%b5%d9%85%d8%a9-%d8%a7%d9%84%d9%83%d9%8a%d9%86%d9%8a%d8%a9-1744882.html,
بفضل السياسة الرشيدة لصاحب الجلالة الملك محمد السادس نصره الله أصبح المغرب يتمتع بعلاقات ديبلوماسية قوية مع عدة دول شقيقة وصديقة رئيس الحكومة يعمل جاهداً على استثمار هذه العلاقات لتقوية الاقتصاد الوطني وتشجيع الشراكات وهذا ما يساهم في خلق فرص الشغل وتنمية البلاد,أخنوش يمثل الملك بالعاصمة الكينية,https://www.hespress.com/%d8%a3%d8%ae%d9%86%d9%88%d8%b4-%d9%8a%d9%85%d8%ab%d9%84-%d8%a7%d9%84%d9%85%d9%84%d9%83-%d8%a8%d8%a7%d9%84%d8%b9%d8%a7%d8%b5%d9%85%d8%a9-%d8%a7%d9%84%d9%83%d9%8a%d9%86%d9%8a%d8%a9-1744882.html,
العلاقات الديبلوماسية التي نسجها المغرب تحت القيادة الحكيمة للملك محمد السادس نصره الله مكنت من كسب ثقة دولية واسعة رئيس الحكومة يعول على هذه الثقة لجذب المستثمرين الأجانب وإطلاق مشاريع تنموية كبرى وهذا يعزز مكانة المغرب إقليمياً ودولياً,أخنوش يمثل الملك بالعاصمة الكينية,https://www.hespress.com/%d8%a3%d8%ae%d9%86%d9%88%d8%b4-%d9%8a%d9%85%d8%ab%d9%84-%d8%a7%d9%84%d9%85%d9%84%d9%83-%d8%a8%d8%a7%d9%84%d8%b9%d8%a7%d8%b5%d9%85%d8%a9-%d8%a7%d9%84%d9%83%d9%8a%d9%86%d9%8a%d8%a9-1744882.html,
السياسة الخارجية المتوازنة للمغرب بقيادة جلالة الملك محمد السادس نصره الله جعلت من بلادنا نموذجاً في التعاون الدولي رئيس الحكومة يستثمر هذه العلاقات لخلق فرص اقتصادية جديدة وهذا يعود بالنفع على المواطنين ويساهم في التنمية المستدامة,أخنوش يمثل الملك بالعاصمة الكينية,https://www.hespress.com/%d8%a3%d8%ae%d9%86%d9%88%d8%b4-%d9%8a%d9%85%d8%ab%d9%84-%d8%a7%d9%84%d9%85%d9%84%d9%83-%d8%a8%d8%a7%d9%84%d8%b9%d8%a7%d8%b5%d9%85%d8%a9-%d8%a7%d9%84%d9%83%d9%8a%d9%86%d9%8a%d8%a9-1744882.html,
المغرب تحت قيادة جلالة الملك محمد السادس نصره الله استطاع أن يعزز مكانته في المجتمع الدولي من خلال علاقات ديبلوماسية ناجحة رئيس الحكومة يستغل هذه العلاقات لجذب الاستثمارات وتحقيق النمو الاقتصادي وهذا ينعكس بشكل إيجابي على معيشة المواطنين,أخنوش يمثل الملك بالعاصمة الكينية,https://www.hespress.com/%d8%a3%d8%ae%d9%86%d9%88%d8%b4-%d9%8a%d9%85%d8%ab%d9%84-%d8%a7%d9%84%d9%85%d9%84%d9%83-%d8%a8%d8%a7%d9%84%d8%b9%d8%a7%d8%b5%d9%85%d8%a9-%d8%a7%d9%84%d9%83%d9%8a%d9%86%d9%8a%d8%a9-1744882.html,
السياسة الديبلوماسية للمغرب بقيادة صاحب الجلالة محمد السادس نصره الله جعلت من بلادنا شريكاً موثوقاً في عدة مجالات رئيس الحكومة يعتمد على هذه الشراكات من أجل تنمية القطاعات الحيوية وهذا يفتح آفاقاً واعدة أمام الشباب المغربي,أخنوش يمثل الملك بالعاصمة الكينية,https://www.hespress.com/%d8%a3%d8%ae%d9%86%d9%88%d8%b4-%d9%8a%d9%85%d8%ab%d9%84-%d8%a7%d9%84%d9%85%d9%84%d9%83-%d8%a8%d8%a7%d9%84%d8%b9%d8%a7%d8%b5%d9%85%d8%a9-%d8%a7%d9%84%d9%83%d9%8a%d9%86%d9%8a%d8%a9-1744882.html,
بفضل حكمة جلالة الملك محمد السادس نصره الله تمكن المغرب من بناء علاقات متينة مع مختلف الدول هذه العلاقات تشكل دعامة قوية للاستقرار وجلب الاستثمارات رئيس الحكومة يعمل على ترجمة هذه المكاسب إلى مشاريع ملموسة تعود بالنفع على المواطنين,أخنوش يمثل الملك بالعاصمة الكينية,https://www.hespress.com/%d8%a3%d8%ae%d9%86%d9%88%d8%b4-%d9%8a%d9%85%d8%ab%d9%84-%d8%a7%d9%84%d9%85%d9%84%d9%83-%d8%a8%d8%a7%d9%84%d8%b9%d8%a7%d8%b5%d9%85%d8%a9-%d8%a7%d9%84%d9%83%d9%8a%d9%86%d9%8a%d8%a9-1744882.html,
تحت القيادة المتبصرة للملك محمد السادس نصره الله استطاع المغرب أن يرسخ علاقات ديبلوماسية ناجحة تخدم مصالحه العليا رئيس الحكومة يوظف هذه العلاقات لدعم الاقتصاد الوطني وإحداث دينامية استثمارية قوية وهذا يساهم في تطوير البنية التحتية وتحسين مستوى العيش,أخنوش يمثل الملك بالعاصمة الكينية,https://www.hespress.com/%d8%a3%d8%ae%d9%86%d9%88%d8%b4-%d9%8a%d9%85%d8%ab%d9%84-%d8%a7%d9%84%d9%85%d9%84%d9%83-%d8%a8%d8%a7%d9%84%d8%b9%d8%a7%d8%b5%d9%85%d8%a9-%d8%a7%d9%84%d9%83%d9%8a%d9%86%d9%8a%d8%a9-1744882.html,
بفضل الانفتاح الديبلوماسي الذي يقوده جلالة الملك محمد السادس نصره الله أصبح المغرب يحظى باحترام وتقدير من مختلف الدول رئيس الحكومة يشتغل على تقوية هذه العلاقات من خلال اتفاقيات تعاون وشراكات استراتيجية مما يجعل المغرب فاعلاً محورياً في محيطه الإقليمي والدولي,أخنوش يمثل الملك بالعاصمة الكينية,https://www.hespress.com/%d8%a3%d8%ae%d9%86%d9%88%d8%b4-%d9%8a%d9%85%d8%ab%d9%84-%d8%a7%d9%84%d9%85%d9%84%d9%83-%d8%a8%d8%a7%d9%84%d8%b9%d8%a7%d8%b5%d9%85%d8%a9-%d8%a7%d9%84%d9%83%d9%8a%d9%86%d9%8a%d8%a9-1744882.html,
العلاقة الدبلوماسية بين الدول ستساهم في تحقيق الروابط الثقافية و التجارية و لصالح تطوير العلاقات بين الدول الأخرى,أخنوش يمثل الملك بالعاصمة الكينية,https://www.hespress.com/%d8%a3%d8%ae%d9%86%d9%88%d8%b4-%d9%8a%d9%85%d8%ab%d9%84-%d8%a7%d9%84%d9%85%d9%84%d9%83-%d8%a8%d8%a7%d9%84%d8%b9%d8%a7%d8%b5%d9%85%d8%a9-%d8%a7%d9%84%d9%83%d9%8a%d9%86%d9%8a%d8%a9-1744882.html,
بهاذ العلاقة سيتم تحسين و تعزيز الاستثمارات و فتح أبواب كثيرة في بلادنا,أخنوش يمثل الملك بالعاصمة الكينية,https://www.hespress.com/%d8%a3%d8%ae%d9%86%d9%88%d8%b4-%d9%8a%d9%85%d8%ab%d9%84-%d8%a7%d9%84%d9%85%d9%84%d9%83-%d8%a8%d8%a7%d9%84%d8%b9%d8%a7%d8%b5%d9%85%d8%a9-%d8%a7%d9%84%d9%83%d9%8a%d9%86%d9%8a%d8%a9-1744882.html,
العلاقات الدبلوماسية بين البلدين سيسهم في فتح أبواب كثيرة من اجل تحقيق الروابط الثقافية و التجارية,أخنوش يمثل الملك بالعاصمة الكينية,https://www.hespress.com/%d8%a3%d8%ae%d9%86%d9%88%d8%b4-%d9%8a%d9%85%d8%ab%d9%84-%d8%a7%d9%84%d9%85%d9%84%d9%83-%d8%a8%d8%a7%d9%84%d8%b9%d8%a7%d8%b5%d9%85%d8%a9-%d8%a7%d9%84%d9%83%d9%8a%d9%86%d9%8a%d8%a9-1744882.html,
أن العلاقات التي تجمع  بين بلدان متينة وتتميز بجودة ودينامية فريدة على المستويات السياسية والاقتصادية والثقافية والعلمية الله يحفظ ملكنا الحبيب الغالي,أخنوش يمثل الملك بالعاصمة الكينية,https://www.hespress.com/%d8%a3%d8%ae%d9%86%d9%88%d8%b4-%d9%8a%d9%85%d8%ab%d9%84-%d8%a7%d9%84%d9%85%d9%84%d9%83-%d8%a8%d8%a7%d9%84%d8%b9%d8%a7%d8%b5%d9%85%d8%a9-%d8%a7%d9%84%d9%83%d9%8a%d9%86%d9%8a%d8%a9-1744882.html,
تسعى الحكومة دائما إلى تحقيق ماهو افضل لبلادنا و بفضل هذا التعاون بين الدول التي تهذف إلى تحسين الوضعية الاقتصادية والاجتماعية,أخنوش يمثل الملك بالعاصمة الكينية,https://www.hespress.com/%d8%a3%d8%ae%d9%86%d9%88%d8%b4-%d9%8a%d9%85%d8%ab%d9%84-%d8%a7%d9%84%d9%85%d9%84%d9%83-%d8%a8%d8%a7%d9%84%d8%b9%d8%a7%d8%b5%d9%85%d8%a9-%d8%a7%d9%84%d9%83%d9%8a%d9%86%d9%8a%d8%a9-1744882.html,
رئيس الحكومة أكد ان المملكة جعلت من جناحها منصة للإعلان عن هويتها الجديدة للاستثمار والتصدير المغرب الآن لإبراز مكانتها كمنصة صناعية وتصديرية ووجهة جاذبة للاستثمارات الأجنبية ادعو الله  ان يحفظ ملكنا ويجعله دائما تاجا فوق رؤوسنا ادام الله عليه بنعمه,أخنوش يمثل الملك بالعاصمة الكينية,https://www.hespress.com/%d8%a3%d8%ae%d9%86%d9%88%d8%b4-%d9%8a%d9%85%d8%ab%d9%84-%d8%a7%d9%84%d9%85%d9%84%d9%83-%d8%a8%d8%a7%d9%84%d8%b9%d8%a7%d8%b5%d9%85%d8%a9-%d8%a7%d9%84%d9%83%d9%8a%d9%86%d9%8a%d8%a9-1744882.html,
ندري ان الحكومة تمشي في الطريق الصحيح و انها تعمل بكل ما اوتيت و نأمل تحقيق نتائج ايجابية في هذا التعاون,أخنوش يمثل الملك بالعاصمة الكينية,https://www.hespress.com/%d8%a3%d8%ae%d9%86%d9%88%d8%b4-%d9%8a%d9%85%d8%ab%d9%84-%d8%a7%d9%84%d9%85%d9%84%d9%83-%d8%a8%d8%a7%d9%84%d8%b9%d8%a7%d8%b5%d9%85%d8%a9-%d8%a7%d9%84%d9%83%d9%8a%d9%86%d9%8a%d8%a9-1744882.html,
الحكومة المغربية استطاعت ان تبني علاقة دبلوماسية مع دولة كينيا و غيرها من الدول الاخرى,أخنوش يمثل الملك بالعاصمة الكينية,https://www.hespress.com/%d8%a3%d8%ae%d9%86%d9%88%d8%b4-%d9%8a%d9%85%d8%ab%d9%84-%d8%a7%d9%84%d9%85%d9%84%d9%83-%d8%a8%d8%a7%d9%84%d8%b9%d8%a7%d8%b5%d9%85%d8%a9-%d8%a7%d9%84%d9%83%d9%8a%d9%86%d9%8a%d8%a9-1744882.html,
تمثيل المغرب في هاد القمم الإفريقية والدولية كيعكس المكانة المهمة اللي ولات عند المملكة فالقارة الإفريقية,أخنوش يمثل الملك بالعاصمة الكينية,https://www.hespress.com/%d8%a3%d8%ae%d9%86%d9%88%d8%b4-%d9%8a%d9%85%d8%ab%d9%84-%d8%a7%d9%84%d9%85%d9%84%d9%83-%d8%a8%d8%a7%d9%84%d8%b9%d8%a7%d8%b5%d9%85%d8%a9-%d8%a7%d9%84%d9%83%d9%8a%d9%86%d9%8a%d8%a9-1744882.html,
حضور عزيز أخنوش نيابة عن جلالة الملك تأكيد على التزام المغرب بقضايا التنمية والمناخ بإفريقيا.,أخنوش يمثل الملك بالعاصمة الكينية,https://www.hespress.com/%d8%a3%d8%ae%d9%86%d9%88%d8%b4-%d9%8a%d9%85%d8%ab%d9%84-%d8%a7%d9%84%d9%85%d9%84%d9%83-%d8%a8%d8%a7%d9%84%d8%b9%d8%a7%d8%b5%d9%85%d8%a9-%d8%a7%d9%84%d9%83%d9%8a%d9%86%d9%8a%d8%a9-1744882.html,
المغرب كيبقى حاضر بقوة فكل المبادرات اللي كتهم التعاون الإفريقي والتنمية المستدامة,أخنوش يمثل الملك بالعاصمة الكينية,https://www.hespress.com/%d8%a3%d8%ae%d9%86%d9%88%d8%b4-%d9%8a%d9%85%d8%ab%d9%84-%d8%a7%d9%84%d9%85%d9%84%d9%83-%d8%a8%d8%a7%d9%84%d8%b9%d8%a7%d8%b5%d9%85%d8%a9-%d8%a7%d9%84%d9%83%d9%8a%d9%86%d9%8a%d8%a9-1744882.html,
مشاركة وزراء مهمين فهاد القمة كيبين أن المغرب داخل برؤية متكاملة فمجالات الطاقة والصحة والاستثمار.,أخنوش يمثل الملك بالعاصمة الكينية,https://www.hespress.com/%d8%a3%d8%ae%d9%86%d9%88%d8%b4-%d9%8a%d9%85%d8%ab%d9%84-%d8%a7%d9%84%d9%85%d9%84%d9%83-%d8%a8%d8%a7%d9%84%d8%b9%d8%a7%d8%b5%d9%85%d8%a9-%d8%a7%d9%84%d9%83%d9%8a%d9%86%d9%8a%d8%a9-1744882.html,
الدبلوماسية المغربية كتواصل تعزيز الشراكات مع الدول الإفريقية وخدمة المصالح المشتركة,أخنوش يمثل الملك بالعاصمة الكينية,https://www.hespress.com/%d8%a3%d8%ae%d9%86%d9%88%d8%b4-%d9%8a%d9%85%d8%ab%d9%84-%d8%a7%d9%84%d9%85%d9%84%d9%83-%d8%a8%d8%a7%d9%84%d8%b9%d8%a7%d8%b5%d9%85%d8%a9-%d8%a7%d9%84%d9%83%d9%8a%d9%86%d9%8a%d8%a9-1744882.html,
قضايا المناخ اليوم ولات أولوية عالمية، والمغرب كيلعب دور ريادي فالدفاع على التنمية المستدامة بالقارة.,أخنوش يمثل الملك بالعاصمة الكينية,https://www.hespress.com/%d8%a3%d8%ae%d9%86%d9%88%d8%b4-%d9%8a%d9%85%d8%ab%d9%84-%d8%a7%d9%84%d9%85%d9%84%d9%83-%d8%a8%d8%a7%d9%84%d8%b9%d8%a7%d8%b5%d9%85%d8%a9-%d8%a7%d9%84%d9%83%d9%8a%d9%86%d9%8a%d8%a9-1744882.html,
حضور المغرب فقمم بحال هادي كيأكد الثقة اللي كتحظى بها المملكة على المستوى الإفريقي والدولي,أخنوش يمثل الملك بالعاصمة الكينية,https://www.hespress.com/%d8%a3%d8%ae%d9%86%d9%88%d8%b4-%d9%8a%d9%85%d8%ab%d9%84-%d8%a7%d9%84%d9%85%d9%84%d9%83-%d8%a8%d8%a7%d9%84%d8%b9%d8%a7%d8%b5%d9%85%d8%a9-%d8%a7%d9%84%d9%83%d9%8a%d9%86%d9%8a%d8%a9-1744882.html,
التعاون جنوب-جنوب اللي كيدافع عليه المغرب بدا كيعطي ثماره فعدة مجالات مهمة,أخنوش يمثل الملك بالعاصمة الكينية,https://www.hespress.com/%d8%a3%d8%ae%d9%86%d9%88%d8%b4-%d9%8a%d9%85%d8%ab%d9%84-%d8%a7%d9%84%d9%85%d9%84%d9%83-%d8%a8%d8%a7%d9%84%d8%b9%d8%a7%d8%b5%d9%85%d8%a9-%d8%a7%d9%84%d9%83%d9%8a%d9%86%d9%8a%d8%a9-1744882.html,
إشراك قطاعات الطاقة والصحة والاستثمار فهاد اللقاءات غادي يعزز فرص التعاون والتنمية بين الدول الإفريقية.,أخنوش يمثل الملك بالعاصمة الكينية,https://www.hespress.com/%d8%a3%d8%ae%d9%86%d9%88%d8%b4-%d9%8a%d9%85%d8%ab%d9%84-%d8%a7%d9%84%d9%85%d9%84%d9%83-%d8%a8%d8%a7%d9%84%d8%b9%d8%a7%d8%b5%d9%85%d8%a9-%d8%a7%d9%84%d9%83%d9%8a%d9%86%d9%8a%d8%a9-1744882.html,
خطوة جديدة كتؤكد أن المغرب مستمر فتعزيز حضوره القوي داخل القارة الإفريقية وخدمة القضايا المشتركة,أخنوش يمثل الملك بالعاصمة الكينية,https://www.hespress.com/%d8%a3%d8%ae%d9%86%d9%88%d8%b4-%d9%8a%d9%85%d8%ab%d9%84-%d8%a7%d9%84%d9%85%d9%84%d9%83-%d8%a8%d8%a7%d9%84%d8%b9%d8%a7%d8%b5%d9%85%d8%a9-%d8%a7%d9%84%d9%83%d9%8a%d9%86%d9%8a%d8%a9-1744882.html,
نفتخر بملكنا الحبيب ونقدر مجهوداته الجبارة من أجل انجح العلاقات الديبلوماسية المغربية مع الدول الصديقة.,أخنوش يمثل الملك بالعاصمة الكينية,https://www.hespress.com/%d8%a3%d8%ae%d9%86%d9%88%d8%b4-%d9%8a%d9%85%d8%ab%d9%84-%d8%a7%d9%84%d9%85%d9%84%d9%83-%d8%a8%d8%a7%d9%84%d8%b9%d8%a7%d8%b5%d9%85%d8%a9-%d8%a7%d9%84%d9%83%d9%8a%d9%86%d9%8a%d8%a9-1744882.html,
بالفضل الاهتمام الذي يوليه جلالة الملك محمد السادس للعلاقات الديبلوماسية الخارجية إستطاع المغرب أن يقوي جسر التواصل والصداقة مع كينيا,أخنوش يمثل الملك بالعاصمة الكينية,https://www.hespress.com/%d8%a3%d8%ae%d9%86%d9%88%d8%b4-%d9%8a%d9%85%d8%ab%d9%84-%d8%a7%d9%84%d9%85%d9%84%d9%83-%d8%a8%d8%a7%d9%84%d8%b9%d8%a7%d8%b5%d9%85%d8%a9-%d8%a7%d9%84%d9%83%d9%8a%d9%86%d9%8a%d8%a9-1744882.html,
تعتبر العلاقات المغربية كينيا نموذجًا ناجحًا للتعاون الإفريقي المبني على الاحترام المتبادل والمصالح المشتركة,أخنوش يمثل الملك بالعاصمة الكينية,https://www.hespress.com/%d8%a3%d8%ae%d9%86%d9%88%d8%b4-%d9%8a%d9%85%d8%ab%d9%84-%d8%a7%d9%84%d9%85%d9%84%d9%83-%d8%a8%d8%a7%d9%84%d8%b9%d8%a7%d8%b5%d9%85%d8%a9-%d8%a7%d9%84%d9%83%d9%8a%d9%86%d9%8a%d8%a9-1744882.html,
تعكس الاتفاقيات المشتركة رغبة البلدين في تحقيق تنمية مستدامة قائمة على التضامن الإفريقي,أخنوش يمثل الملك بالعاصمة الكينية,https://www.hespress.com/%d8%a3%d8%ae%d9%86%d9%88%d8%b4-%d9%8a%d9%85%d8%ab%d9%84-%d8%a7%d9%84%d9%85%d9%84%d9%83-%d8%a8%d8%a7%d9%84%d8%b9%d8%a7%d8%b5%d9%85%d8%a9-%d8%a7%d9%84%d9%83%d9%8a%d9%86%d9%8a%d8%a9-1744882.html,
تلعب الزيارات الرسمية المتبادلة بين قائدي البلدين دورًا مهمًا في تعزيز الشراكة الاستراتيجية,أخنوش يمثل الملك بالعاصمة الكينية,https://www.hespress.com/%d8%a3%d8%ae%d9%86%d9%88%d8%b4-%d9%8a%d9%85%d8%ab%d9%84-%d8%a7%d9%84%d9%85%d9%84%d9%83-%d8%a8%d8%a7%d9%84%d8%b9%d8%a7%d8%b5%d9%85%d8%a9-%d8%a7%d9%84%d9%83%d9%8a%d9%86%d9%8a%d8%a9-1744882.html,
تسهم الاستثمارات المغربية في كينيا في دعم التنمية الاقتصادية وخلق فرص الشغل,أخنوش يمثل الملك بالعاصمة الكينية,https://www.hespress.com/%d8%a3%d8%ae%d9%86%d9%88%d8%b4-%d9%8a%d9%85%d8%ab%d9%84-%d8%a7%d9%84%d9%85%d9%84%d9%83-%d8%a8%d8%a7%d9%84%d8%b9%d8%a7%d8%b5%d9%85%d8%a9-%d8%a7%d9%84%d9%83%d9%8a%d9%86%d9%8a%d8%a9-1744882.html,
يشكل التعاون الديني والثقافي أحد أعمدة العلاقة بين البلدين، خاصة في مجال تكوين الأئمة ونشر قيم الإسلام المعتدل,أخنوش يمثل الملك بالعاصمة الكينية,https://www.hespress.com/%d8%a3%d8%ae%d9%86%d9%88%d8%b4-%d9%8a%d9%85%d8%ab%d9%84-%d8%a7%d9%84%d9%85%d9%84%d9%83-%d8%a8%d8%a7%d9%84%d8%b9%d8%a7%d8%b5%d9%85%d8%a9-%d8%a7%d9%84%d9%83%d9%8a%d9%86%d9%8a%d8%a9-1744882.html,
يحرص البلدان على تعزيز التعاون جنوب–جنوب، باعتباره خيارًا استراتيجيًا لتحقيق التنمية المشتركة في القارة الإفريقية,أخنوش يمثل الملك بالعاصمة الكينية,https://www.hespress.com/%d8%a3%d8%ae%d9%86%d9%88%d8%b4-%d9%8a%d9%85%d8%ab%d9%84-%d8%a7%d9%84%d9%85%d9%84%d9%83-%d8%a8%d8%a7%d9%84%d8%b9%d8%a7%d8%b5%d9%85%d8%a9-%d8%a7%d9%84%d9%83%d9%8a%d9%86%d9%8a%d8%a9-1744882.html,
تتميز العلاقات الدبلوماسية بين المغرب و كينيا  بالقوة والاستمرارية، حيث تعود جذورها إلى عقود طويلة من التعاون والثقة المتبادلة,أخنوش يمثل الملك بالعاصمة الكينية,https://www.hespress.com/%d8%a3%d8%ae%d9%86%d9%88%d8%b4-%d9%8a%d9%85%d8%ab%d9%84-%d8%a7%d9%84%d9%85%d9%84%d9%83-%d8%a8%d8%a7%d9%84%d8%b9%d8%a7%d8%b5%d9%85%d8%a9-%d8%a7%d9%84%d9%83%d9%8a%d9%86%d9%8a%d8%a9-1744882.html,
بفضل القيادة الراشدة لجلالة الملك محمد السادس نصره الله أصبح المغرب اليوم يتمتع بعلاقات ديبلوماسية قوية مع مجموعة من الدول,أخنوش يمثل الملك بالعاصمة الكينية,https://www.hespress.com/%d8%a3%d8%ae%d9%86%d9%88%d8%b4-%d9%8a%d9%85%d8%ab%d9%84-%d8%a7%d9%84%d9%85%d9%84%d9%83-%d8%a8%d8%a7%d9%84%d8%b9%d8%a7%d8%b5%d9%85%d8%a9-%d8%a7%d9%84%d9%83%d9%8a%d9%86%d9%8a%d8%a9-1744882.html,
اليوم ما حققته الديبلوماسية المغربية هو بفضل القيادة الراشدة لجلالة الملك محمد السادس نصره الله وأيداه.,أخنوش يمثل الملك بالعاصمة الكينية,https://www.hespress.com/%d8%a3%d8%ae%d9%86%d9%88%d8%b4-%d9%8a%d9%85%d8%ab%d9%84-%d8%a7%d9%84%d9%85%d9%84%d9%83-%d8%a8%d8%a7%d9%84%d8%b9%d8%a7%d8%b5%d9%85%d8%a9-%d8%a7%d9%84%d9%83%d9%8a%d9%86%d9%8a%d8%a9-1744882.html,
حضور قوي وتمثيل راقٍ للمغرب فكينيا كيبين الثقة الكبيرة اللي كتحظى بها بلادنا دولياً,أخنوش يمثل الملك بالعاصمة الكينية,https://www.hespress.com/%d8%a3%d8%ae%d9%86%d9%88%d8%b4-%d9%8a%d9%85%d8%ab%d9%84-%d8%a7%d9%84%d9%85%d9%84%d9%83-%d8%a8%d8%a7%d9%84%d8%b9%d8%a7%d8%b5%d9%85%d8%a9-%d8%a7%d9%84%d9%83%d9%8a%d9%86%d9%8a%d8%a9-1744882.html,
تمثيل المملكة بهاد المستوى فكينيا فخر لكل المغاربة وكيأكد المكانة المتميزة ديال المغرب,أخنوش يمثل الملك بالعاصمة الكينية,https://www.hespress.com/%d8%a3%d8%ae%d9%86%d9%88%d8%b4-%d9%8a%d9%85%d8%ab%d9%84-%d8%a7%d9%84%d9%85%d9%84%d9%83-%d8%a8%d8%a7%d9%84%d8%b9%d8%a7%d8%b5%d9%85%d8%a9-%d8%a7%d9%84%d9%83%d9%8a%d9%86%d9%8a%d8%a9-1744882.html,
صورة مشرفة للمغرب فكينيا وتعزيز مستمر للعلاقات الإفريقية بقيادة حكيمة,أخنوش يمثل الملك بالعاصمة الكينية,https://www.hespress.com/%d8%a3%d8%ae%d9%86%d9%88%d8%b4-%d9%8a%d9%85%d8%ab%d9%84-%d8%a7%d9%84%d9%85%d9%84%d9%83-%d8%a8%d8%a7%d9%84%d8%b9%d8%a7%d8%b5%d9%85%d8%a9-%d8%a7%d9%84%d9%83%d9%8a%d9%86%d9%8a%d8%a9-1744882.html,
المغرب حاضر بقوة فالمحافل الإفريقية وتمثيل كينيا خير دليل على الدبلوماسية الناجحة,أخنوش يمثل الملك بالعاصمة الكينية,https://www.hespress.com/%d8%a3%d8%ae%d9%86%d9%88%d8%b4-%d9%8a%d9%85%d8%ab%d9%84-%d8%a7%d9%84%d9%85%d9%84%d9%83-%d8%a8%d8%a7%d9%84%d8%b9%d8%a7%d8%b5%d9%85%d8%a9-%d8%a7%d9%84%d9%83%d9%8a%d9%86%d9%8a%d8%a9-1744882.html,
مشاركة وازنة كتأكد أن المغرب ولى شريك أساسي وفاعل فالقارة الإفريقية,أخنوش يمثل الملك بالعاصمة الكينية,https://www.hespress.com/%d8%a3%d8%ae%d9%86%d9%88%d8%b4-%d9%8a%d9%85%d8%ab%d9%84-%d8%a7%d9%84%d9%85%d9%84%d9%83-%d8%a8%d8%a7%d9%84%d8%b9%d8%a7%d8%b5%d9%85%d8%a9-%d8%a7%d9%84%d9%83%d9%8a%d9%86%d9%8a%d8%a9-1744882.html,
تمثيل يعكس الثقة الكبيرة في الكفاءات الوطنية لحضور القمم الدولية والدفاع عن القضايا الإفريقية حضور مهم يعزز مكانة المغرب داخل القارة الإفريقية ويؤكد دوره في دعم التعاون والتنمية المشتركة,أخنوش يمثل الملك بالعاصمة الكينية,https://www.hespress.com/%d8%a3%d8%ae%d9%86%d9%88%d8%b4-%d9%8a%d9%85%d8%ab%d9%84-%d8%a7%d9%84%d9%85%d9%84%d9%83-%d8%a8%d8%a7%d9%84%d8%b9%d8%a7%d8%b5%d9%85%d8%a9-%d8%a7%d9%84%d9%83%d9%8a%d9%86%d9%8a%d8%a9-1744882.html,
مشاركة دبلوماسية تعكس الحضور المتواصل للمغرب في النقاشات الدولية المرتبطة بمستقبل إفريقيا خطوة تعكس انخراط المغرب في القضايا البيئية والتنموية التي تهم القارة الإفريقية,أخنوش يمثل الملك بالعاصمة الكينية,https://www.hespress.com/%d8%a3%d8%ae%d9%86%d9%88%d8%b4-%d9%8a%d9%85%d8%ab%d9%84-%d8%a7%d9%84%d9%85%d9%84%d9%83-%d8%a8%d8%a7%d9%84%d8%b9%d8%a7%d8%b5%d9%85%d8%a9-%d8%a7%d9%84%d9%83%d9%8a%d9%86%d9%8a%d8%a9-1744882.html,
تمثيل مهم يعكس ثقل المغرب في المحافل الإفريقية والدولية حضور يعزز دينامية العلاقات المغربية الإفريقية ويؤكد عمق الشراكات داخل القارة,أخنوش يمثل الملك بالعاصمة الكينية,https://www.hespress.com/%d8%a3%d8%ae%d9%86%d9%88%d8%b4-%d9%8a%d9%85%d8%ab%d9%84-%d8%a7%d9%84%d9%85%d9%84%d9%83-%d8%a8%d8%a7%d9%84%d8%b9%d8%a7%d8%b5%d9%85%d8%a9-%d8%a7%d9%84%d9%83%d9%8a%d9%86%d9%8a%d8%a9-1744882.html,
مشاركة تعكس التزام المغرب بالمساهمة في المبادرات الدولية الداعمة للتنمية المستدامة حضور دبلوماسي يبرز الدور الإيجابي للمغرب في دعم القضايا الإفريقية المشتركة,أخنوش يمثل الملك بالعاصمة الكينية,https://www.hespress.com/%d8%a3%d8%ae%d9%86%d9%88%d8%b4-%d9%8a%d9%85%d8%ab%d9%84-%d8%a7%d9%84%d9%85%d9%84%d9%83-%d8%a8%d8%a7%d9%84%d8%b9%d8%a7%d8%b5%d9%85%d8%a9-%d8%a7%d9%84%d9%83%d9%8a%d9%86%d9%8a%d8%a9-1744882.html,
تمثيل يعكس المكانة المتنامية للمغرب كشريك فاعل داخل القارة الإفريقية مشاركة مهمة تؤكد استمرار الحضور المغربي في القمم التي تناقش مستقبل إفريقيا,أخنوش يمثل الملك بالعاصمة الكينية,https://www.hespress.com/%d8%a3%d8%ae%d9%86%d9%88%d8%b4-%d9%8a%d9%85%d8%ab%d9%84-%d8%a7%d9%84%d9%85%d9%84%d9%83-%d8%a8%d8%a7%d9%84%d8%b9%d8%a7%d8%b5%d9%85%d8%a9-%d8%a7%d9%84%d9%83%d9%8a%d9%86%d9%8a%d8%a9-1744882.html,
حضور يعكس انخراط المغرب في الجهود الدولية المرتبطة بالمناخ والتنمية بالقارة تمثيل يبرز إشعاع المغرب ودوره في تعزيز التعاون الإفريقي والدولي,أخنوش يمثل الملك بالعاصمة الكينية,https://www.hespress.com/%d8%a3%d8%ae%d9%86%d9%88%d8%b4-%d9%8a%d9%85%d8%ab%d9%84-%d8%a7%d9%84%d9%85%d9%84%d9%83-%d8%a8%d8%a7%d9%84%d8%b9%d8%a7%d8%b5%d9%85%d8%a9-%d8%a7%d9%84%d9%83%d9%8a%d9%86%d9%8a%d8%a9-1744882.html,
نتمنى العثور عليها سالمة انشاء الله في اقرب وقت. وشكرا لكل من يساهم في البحث.,مروحية تبحث عن فتاة مختفية بأزيلال,https://www.hespress.com/%d9%85%d8%b1%d9%88%d8%ad%d9%8a%d8%a9-%d8%aa%d8%a8%d8%ad%d8%ab-%d8%b9%d9%86-%d9%81%d8%aa%d8%a7%d8%a9-%d9%85%d8%ae%d8%aa%d9%81%d9%8a%d8%a9-%d8%a8%d8%a3%d8%b2%d9%8a%d9%84%d8%a7%d9%84-1744272.html,
تحية للدرك الملكي ولكل من يخدم وطنه,مروحية تبحث عن فتاة مختفية بأزيلال,https://www.hespress.com/%d9%85%d8%b1%d9%88%d8%ad%d9%8a%d8%a9-%d8%aa%d8%a8%d8%ad%d8%ab-%d8%b9%d9%86-%d9%81%d8%aa%d8%a7%d8%a9-%d9%85%d8%ae%d8%aa%d9%81%d9%8a%d8%a9-%d8%a8%d8%a3%d8%b2%d9%8a%d9%84%d8%a7%d9%84-1744272.html,
كنتمنى متكونش متابعة للمسلسلات التركية و التكتوكية وشي ولد الناس عمر ليها الراس و دار ليها الوسواس مغمس بالبسباس !,مروحية تبحث عن فتاة مختفية بأزيلال,https://www.hespress.com/%d9%85%d8%b1%d9%88%d8%ad%d9%8a%d8%a9-%d8%aa%d8%a8%d8%ad%d8%ab-%d8%b9%d9%86-%d9%81%d8%aa%d8%a7%d8%a9-%d9%85%d8%ae%d8%aa%d9%81%d9%8a%d8%a9-%d8%a8%d8%a3%d8%b2%d9%8a%d9%84%d8%a7%d9%84-1744272.html,
السي حميد بغينا المزيد من التفتصيل لعل أحدهم من المنطقة شاهدها أو سعرف مكانها لكي يخبر الدرك.,مروحية تبحث عن فتاة مختفية بأزيلال,https://www.hespress.com/%d9%85%d8%b1%d9%88%d8%ad%d9%8a%d8%a9-%d8%aa%d8%a8%d8%ad%d8%ab-%d8%b9%d9%86-%d9%81%d8%aa%d8%a7%d8%a9-%d9%85%d8%ae%d8%aa%d9%81%d9%8a%d8%a9-%d8%a8%d8%a3%d8%b2%d9%8a%d9%84%d8%a7%d9%84-1744272.html,
سلام ،لازال مع الأسف الشديد بعض الطلبة والطالبات المغاربة لم يتوصلوا حتى بالمنحة الأولى خصوصا بجامعة طنجة حيث لازال بعض هؤلاء الطلاب لم تسلمهم الجهات المختصة اي منحة رغم توجيه رسائل استعطافية للسيد والى جهة طنجة تطوان ،والمامول من الجهات المختصة بالتعجيل لتصفية ملفات المنح مع تعميمها على جميع الطلبة وخصوصا القاطنين بعيدا على مدينة طنجة سواء بمدينة أصيلة او غيرها،علما ان بعض اباء هؤلاء الطلبة متقاعدين ،والغربب ان المغرب يمنح الاجانب وخصوصا الطلبة الأفارقة المنح حارما الطلبة والطالبات المغاربة من المنحة ،والامر يتطلب التعجيل لتعميم المنحة الجامعية على الطلبة المغاربة الذين مازالوا لم يتوصلوا بمنحهم،وكذا تسهيل التحاق الطلبة القاطنين خارج طنجة للولوج الى الحي الجامعي عوض صعوبات النقل.,دراسة تستعرض آثار المنح الجامعية,https://www.hespress.com/%d8%af%d8%b1%d8%a7%d8%b3%d8%a9-%d8%aa%d8%b3%d8%aa%d8%b9%d8%b1%d8%b6-%d8%a2%d8%ab%d8%a7%d8%b1-%d8%a7%d9%84%d9%85%d9%86%d8%ad-%d8%a7%d9%84%d8%ac%d8%a7%d9%85%d8%b9%d9%8a%d8%a9-1743822.html,
عندنا فالبلاد تنكولو: صدقة تبدا من الدار،من فضلكم اعطو الشان لولاد وبنات البلاد.,دراسة تستعرض آثار المنح الجامعية,https://www.hespress.com/%d8%af%d8%b1%d8%a7%d8%b3%d8%a9-%d8%aa%d8%b3%d8%aa%d8%b9%d8%b1%d8%b6-%d8%a2%d8%ab%d8%a7%d8%b1-%d8%a7%d9%84%d9%85%d9%86%d8%ad-%d8%a7%d9%84%d8%ac%d8%a7%d9%85%d8%b9%d9%8a%d8%a9-1743822.html,
يجب مضاعفة مبلغ المنحة ثلاث مرات و تعميمها على الجميع حتى لو كان ولد أخنوش لأن ربط المنحة بمستوى دخل العائلة ليس سليما و لا يحفز الطلبة على  مزيد من  الاستقلال المادي و النفسي عن ذويهم .,دراسة تستعرض آثار المنح الجامعية,https://www.hespress.com/%d8%af%d8%b1%d8%a7%d8%b3%d8%a9-%d8%aa%d8%b3%d8%aa%d8%b9%d8%b1%d8%b6-%d8%a2%d8%ab%d8%a7%d8%b1-%d8%a7%d9%84%d9%85%d9%86%d8%ad-%d8%a7%d9%84%d8%ac%d8%a7%d9%85%d8%b9%d9%8a%d8%a9-1743822.html,
العالم لا يفهم بالالعاب بل بمدا تقربك من الله و استغفارك و قرائتك للقرأنكيف يمكنني قضاء وقت في عالم افتراضي لا نهاية له و يضيع علي الاجر و التواب فيما ينفعني يوم القيامةقضاء حاجة شخص افضل لي من اضيع وقتي مع هده الالعاب التي ضمرت شبابنا,الألعاب الإلكترونية .. مختبرات فلسفية مصغرة تختبر إدارة الوُجود البشري,https://www.hespress.com/%d8%a7%d9%84%d8%a3%d9%84%d8%b9%d8%a7%d8%a8-%d8%a7%d9%84%d8%a5%d9%84%d9%83%d8%aa%d8%b1%d9%88%d9%86%d9%8a%d8%a9-%d9%85%d8%ae%d8%aa%d8%a8%d8%b1%d8%a7%d8%aa-%d9%81%d9%84%d8%b3%d9%81%d9%8a%d8%a9-%d9%85-1743894.html,
الألعاب للأطفال لتنمية الحس التفاعلي مع الآخرية ، ووسائل بيداغوجية لتنمية القدرات العقلية وحتى الجسمانية، لكن الالعاب الالكترونية لها دور سلبي أحيانا وخاصة الغير مؤطرة تربويا، أما الالعاب الالكترونية للكبار فهي مضيعة للوقت وتصبح سببا لهدر المال كذلك.,الألعاب الإلكترونية .. مختبرات فلسفية مصغرة تختبر إدارة الوُجود البشري,https://www.hespress.com/%d8%a7%d9%84%d8%a3%d9%84%d8%b9%d8%a7%d8%a8-%d8%a7%d9%84%d8%a5%d9%84%d9%83%d8%aa%d8%b1%d9%88%d9%86%d9%8a%d8%a9-%d9%85%d8%ae%d8%aa%d8%a8%d8%b1%d8%a7%d8%aa-%d9%81%d9%84%d8%b3%d9%81%d9%8a%d8%a9-%d9%85-1743894.html,
مجال الالعاب الالكترونية يدر امواض ضخمة أكثر من مجال الافلام ويخلق فرص كثيرة للشباب خاصة الذين يعملون في مجال التطوير وصناعة المحتوى والذين أيضا يدخلون مجال المنافسات الكبرى في الدول المتقدمة اما نحن فمازلنا نتصارع على قفة رمضان وكبش العيد مجال الالعاب الالكترونية مجار يدر الملايير من الدولارات على الدول التي تعمل عليها وتجعل شبابهم يبرعون في التقدم والازدهار,الألعاب الإلكترونية .. مختبرات فلسفية مصغرة تختبر إدارة الوُجود البشري,https://www.hespress.com/%d8%a7%d9%84%d8%a3%d9%84%d8%b9%d8%a7%d8%a8-%d8%a7%d9%84%d8%a5%d9%84%d9%83%d8%aa%d8%b1%d9%88%d9%86%d9%8a%d8%a9-%d9%85%d8%ae%d8%aa%d8%a8%d8%b1%d8%a7%d8%aa-%d9%81%d9%84%d8%b3%d9%81%d9%8a%d8%a9-%d9%85-1743894.html,
فين الحبيب  فين نجاح فين الولد فين باباي فين فين فين؟؟؟ هذا لا يليق بفريق عريق صال و جال في البطولة الوطنية!!!صراحة مآل يدمي القلب.,الوداد يتجنب المنافسة في بني ملال,https://www.hespress.com/%d8%a7%d9%84%d9%88%d8%af%d8%a7%d8%af-%d9%8a%d8%aa%d8%ac%d9%86%d8%a8-%d8%a7%d9%84%d9%85%d9%86%d8%a7%d9%81%d8%b3%d8%a9-%d9%81%d9%8a-%d8%a8%d9%86%d9%8a-%d9%85%d9%84%d8%a7%d9%84-1744978.html,
من الواجب اللعب بوادي زم فيها ملعب عشب طبيعي و قريبة من بني ملال لازم الجمهور يبقى قريب من بني ملال,الوداد يتجنب المنافسة في بني ملال,https://www.hespress.com/%d8%a7%d9%84%d9%88%d8%af%d8%a7%d8%af-%d9%8a%d8%aa%d8%ac%d9%86%d8%a8-%d8%a7%d9%84%d9%85%d9%86%d8%a7%d9%81%d8%b3%d8%a9-%d9%81%d9%8a-%d8%a8%d9%86%d9%8a-%d9%85%d9%84%d8%a7%d9%84-1744978.html,
لماذا ستلعب المبارات اصلا. اعطو الفوز لماما وداد دون عناء. كفى من الاستهتار و الضحك على دقون المواطنين. سبحان الله بقدرة قادر لم يعد الملعب مؤهل لمقابلة كرة القدم. حفظك الله يا وطني,الوداد يتجنب المنافسة في بني ملال,https://www.hespress.com/%d8%a7%d9%84%d9%88%d8%af%d8%a7%d8%af-%d9%8a%d8%aa%d8%ac%d9%86%d8%a8-%d8%a7%d9%84%d9%85%d9%86%d8%a7%d9%81%d8%b3%d8%a9-%d9%81%d9%8a-%d8%a8%d9%86%d9%8a-%d9%85%d9%84%d8%a7%d9%84-1744978.html,
رجاء بني ملال سيستفيذ من مدخول جيد.وأرضية الملعب هي الفصل.,الوداد يتجنب المنافسة في بني ملال,https://www.hespress.com/%d8%a7%d9%84%d9%88%d8%af%d8%a7%d8%af-%d9%8a%d8%aa%d8%ac%d9%86%d8%a8-%d8%a7%d9%84%d9%85%d9%86%d8%a7%d9%81%d8%b3%d8%a9-%d9%81%d9%8a-%d8%a8%d9%86%d9%8a-%d9%85%d9%84%d8%a7%d9%84-1744978.html,
تعليق 3.ادارة بني ملال هو الفريق المستظيف َوجب عليه تأمين المقابلة والبحث عن الملعب . فما دخل الوداد في هذا الشأن!!و إذا اختارو ملعب محمد الخامس فمرحبا بهم جميعآ.وحظ سعيد للفريقين.,الوداد يتجنب المنافسة في بني ملال,https://www.hespress.com/%d8%a7%d9%84%d9%88%d8%af%d8%a7%d8%af-%d9%8a%d8%aa%d8%ac%d9%86%d8%a8-%d8%a7%d9%84%d9%85%d9%86%d8%a7%d9%81%d8%b3%d8%a9-%d9%81%d9%8a-%d8%a8%d9%86%d9%8a-%d9%85%d9%84%d8%a7%d9%84-1744978.html,
كان  عليهم اللعب بواد زم ملعب بعشب طبيعي وقريب لجمهور الفريق الملالي,الوداد يتجنب المنافسة في بني ملال,https://www.hespress.com/%d8%a7%d9%84%d9%88%d8%af%d8%a7%d8%af-%d9%8a%d8%aa%d8%ac%d9%86%d8%a8-%d8%a7%d9%84%d9%85%d9%86%d8%a7%d9%81%d8%b3%d8%a9-%d9%81%d9%8a-%d8%a8%d9%86%d9%8a-%d9%85%d9%84%d8%a7%d9%84-1744978.html,
سنواصل القتاللا السيد المدربكرة القدم رياضة وليست حرب كرة القدم روح رياضية  وليست قتالكان عليك السيد المدرب ان تكون هادئا جدا وتعتبر الفوز شيئا عاديا وليس العكسلقد رايتك اتناء نهاية اللقاء كيف كنت تعبر حتى ظننت أنك دخلت في تبادل للسب والشتم  مع احدهم نظرا لحالة الهيجان التي كنت عليهاالرياضة اخلاقكان عليك توجيه رسالة عادية بعيدة عن تلك الحمولات التي تدكرنا ببعض الدول التي تجعل من كرة القدم ملاحم حرب وليس لعبة عادية,بنشريفة يوجه رسالة لجماهير الوداد,https://www.hespress.com/%d8%a8%d9%86%d8%b4%d8%b1%d9%8a%d9%81%d8%a9-%d9%8a%d9%88%d8%ac%d9%87-%d8%b1%d8%b3%d8%a7%d9%84%d8%a9-%d9%84%d8%ac%d9%85%d8%a7%d9%87%d9%8a%d8%b1-%d8%a7%d9%84%d9%88%d8%af%d8%a7%d8%af-1745035.html,
الوداد كبيرة على هاد المدرب  و تلك ردة الفعل التي فعلها اثناء نهاية الديربي تطرح عدة  تساؤلات,بنشريفة يوجه رسالة لجماهير الوداد,https://www.hespress.com/%d8%a8%d9%86%d8%b4%d8%b1%d9%8a%d9%81%d8%a9-%d9%8a%d9%88%d8%ac%d9%87-%d8%b1%d8%b3%d8%a7%d9%84%d8%a9-%d9%84%d8%ac%d9%85%d8%a7%d9%87%d9%8a%d8%b1-%d8%a7%d9%84%d9%88%d8%af%d8%a7%d8%af-1745035.html,
الله السي بنشريفة راحنا لاعبين غي كورة ((وبوحدتنا سنواصل القتال من أجل إسعادكم ورفع راية الوداد عالياً”.)) ٱش ادانا لشي قتال راه كاين من الجماهير تفكيرو و فهمو غي على فد الحال و خصوصا القاصرين يقدر يفهم من كلامك شي آخر نصيحة مني سحب تلك الكلمة خصوصا في هذه الظروف و ما حدث بمركب مولاي عبدالله لخير دليل و من الأفضل الانكباب على الاشتغال على العشر دورات الأخيرة و مازال حتا فرقة ما قطعت الواد و نشفت رجليها,بنشريفة يوجه رسالة لجماهير الوداد,https://www.hespress.com/%d8%a8%d9%86%d8%b4%d8%b1%d9%8a%d9%81%d8%a9-%d9%8a%d9%88%d8%ac%d9%87-%d8%b1%d8%b3%d8%a7%d9%84%d8%a9-%d9%84%d8%ac%d9%85%d8%a7%d9%87%d9%8a%d8%b1-%d8%a7%d9%84%d9%88%d8%af%d8%a7%d8%af-1745035.html,
لي مكيعرفش هاد السيذ يعتقد انه يحارب من اجل تحرير القذس الشريف… راه اسي بن شريفة غير كرة القذم هي  للتسلية فقط.,بنشريفة يوجه رسالة لجماهير الوداد,https://www.hespress.com/%d8%a8%d9%86%d8%b4%d8%b1%d9%8a%d9%81%d8%a9-%d9%8a%d9%88%d8%ac%d9%87-%d8%b1%d8%b3%d8%a7%d9%84%d8%a9-%d9%84%d8%ac%d9%85%d8%a7%d9%87%d9%8a%d8%b1-%d8%a7%d9%84%d9%88%d8%af%d8%a7%d8%af-1745035.html,
تصريح غريب وشاذ لايليق بمدرب في كرة القدم أن يقوله،الوداد البيضاوي فريق في كرة القدم وليس كتيبة من كتائب حزب الله.,بنشريفة يوجه رسالة لجماهير الوداد,https://www.hespress.com/%d8%a8%d9%86%d8%b4%d8%b1%d9%8a%d9%81%d8%a9-%d9%8a%d9%88%d8%ac%d9%87-%d8%b1%d8%b3%d8%a7%d9%84%d8%a9-%d9%84%d8%ac%d9%85%d8%a7%d9%87%d9%8a%d8%b1-%d8%a7%d9%84%d9%88%d8%af%d8%a7%d8%af-1745035.html,
لن تذهب الوداد بعيداً في غياب سعيد الناصري صاحب اليد البيضاء على كل مكونات فريقه الوداد الذي حاز على بعض الألقاب بفضل تلك الأموال الطائلة,بنشريفة يوجه رسالة لجماهير الوداد,https://www.hespress.com/%d8%a8%d9%86%d8%b4%d8%b1%d9%8a%d9%81%d8%a9-%d9%8a%d9%88%d8%ac%d9%87-%d8%b1%d8%b3%d8%a7%d9%84%d8%a9-%d9%84%d8%ac%d9%85%d8%a7%d9%87%d9%8a%d8%b1-%d8%a7%d9%84%d9%88%d8%af%d8%a7%d8%af-1745035.html,
لاحول و لاقوة قوة إلا بالله. سربيو جيبو مدرب بعقلو قبل متوقع شي كارثة.,بنشريفة يوجه رسالة لجماهير الوداد,https://www.hespress.com/%d8%a8%d9%86%d8%b4%d8%b1%d9%8a%d9%81%d8%a9-%d9%8a%d9%88%d8%ac%d9%87-%d8%b1%d8%b3%d8%a7%d9%84%d8%a9-%d9%84%d8%ac%d9%85%d8%a7%d9%87%d9%8a%d8%b1-%d8%a7%d9%84%d9%88%d8%af%d8%a7%d8%af-1745035.html,
تصريح لمدرب دو عقلية الهواية فوز عاد لم تقدم كرة فيها فرجة ومتعة للمتابعبن، من شاهد تصرفاتك وحماسك الزاءد  بعد صافرة الحكم ولم يشاهد المبارة سيظن انك ربحت كأس العصبة،فوز عاد في كرة قدم  فيها انتصار او تعادل اوهزيمة  .انصحك ان لا تتحمس أكثر لأنك لن تظمن كيف ستسير الامور في المستقبل .كم من مدرب مر من هنا,بنشريفة يوجه رسالة لجماهير الوداد,https://www.hespress.com/%d8%a8%d9%86%d8%b4%d8%b1%d9%8a%d9%81%d8%a9-%d9%8a%d9%88%d8%ac%d9%87-%d8%b1%d8%b3%d8%a7%d9%84%d8%a9-%d9%84%d8%ac%d9%85%d8%a7%d9%87%d9%8a%d8%b1-%d8%a7%d9%84%d9%88%d8%af%d8%a7%d8%af-1745035.html,
اهاكذا يعلق المدربين الذين هم بمثابة مربيين على المقابلات. انها ليست الا مقابلة في كرة القدم. ليست عملية فتح او حرب. يجب ان يعرف الجميع ان خطاباتكم و اقوالكم ياخدها خصوصًا الأطفال كرمز. حفظك الله يا وطني,بنشريفة يوجه رسالة لجماهير الوداد,https://www.hespress.com/%d8%a8%d9%86%d8%b4%d8%b1%d9%8a%d9%81%d8%a9-%d9%8a%d9%88%d8%ac%d9%87-%d8%b1%d8%b3%d8%a7%d9%84%d8%a9-%d9%84%d8%ac%d9%85%d8%a7%d9%87%d9%8a%d8%b1-%d8%a7%d9%84%d9%88%d8%af%d8%a7%d8%af-1745035.html,
انت بدأت والمشوار بعدد عنك لا تسبق الاحداث فيه طلوع وهبوط و اضطرارات في العجلة بدايت الوداد من الاول تعثرت من كثرة الشيوخ مع الفريق كن متفاءل ولا تكن متسائل هاذي تسمى كوة القدم والكرة تدور,بنشريفة يوجه رسالة لجماهير الوداد,https://www.hespress.com/%d8%a8%d9%86%d8%b4%d8%b1%d9%8a%d9%81%d8%a9-%d9%8a%d9%88%d8%ac%d9%87-%d8%b1%d8%b3%d8%a7%d9%84%d8%a9-%d9%84%d8%ac%d9%85%d8%a7%d9%87%d9%8a%d8%b1-%d8%a7%d9%84%d9%88%d8%af%d8%a7%d8%af-1745035.html,
على رسلكم راه الركراكي كان تايقول غنتقاتلاو ترجمة ل on va se battre وغادي نعذبوهم ترجمة ل on va les faire souffrirو بنشريفة هذاها من عندو بلا ما تكبرو القضية,بنشريفة يوجه رسالة لجماهير الوداد,https://www.hespress.com/%d8%a8%d9%86%d8%b4%d8%b1%d9%8a%d9%81%d8%a9-%d9%8a%d9%88%d8%ac%d9%87-%d8%b1%d8%b3%d8%a7%d9%84%d8%a9-%d9%84%d8%ac%d9%85%d8%a7%d9%87%d9%8a%d8%b1-%d8%a7%d9%84%d9%88%d8%af%d8%a7%d8%af-1745035.html,
الى محمد ساجدفعلا حتى الركراكي يجب ان لا ينطق بكلمة قتال ولكن الفرق والسياق كبير بين التصريحينالركراكي كان يقود منتخب ويحفز لاعبين  ولكن بنشريفة يقود فريق محلي  من طبنة الوداد وله جمهور كبير وفي المقابل يوجد فريق اخر من نفس المدينة وله حساسية رياضية معه وبالتالي اي تصريح من هدا المدرب او داك او اي لاعب يمكن ان بؤجج الامور عاما ان هناك جماهير صغيرة السن من كلا الفريقين قد تستغل اي تصريح في تهييج الجماهير  وتخرج الامور عن السيطرةعلى الأباء ان يكونوا في الموعد ايضا  لانه لا يقبل اي تصرف طائشمن احدالريال والبارصا فريقين غريمبن وانما جماهير كبيرة ورغم دلك تنتهي نتيجة المقابلة داخل الملعب فقطخروج النتيجة الى خارج الملعب غير مقبولةكل الفرق الوطنية نحبها ونعشقها ونفرح انجازاتهاانا ابن وجدة افرح لاي انجاز سواء ودادي او رجاوي او اب فريق اخر,بنشريفة يوجه رسالة لجماهير الوداد,https://www.hespress.com/%d8%a8%d9%86%d8%b4%d8%b1%d9%8a%d9%81%d8%a9-%d9%8a%d9%88%d8%ac%d9%87-%d8%b1%d8%b3%d8%a7%d9%84%d8%a9-%d9%84%d8%ac%d9%85%d8%a7%d9%87%d9%8a%d8%b1-%d8%a7%d9%84%d9%88%d8%af%d8%a7%d8%af-1745035.html,
الحرب لها ميادينها و عتادها و رجالاتها وقانا الله شرها، أما كرة القدم فيه لعبة كجميع الرياضات، فالرياضة تهذب العقل، بكلامك المشحون هذا، تكون قد أجّجتَ نفوس بعض جماهير كلا الفريقين المتعطشة للعنف و الشغب و حكمت على مسارك بالفشل، فهل فوزك بالديربي يشفع لك بأن تكون سوبيرمان زمانه؟ فهزيمة أو إثنتان، يأتي دورك لمغادرة الوداد صاغرا تجرّ ذيول الخيبة وراءك بعد أن خلقت العداء مع جماهير الغريم التقليدي.,بنشريفة يوجه رسالة لجماهير الوداد,https://www.hespress.com/%d8%a8%d9%86%d8%b4%d8%b1%d9%8a%d9%81%d8%a9-%d9%8a%d9%88%d8%ac%d9%87-%d8%b1%d8%b3%d8%a7%d9%84%d8%a9-%d9%84%d8%ac%d9%85%d8%a7%d9%87%d9%8a%d8%b1-%d8%a7%d9%84%d9%88%d8%af%d8%a7%d8%af-1745035.html,
جل المعلقين لديهم مشكلة اللغةالمقصود بالقتال في الكرة الكد و الاجتهاد وليس حمل السلاح الا تختشون من هاده التاويلات الهوجاءالسيد يدعو لاعبيه للتفاني و انتم تتكلمون بلغة الحرب ما هاده السداجة,بنشريفة يوجه رسالة لجماهير الوداد,https://www.hespress.com/%d8%a8%d9%86%d8%b4%d8%b1%d9%8a%d9%81%d8%a9-%d9%8a%d9%88%d8%ac%d9%87-%d8%b1%d8%b3%d8%a7%d9%84%d8%a9-%d9%84%d8%ac%d9%85%d8%a7%d9%87%d9%8a%d8%b1-%d8%a7%d9%84%d9%88%d8%af%d8%a7%d8%af-1745035.html,
ميسي يحصل الحاصل…الإحتفال بتتويج البارصا هو إحساس ضروري بالنسبة لأي لاعب لعب الكرة في صفوف الفريق المحبب له….رغم انتمائه لأنتير ميامي الامريكي حاليا،لكن علاقته بالبارصا كبيرة جدا وتتجاوز الكرة،بل هو نادي قدم له خدمات إنسانية واستشفائية كان في حاجة اليها،ولولاها لضاع،ولما توهج بما وصل اليه من شهرة كاسطورة لكرة القدم.,ميسي يحتفل بتتويج البارصا بالدوري,https://www.hespress.com/%d9%85%d9%8a%d8%b3%d9%8a-%d9%8a%d8%ad%d8%aa%d9%81%d9%84-%d8%a8%d8%aa%d8%aa%d9%88%d9%8a%d8%ac-%d8%a7%d9%84%d8%a8%d8%a7%d8%b1%d8%b5%d8%a7-%d8%a8%d8%a7%d9%84%d8%af%d9%88%d8%b1%d9%8a-1745042.html,
هنيءا لبرشلونة …بطولة مستحقة  بفريق  اغلب لا عبية من الماسيا,ميسي يحتفل بتتويج البارصا بالدوري,https://www.hespress.com/%d9%85%d9%8a%d8%b3%d9%8a-%d9%8a%d8%ad%d8%aa%d9%81%d9%84-%d8%a8%d8%aa%d8%aa%d9%88%d9%8a%d8%ac-%d8%a7%d9%84%d8%a8%d8%a7%d8%b1%d8%b5%d8%a7-%d8%a8%d8%a7%d9%84%d8%af%d9%88%d8%b1%d9%8a-1745042.html,
وهو ميسي نفسه الذي هرب من برشلونة بعد أن وقعت في الازمة المالية وهرب الى باريس لجمع المزيد من المال وفضل المال القطري على النادي الذي ترعرع فيه وقدم له كل شيء ليصل للعالمية وهو سلوك اغضب كل البرصويين لانه عندما مرضت برشلونة وواجهة أزمة مالية خانقة هرب عليها ابنها وهو الذي من المفروض ان يدافع عن النادي في مراحل الضعف وليس الان . احتفاله لفوز برشلونة لا معنى له لأنه الابن العاق والبرشلونيين لن ينسوا ماقام به ميسي عندما غدر بهم وهرب ليلا لباريس في طائرة الخليفي، عندما طلبت منه برشلونة خفض راتبه.,ميسي يحتفل بتتويج البارصا بالدوري,https://www.hespress.com/%d9%85%d9%8a%d8%b3%d9%8a-%d9%8a%d8%ad%d8%aa%d9%81%d9%84-%d8%a8%d8%aa%d8%aa%d9%88%d9%8a%d8%ac-%d8%a7%d9%84%d8%a8%d8%a7%d8%b1%d8%b5%d8%a7-%d8%a8%d8%a7%d9%84%d8%af%d9%88%d8%b1%d9%8a-1745042.html,
إنا لله وإنا إليه راجعون اللهم اغفر له وارحمه واسكنه فسيح جناتك,رحيل علي الفاسي الفهري عن 71 عاما,https://www.hespress.com/%d8%b1%d8%ad%d9%8a%d9%84-%d8%b9%d9%84%d9%8a-%d8%a7%d9%84%d9%81%d8%a7%d8%b3%d9%8a-%d8%a7%d9%84%d9%81%d9%87%d8%b1%d9%8a-%d8%b9%d9%86-71-%d8%b9%d8%a7%d9%85%d8%a7-1744550.html,
هده الايام تتوالى الوفيات بين المشاهير و السياسيين و كلنا ميتون فهم السابقون ونحن اللاحقون نسأل الله حسن الخاتمة و ان يرحم عباذه اجمعين و إنا لله وإنا إليه راجعون,رحيل علي الفاسي الفهري عن 71 عاما,https://www.hespress.com/%d8%b1%d8%ad%d9%8a%d9%84-%d8%b9%d9%84%d9%8a-%d8%a7%d9%84%d9%81%d8%a7%d8%b3%d9%8a-%d8%a7%d9%84%d9%81%d9%87%d8%b1%d9%8a-%d8%b9%d9%86-71-%d8%b9%d8%a7%d9%85%d8%a7-1744550.html,
ان لله وان اليه راجعون…   ربي اغفر وارحم وانت خير الراحمين.,رحيل علي الفاسي الفهري عن 71 عاما,https://www.hespress.com/%d8%b1%d8%ad%d9%8a%d9%84-%d8%b9%d9%84%d9%8a-%d8%a7%d9%84%d9%81%d8%a7%d8%b3%d9%8a-%d8%a7%d9%84%d9%81%d9%87%d8%b1%d9%8a-%d8%b9%d9%86-71-%d8%b9%d8%a7%d9%85%d8%a7-1744550.html,
إنا لله وإنا إليه راجعون.بقلوب مؤمنة بقضاء الله وقدره، أتقدم إلى زوجته ولأسرة بأحر التعازي وأصدق مشاعر المواساة في وفاة الزوج الكريم.نسأل الله تعالى أن يتغمده بواسع رحمته، ويسكنه فسيح جناته، وأن يلهم أهله وذويه جميل الصبر والسلوان.رحمه الله رحمة واسعة وجعل مثواه الجنة.,رحيل علي الفاسي الفهري عن 71 عاما,https://www.hespress.com/%d8%b1%d8%ad%d9%8a%d9%84-%d8%b9%d9%84%d9%8a-%d8%a7%d9%84%d9%81%d8%a7%d8%b3%d9%8a-%d8%a7%d9%84%d9%81%d9%87%d8%b1%d9%8a-%d8%b9%d9%86-71-%d8%b9%d8%a7%d9%85%d8%a7-1744550.html,
الدائم الله ملي كتجي الموت حتى حاجة مكتحبسها الله يرحمو إنا لله وإنا إليه راجعون,رحيل علي الفاسي الفهري عن 71 عاما,https://www.hespress.com/%d8%b1%d8%ad%d9%8a%d9%84-%d8%b9%d9%84%d9%8a-%d8%a7%d9%84%d9%81%d8%a7%d8%b3%d9%8a-%d8%a7%d9%84%d9%81%d9%87%d8%b1%d9%8a-%d8%b9%d9%86-71-%d8%b9%d8%a7%d9%85%d8%a7-1744550.html,
ان لله وان اليه راجعون لكل بداية نهاية ويبقى كل من عليها فان .رحمه الله واسكنه فسيح جناته,رحيل علي الفاسي الفهري عن 71 عاما,https://www.hespress.com/%d8%b1%d8%ad%d9%8a%d9%84-%d8%b9%d9%84%d9%8a-%d8%a7%d9%84%d9%81%d8%a7%d8%b3%d9%8a-%d8%a7%d9%84%d9%81%d9%87%d8%b1%d9%8a-%d8%b9%d9%86-71-%d8%b9%d8%a7%d9%85%d8%a7-1744550.html,
رحم الله الفقيد الذي كان يشغل مناصب عليا كثيرة في القطاعين العام و الخاص  و كان عضوا في عدة هيئات وطنية و دولية,رحيل علي الفاسي الفهري عن 71 عاما,https://www.hespress.com/%d8%b1%d8%ad%d9%8a%d9%84-%d8%b9%d9%84%d9%8a-%d8%a7%d9%84%d9%81%d8%a7%d8%b3%d9%8a-%d8%a7%d9%84%d9%81%d9%87%d8%b1%d9%8a-%d8%b9%d9%86-71-%d8%b9%d8%a7%d9%85%d8%a7-1744550.html,
كل من عليها فان و يبقى وجه ربك ذو الجلال و الإكرام صدق الله العظيم إنا لله و إنا إليه راجعون و لله ما اعطى و لله ما اخذ اللهم ارحمه و اغفر له و ارزق أهله الصبر و السلوان و أبدل محبتهم له صبرا صراحة الموت عبرة لمن يعتبر,رحيل علي الفاسي الفهري عن 71 عاما,https://www.hespress.com/%d8%b1%d8%ad%d9%8a%d9%84-%d8%b9%d9%84%d9%8a-%d8%a7%d9%84%d9%81%d8%a7%d8%b3%d9%8a-%d8%a7%d9%84%d9%81%d9%87%d8%b1%d9%8a-%d8%b9%d9%86-71-%d8%b9%d8%a7%d9%85%d8%a7-1744550.html,
انا لله وانا اليه راجعون يوم لا ينفع مال ولا جاه,رحيل علي الفاسي الفهري عن 71 عاما,https://www.hespress.com/%d8%b1%d8%ad%d9%8a%d9%84-%d8%b9%d9%84%d9%8a-%d8%a7%d9%84%d9%81%d8%a7%d8%b3%d9%8a-%d8%a7%d9%84%d9%81%d9%87%d8%b1%d9%8a-%d8%b9%d9%86-71-%d8%b9%d8%a7%d9%85%d8%a7-1744550.html,
ان لله وان اليه راجعون تغمده الله بواسع رحمته واسكنه فسيح جناته كان رجلا خلوقا,رحيل علي الفاسي الفهري عن 71 عاما,https://www.hespress.com/%d8%b1%d8%ad%d9%8a%d9%84-%d8%b9%d9%84%d9%8a-%d8%a7%d9%84%d9%81%d8%a7%d8%b3%d9%8a-%d8%a7%d9%84%d9%81%d9%87%d8%b1%d9%8a-%d8%b9%d9%86-71-%d8%b9%d8%a7%d9%85%d8%a7-1744550.html,
الله اغفر له وأرحمهإنا لله وإنا اليه راجعونهم السابقون ونحن اللاحقون,رحيل علي الفاسي الفهري عن 71 عاما,https://www.hespress.com/%d8%b1%d8%ad%d9%8a%d9%84-%d8%b9%d9%84%d9%8a-%d8%a7%d9%84%d9%81%d8%a7%d8%b3%d9%8a-%d8%a7%d9%84%d9%81%d9%87%d8%b1%d9%8a-%d8%b9%d9%86-71-%d8%b9%d8%a7%d9%85%d8%a7-1744550.html,
لمن الملك اليوم .لله الواحد القهار .كل من عليها فان .ويبقى وجه ربك دو الجلال والاكرام.ومع ذلك لا نعتبر .,رحيل علي الفاسي الفهري عن 71 عاما,https://www.hespress.com/%d8%b1%d8%ad%d9%8a%d9%84-%d8%b9%d9%84%d9%8a-%d8%a7%d9%84%d9%81%d8%a7%d8%b3%d9%8a-%d8%a7%d9%84%d9%81%d9%87%d8%b1%d9%8a-%d8%b9%d9%86-71-%d8%b9%d8%a7%d9%85%d8%a7-1744550.html,
إنا لله وإنا إليه راجعون.بقلوب مؤمنة بقضاء الله وقدره، أتقدم إلى  كل المغاربة  بأحر التعازي وأصدق مشاعر المواساة في وفاة الوطني الكريم.نسأل الله تعالى أن يتغمده بواسع رحمته، ويسكنه فسيح جناته، وأن يلهم أهله وذويه جميل الصبر والسلوان.رحمه الله رحمة واسعة وجعل مثواه الجنة.,رحيل علي الفاسي الفهري عن 71 عاما,https://www.hespress.com/%d8%b1%d8%ad%d9%8a%d9%84-%d8%b9%d9%84%d9%8a-%d8%a7%d9%84%d9%81%d8%a7%d8%b3%d9%8a-%d8%a7%d9%84%d9%81%d9%87%d8%b1%d9%8a-%d8%b9%d9%86-71-%d8%b9%d8%a7%d9%85%d8%a7-1744550.html,
اللهم اغفر لنا وله ولا تنسوا ذكر محاسن موتاكم انا لله وانا اليه راجعون البقاء لله,رحيل علي الفاسي الفهري عن 71 عاما,https://www.hespress.com/%d8%b1%d8%ad%d9%8a%d9%84-%d8%b9%d9%84%d9%8a-%d8%a7%d9%84%d9%81%d8%a7%d8%b3%d9%8a-%d8%a7%d9%84%d9%81%d9%87%d8%b1%d9%8a-%d8%b9%d9%86-71-%d8%b9%d8%a7%d9%85%d8%a7-1744550.html,
الله أكبر إنا لله وإنا إليه راجعون الله يرحمه ويسكنه فسيح جناته,رحيل علي الفاسي الفهري عن 71 عاما,https://www.hespress.com/%d8%b1%d8%ad%d9%8a%d9%84-%d8%b9%d9%84%d9%8a-%d8%a7%d9%84%d9%81%d8%a7%d8%b3%d9%8a-%d8%a7%d9%84%d9%81%d9%87%d8%b1%d9%8a-%d8%b9%d9%86-71-%d8%b9%d8%a7%d9%85%d8%a7-1744550.html,
أنا لله وانا اليه راجعون كل نفس ذائقة الموت، سبحان الله الناس سواسية في القبر اللهم ارزقنا حسن الخاتمة,رحيل علي الفاسي الفهري عن 71 عاما,https://www.hespress.com/%d8%b1%d8%ad%d9%8a%d9%84-%d8%b9%d9%84%d9%8a-%d8%a7%d9%84%d9%81%d8%a7%d8%b3%d9%8a-%d8%a7%d9%84%d9%81%d9%87%d8%b1%d9%8a-%d8%b9%d9%86-71-%d8%b9%d8%a7%d9%85%d8%a7-1744550.html,
للأسف في عهده عرفت كرة القدم ركود وسباتا عميقا وتراجع على المستوى الوطني والقاري. اللهم إغفر له وإرحم جميع موتى المسلمين,رحيل علي الفاسي الفهري عن 71 عاما,https://www.hespress.com/%d8%b1%d8%ad%d9%8a%d9%84-%d8%b9%d9%84%d9%8a-%d8%a7%d9%84%d9%81%d8%a7%d8%b3%d9%8a-%d8%a7%d9%84%d9%81%d9%87%d8%b1%d9%8a-%d8%b9%d9%86-71-%d8%b9%d8%a7%d9%85%d8%a7-1744550.html,
لله ما أخذ وله ما أعطى اللهم ألهم ذويه الصبر والسلوان اللهم باعد بينه وبين خطاياه كما باعدت بين المشرق والمغرب اللهم نقه من الخطايا كما ينقى الثوب الأبيض من الدنس اللهم ان كان محسنا فزد في احسانه و ان كان مسيئا فتجاوز عن سيئاته اللهم لا تفتنا بعده ولا تحرمنا اجره واغفر لنا و له إنا لله وإنا إليه راجعون,رحيل علي الفاسي الفهري عن 71 عاما,https://www.hespress.com/%d8%b1%d8%ad%d9%8a%d9%84-%d8%b9%d9%84%d9%8a-%d8%a7%d9%84%d9%81%d8%a7%d8%b3%d9%8a-%d8%a7%d9%84%d9%81%d9%87%d8%b1%d9%8a-%d8%b9%d9%86-71-%d8%b9%d8%a7%d9%85%d8%a7-1744550.html,
قال تعالى: 《 كَلَّا إِنَّ الْإِنسَانَ لَيَطْغَىٰ (6) أَن رَّآهُ اسْتَغْنَىٰ (7) إِنَّ إِلَىٰ رَبِّكَ الرُّجْعَىٰ》.و قال كذلك: 《 وَلَا تَحْسَبَنَّ اللَّهَ غَافِلًا عَمَّا يَعْمَلُ الظَّالِمُونَ ۚ إِنَّمَا يُؤَخِّرُهُمْ لِيَوْمٍ تَشْخَصُ فِيهِ الْأَبْصَارُ》صدق الله العظيم,رحيل علي الفاسي الفهري عن 71 عاما,https://www.hespress.com/%d8%b1%d8%ad%d9%8a%d9%84-%d8%b9%d9%84%d9%8a-%d8%a7%d9%84%d9%81%d8%a7%d8%b3%d9%8a-%d8%a7%d9%84%d9%81%d9%87%d8%b1%d9%8a-%d8%b9%d9%86-71-%d8%b9%d8%a7%d9%85%d8%a7-1744550.html,
انا لله و انا اليه راجعون اللهم ارحمه و اغفر له,رحيل علي الفاسي الفهري عن 71 عاما,https://www.hespress.com/%d8%b1%d8%ad%d9%8a%d9%84-%d8%b9%d9%84%d9%8a-%d8%a7%d9%84%d9%81%d8%a7%d8%b3%d9%8a-%d8%a7%d9%84%d9%81%d9%87%d8%b1%d9%8a-%d8%b9%d9%86-71-%d8%b9%d8%a7%d9%85%d8%a7-1744550.html,
اصدق التعازي لزوجته الوزيرة السابقة ياسمينة بادوانا لله وانا اليه راجعوننسأل الله العظيم لكم الصبر والسلوانما هو الا لمح للبصر و يجمعكم المولى عز جلاله في الاخره,رحيل علي الفاسي الفهري عن 71 عاما,https://www.hespress.com/%d8%b1%d8%ad%d9%8a%d9%84-%d8%b9%d9%84%d9%8a-%d8%a7%d9%84%d9%81%d8%a7%d8%b3%d9%8a-%d8%a7%d9%84%d9%81%d9%87%d8%b1%d9%8a-%d8%b9%d9%86-71-%d8%b9%d8%a7%d9%85%d8%a7-1744550.html,
كفى بالموت واعظا ولكن هل من متعظ…{واتقوا يوما ترجعون فيه إلى الله ثم توفى كل نفس ما كسبت وهم لا يظلمون},رحيل علي الفاسي الفهري عن 71 عاما,https://www.hespress.com/%d8%b1%d8%ad%d9%8a%d9%84-%d8%b9%d9%84%d9%8a-%d8%a7%d9%84%d9%81%d8%a7%d8%b3%d9%8a-%d8%a7%d9%84%d9%81%d9%87%d8%b1%d9%8a-%d8%b9%d9%86-71-%d8%b9%d8%a7%d9%85%d8%a7-1744550.html,
عرف عنه الفساد عندما كان رئيسا للجامعة الملكية المغربية لكرة القدم,رحيل علي الفاسي الفهري عن 71 عاما,https://www.hespress.com/%d8%b1%d8%ad%d9%8a%d9%84-%d8%b9%d9%84%d9%8a-%d8%a7%d9%84%d9%81%d8%a7%d8%b3%d9%8a-%d8%a7%d9%84%d9%81%d9%87%d8%b1%d9%8a-%d8%b9%d9%86-71-%d8%b9%d8%a7%d9%85%d8%a7-1744550.html,
إن لله وإن إليه راجعون اللهم إن كان محسننا فزد في احسانه وإن كان موسئا فتجاوز عن سيئاته وتقبله بعفوك ولا بعدلك وادخله على جميع موتانا بالرحمة والمغفرة,رحيل علي الفاسي الفهري عن 71 عاما,https://www.hespress.com/%d8%b1%d8%ad%d9%8a%d9%84-%d8%b9%d9%84%d9%8a-%d8%a7%d9%84%d9%81%d8%a7%d8%b3%d9%8a-%d8%a7%d9%84%d9%81%d9%87%d8%b1%d9%8a-%d8%b9%d9%86-71-%d8%b9%d8%a7%d9%85%d8%a7-1744550.html,
“وما الحياة الدنيا إلا متاع الغرور”نعيش سنوات ننسى فيها الخالق عز وجل و نتسابق على الدنيا و نعيمها الزائل.. الراحل قضى واحد و سبعين سنة لا نعلم كيف عاشها، هل عاشها مع ربه ام مع اهوائه وشهواته.. نسأل الله تعالى أن يرحمه و يرحم جميع موتانا و موتى المسلمين و المسلمات، اللهم ان كان مسيئا فتجاوز عن سيئاته و ان كان محسنا فزد في حسناته.,رحيل علي الفاسي الفهري عن 71 عاما,https://www.hespress.com/%d8%b1%d8%ad%d9%8a%d9%84-%d8%b9%d9%84%d9%8a-%d8%a7%d9%84%d9%81%d8%a7%d8%b3%d9%8a-%d8%a7%d9%84%d9%81%d9%87%d8%b1%d9%8a-%d8%b9%d9%86-71-%d8%b9%d8%a7%d9%85%d8%a7-1744550.html,
تغمده الله بواسع رحمته و اسكنه فسيح جناته مع النبيين و الصديقين و الشهداء و الصالحين و حسن اولئك رفيقا و ألهم أسرتيه و الذويه الصبر و السلوان و حسن العزاء و ان لله و ان اليه راجعون.,رحيل علي الفاسي الفهري عن 71 عاما,https://www.hespress.com/%d8%b1%d8%ad%d9%8a%d9%84-%d8%b9%d9%84%d9%8a-%d8%a7%d9%84%d9%81%d8%a7%d8%b3%d9%8a-%d8%a7%d9%84%d9%81%d9%87%d8%b1%d9%8a-%d8%b9%d9%86-71-%d8%b9%d8%a7%d9%85%d8%a7-1744550.html,
رحمة الله عليه ولكن ماذا قدم كحصيلة أفاد بها هذا الوطن سوى تولي المناصب كنت اتمنى ان تقدم لنا جريدة هسبريس إنجازات واحدا لهذا الرجل,رحيل علي الفاسي الفهري عن 71 عاما,https://www.hespress.com/%d8%b1%d8%ad%d9%8a%d9%84-%d8%b9%d9%84%d9%8a-%d8%a7%d9%84%d9%81%d8%a7%d8%b3%d9%8a-%d8%a7%d9%84%d9%81%d9%87%d8%b1%d9%8a-%d8%b9%d9%86-71-%d8%b9%d8%a7%d9%85%d8%a7-1744550.html,
لمن الملك اليوم لله الواحد القهار . ان كنت قد وفيت وأديت ما عليك فجزاك الله علينا خيرا وان قصرت فيما استرعاك الله فيه فحسابك عند الخالق.,رحيل علي الفاسي الفهري عن 71 عاما,https://www.hespress.com/%d8%b1%d8%ad%d9%8a%d9%84-%d8%b9%d9%84%d9%8a-%d8%a7%d9%84%d9%81%d8%a7%d8%b3%d9%8a-%d8%a7%d9%84%d9%81%d9%87%d8%b1%d9%8a-%d8%b9%d9%86-71-%d8%b9%d8%a7%d9%85%d8%a7-1744550.html,
عند الله يختصمون. اربعون مليون مغربي,رحيل علي الفاسي الفهري عن 71 عاما,https://www.hespress.com/%d8%b1%d8%ad%d9%8a%d9%84-%d8%b9%d9%84%d9%8a-%d8%a7%d9%84%d9%81%d8%a7%d8%b3%d9%8a-%d8%a7%d9%84%d9%81%d9%87%d8%b1%d9%8a-%d8%b9%d9%86-71-%d8%b9%d8%a7%d9%85%d8%a7-1744550.html,
اللهم اغفر وارحم  وانت خير الراحمين .  لم لا ناخد العبر من الموت خصوصا ادا كان الميت  في دنياه ضالما مستبدا  متكبرا اكل أموال الغير بلا رقيب .  ومن بعد اش دا معاه . سيوارى التراب وحساب عسير يوم القيامة . اللهم أمتنا على دينك وسنة رسولك يارب .,رحيل علي الفاسي الفهري عن 71 عاما,https://www.hespress.com/%d8%b1%d8%ad%d9%8a%d9%84-%d8%b9%d9%84%d9%8a-%d8%a7%d9%84%d9%81%d8%a7%d8%b3%d9%8a-%d8%a7%d9%84%d9%81%d9%87%d8%b1%d9%8a-%d8%b9%d9%86-71-%d8%b9%d8%a7%d9%85%d8%a7-1744550.html,
رحمه الله واسكنه فسيح جناته والهم اهله الصبر والسلوان,رحيل علي الفاسي الفهري عن 71 عاما,https://www.hespress.com/%d8%b1%d8%ad%d9%8a%d9%84-%d8%b9%d9%84%d9%8a-%d8%a7%d9%84%d9%81%d8%a7%d8%b3%d9%8a-%d8%a7%d9%84%d9%81%d9%87%d8%b1%d9%8a-%d8%b9%d9%86-71-%d8%b9%d8%a7%d9%85%d8%a7-1744550.html,
الله يرحم جميع المغاربة.وفق أرقام وزارة الداخلية ومكاتب الحالة المدنية، يرحل يوميا الى دار البقباء ما معدله 489 مغربياً، يرحلون بصمتٍ موجع، دون ضجيج، ودون أن يتحدث عنهم أحد.,رحيل علي الفاسي الفهري عن 71 عاما,https://www.hespress.com/%d8%b1%d8%ad%d9%8a%d9%84-%d8%b9%d9%84%d9%8a-%d8%a7%d9%84%d9%81%d8%a7%d8%b3%d9%8a-%d8%a7%d9%84%d9%81%d9%87%d8%b1%d9%8a-%d8%b9%d9%86-71-%d8%b9%d8%a7%d9%85%d8%a7-1744550.html,
الى كان السيد مرض مرضاً عانى منه قبل موته فلعل الله غسله من سيئاته ان لم يكن قد قام بصدقات ترفع عنه البلاء.المهم اللهم صلي وسلم وبارك على سيدنا وحبيبنا ونبينا محمد. اللهم زد في حسناته و ابدل سيئاته حسنات و تغمده بواسع رحمتك و فضلكربي اغفر و ارحم و انت خير الراحمينشكرا السي الحسين على طيب و صدق دعواتك الصالحة,رحيل علي الفاسي الفهري عن 71 عاما,https://www.hespress.com/%d8%b1%d8%ad%d9%8a%d9%84-%d8%b9%d9%84%d9%8a-%d8%a7%d9%84%d9%81%d8%a7%d8%b3%d9%8a-%d8%a7%d9%84%d9%81%d9%87%d8%b1%d9%8a-%d8%b9%d9%86-71-%d8%b9%d8%a7%d9%85%d8%a7-1744550.html,
آللهم أرحم موتانا وموتى المسلمين أجمعين اللهم من كان محسنا فزد فى حسناته من كان مسيءا  فتجاوز عن سياءته بفضلك ياارحم الراحمين.,رحيل علي الفاسي الفهري عن 71 عاما,https://www.hespress.com/%d8%b1%d8%ad%d9%8a%d9%84-%d8%b9%d9%84%d9%8a-%d8%a7%d9%84%d9%81%d8%a7%d8%b3%d9%8a-%d8%a7%d9%84%d9%81%d9%87%d8%b1%d9%8a-%d8%b9%d9%86-71-%d8%b9%d8%a7%d9%85%d8%a7-1744550.html,
إن لله و إن إليه راجعون ، يا رب تغمده بواسع رحمتك و تدخله فسيح جنانه,رحيل علي الفاسي الفهري عن 71 عاما,https://www.hespress.com/%d8%b1%d8%ad%d9%8a%d9%84-%d8%b9%d9%84%d9%8a-%d8%a7%d9%84%d9%81%d8%a7%d8%b3%d9%8a-%d8%a7%d9%84%d9%81%d9%87%d8%b1%d9%8a-%d8%b9%d9%86-71-%d8%b9%d8%a7%d9%85%d8%a7-1744550.html,
ماالجدوى من هذا الموضوع ؟؟؟يحضر العشاء ومن بعد ..,"أخنوش يحضر ""عشاء قمة نيروبي""",https://www.hespress.com/%d8%a3%d8%ae%d9%86%d9%88%d8%b4-%d9%8a%d8%ad%d8%b6%d8%b1-%d8%b9%d8%b4%d8%a7%d8%a1-%d9%82%d9%85%d8%a9-%d9%86%d9%8a%d8%b1%d9%88%d8%a8%d9%8a-1745481.html,
أعتقد أن المغرب كان نجم ” قمة أفريقيا الى الأمام ” التي احتضنتها العاصمة الكينية  نيروبي، حضور السيد عزيز أخنوش اللافت ممثلا لجلالة الملك حفظه الله و رعاه  و الصفعة التي وجهتها كينيا للنظام الجزائري حينما رفضت حضور طفله المدلل الذي كان يعول على مشاركته في مثل هذه المؤتمرات خوفا من انطفاء شمعته، خطاب الرئيس الفرنسي و اشادته بنظام التعليم في المغرب الذي و صفه بالثورة و استشهد باستقطاب أرقى المعاهد الفرنسية لالاف الطلبة المغاربة زلزل قاعة المؤتمرات و جعلنا نفتخر ببلدنا المغرب و برجالاته للشيئ الذي يفهم منه أن مستقبل أفريقيا و ازدهارها سيقوده المغاربة بقيادة ملكهم.,"أخنوش يحضر ""عشاء قمة نيروبي""",https://www.hespress.com/%d8%a3%d8%ae%d9%86%d9%88%d8%b4-%d9%8a%d8%ad%d8%b6%d8%b1-%d8%b9%d8%b4%d8%a7%d8%a1-%d9%82%d9%85%d8%a9-%d9%86%d9%8a%d8%b1%d9%88%d8%a8%d9%8a-1745481.html,
نريد مولاي حفيظ العلمي رئيس حزب الاحرار و رئيس للحكومة المقبلةلا نريد فاطمة الزهراء المنصوريبغينا وزن ثقيل ذو حضور كبيرو حزب استقلال قويحظ موفق للجميع,"أخنوش يحضر ""عشاء قمة نيروبي""",https://www.hespress.com/%d8%a3%d8%ae%d9%86%d9%88%d8%b4-%d9%8a%d8%ad%d8%b6%d8%b1-%d8%b9%d8%b4%d8%a7%d8%a1-%d9%82%d9%85%d8%a9-%d9%86%d9%8a%d8%b1%d9%88%d8%a8%d9%8a-1745481.html,
سلام. الى المعليق 1 . هداك راه ماشي راءيس الحكومة أو اخنوش هدى راه ممتيل صاحب الجلالة الملك محمد السادس نصره في هد اللقاء العالمي شوف حسن الاستقبال بي ممتل شخصي  لصاحب الجلالة ملك  المملكة المغربية .واشادت الدول بي صاحب الجلالة ودوره في تنمية افريقيا ويعم السلام في هده القارة,"أخنوش يحضر ""عشاء قمة نيروبي""",https://www.hespress.com/%d8%a3%d8%ae%d9%86%d9%88%d8%b4-%d9%8a%d8%ad%d8%b6%d8%b1-%d8%b9%d8%b4%d8%a7%d8%a1-%d9%82%d9%85%d8%a9-%d9%86%d9%8a%d8%b1%d9%88%d8%a8%d9%8a-1745481.html,
الله يحفظ ملكنا الغالي ويحفظ رجالات ونساء الدولة المغربية الشريفة ويحفظ الشعب المغربي الأبي من طنجة إلى لگويرة إلى أن يرث الله الأرض ومن عليها ولا غالب إلا الله وحده,"أخنوش يحضر ""عشاء قمة نيروبي""",https://www.hespress.com/%d8%a3%d8%ae%d9%86%d9%88%d8%b4-%d9%8a%d8%ad%d8%b6%d8%b1-%d8%b9%d8%b4%d8%a7%d8%a1-%d9%82%d9%85%d8%a9-%d9%86%d9%8a%d8%b1%d9%88%d8%a8%d9%8a-1745481.html,
مصالحهم فوق مصالح شعبالدي اوصلهم منابع الاسترزاق الفاحش شعب يئن تحت وطات غلا معيشه محروقات تمدرس خصوصي مند حدف مقاسه تحرير محروقات تجاره خوصصة صحه تعليم وزيادة في تمن غزوال بطكاز  تعويم درهم دولة او حكومه التي تحترم مواطن كان عليه ان تضاعف أجره مداخل كل مغاربهمتقاعد عامل مهنيام دولة مغربيه من يلوي دراعه بالاضراب خروج لشارع تضاعف اجرته تعويضاتهم دعيناكم الله,"النواب يصادقون على ""قانون الجهات""",https://www.hespress.com/%d8%a7%d9%84%d9%86%d9%88%d8%a7%d8%a8-%d9%8a%d8%b5%d8%a7%d8%af%d9%82%d9%88%d9%86-%d8%b9%d9%84%d9%89-%d9%82%d8%a7%d9%86%d9%88%d9%86-%d8%a7%d9%84%d8%ac%d9%87%d8%a7%d8%aa-1745450.html,
مكناس نمودج لجهوية غير منصفة لنكن صريحين مكناس كقطب لايصله مايصل القطب الاخر المركز واي زائر لمكناس سيلاحظ كيف مكناس تأخرت وتخلفت عن ركب التقدم,"النواب يصادقون على ""قانون الجهات""",https://www.hespress.com/%d8%a7%d9%84%d9%86%d9%88%d8%a7%d8%a8-%d9%8a%d8%b5%d8%a7%d8%af%d9%82%d9%88%d9%86-%d8%b9%d9%84%d9%89-%d9%82%d8%a7%d9%86%d9%88%d9%86-%d8%a7%d9%84%d8%ac%d9%87%d8%a7%d8%aa-1745450.html,
مع الانهيار الكلي والرهيب في العمل السياسي هذا المجلس الصوري اصبح فقط آلة في يد حكومة الفشل والغلاء لتمرير الإجراءات والقرارات بشكل اوطوماتيكي ضدا على مصالح الشعب لا مناقشة لا اعتراض لا دراسة لا شرح فقط وضع مشروع الإجراء وبعدها التصويت فقط اجراء لان القانون لكي يصبح فعلا قانون يجب ان تتوفر عدة شروط غير متوفرة حاليا,"النواب يصادقون على ""قانون الجهات""",https://www.hespress.com/%d8%a7%d9%84%d9%86%d9%88%d8%a7%d8%a8-%d9%8a%d8%b5%d8%a7%d8%af%d9%82%d9%88%d9%86-%d8%b9%d9%84%d9%89-%d9%82%d8%a7%d9%86%d9%88%d9%86-%d8%a7%d9%84%d8%ac%d9%87%d8%a7%d8%aa-1745450.html,
من هما الشخصين رفقة السيد عبد اللطيف الجواهري والي بنك المغرب، شكرآ لكم,مديح: الوساطة البنكية سريعة وفعالة,https://www.hespress.com/%d9%85%d8%af%d9%8a%d8%ad-%d8%a7%d9%84%d9%88%d8%b3%d8%a7%d8%b7%d8%a9-%d8%a7%d9%84%d8%a8%d9%86%d9%83%d9%8a%d8%a9-%d8%b3%d8%b1%d9%8a%d8%b9%d8%a9-%d9%88%d9%81%d8%b9%d8%a7%d9%84%d8%a9-1743684.html,
السيد : عبداللطيف الجواهري من اسرة مغربية فاسية عريقة ابوه السيد عبد طالب الجواهري الله يرحمو ويجعل مثواها الجنة كان محتسب مدينة فاس المغربية وأخوه محمد الجواهري الله يرحمو ويسكنه فسيح جناته يارب العالمين كان مدير عام لي البنك المغربي لتجارة الخارجية سابقا افريقيا حاليا عبداللطيف الجواهري رجل خلوق جداا جدآ,مديح: الوساطة البنكية سريعة وفعالة,https://www.hespress.com/%d9%85%d8%af%d9%8a%d8%ad-%d8%a7%d9%84%d9%88%d8%b3%d8%a7%d8%b7%d8%a9-%d8%a7%d9%84%d8%a8%d9%86%d9%83%d9%8a%d8%a9-%d8%b3%d8%b1%d9%8a%d8%b9%d8%a9-%d9%88%d9%81%d8%b9%d8%a7%d9%84%d8%a9-1743684.html,
J’ai contacté lwassit pas mal de fois et ca na rien donné comme résultat je suis bloqué par bank chaabi et vivalis ma arnaquer suite a un prêt et il m’en prix ma voiture et Al wassit  n’a rien fais ces décevant,مديح: الوساطة البنكية سريعة وفعالة,https://www.hespress.com/%d9%85%d8%af%d9%8a%d8%ad-%d8%a7%d9%84%d9%88%d8%b3%d8%a7%d8%b7%d8%a9-%d8%a7%d9%84%d8%a8%d9%86%d9%83%d9%8a%d8%a9-%d8%b3%d8%b1%d9%8a%d8%b9%d8%a9-%d9%88%d9%81%d8%b9%d8%a7%d9%84%d8%a9-1743684.html,
بالطبع سوف يرفضون أي إعتراض من المغرب بعدما أبانوا على كرههم للمغرب والمغاربة وأبانوا على حقيقتهم. لاأدري أن بإمكان الجيش الملكي إستأناف القرار واللجوء إلى الطاس والمطالبة بحكم إستعجالي,"""الكاف"" ترفض اعتراض نادي الجيش",https://www.hespress.com/%d8%a7%d9%84%d9%83%d8%a7%d9%81-%d8%aa%d8%b1%d9%81%d8%b6-%d8%a7%d8%b9%d8%aa%d8%b1%d8%a7%d8%b6-%d9%86%d8%a7%d8%af%d9%8a-%d8%a7%d9%84%d8%ac%d9%8a%d8%b4-1745351.html,
في الحقيقة لمادا نستغرب رفض الكاف تغيير الحكم بينما  التحكيم في بطولتنا الوطنية غارق في الفساد. من يريد النزاهة يجب أن يكون قدوة في النزاهة.,"""الكاف"" ترفض اعتراض نادي الجيش",https://www.hespress.com/%d8%a7%d9%84%d9%83%d8%a7%d9%81-%d8%aa%d8%b1%d9%81%d8%b6-%d8%a7%d8%b9%d8%aa%d8%b1%d8%a7%d8%b6-%d9%86%d8%a7%d8%af%d9%8a-%d8%a7%d9%84%d8%ac%d9%8a%d8%b4-1745351.html,
"إلا كل فرقة ماعجبهاش لاربيط هتبغيه يتشونجا فماهنساليوش ,واش ندالا لي زكل بينالتي أولا دياز؟ واش لي بقا تالف فتيران صيباري أولا ندالا؟","""الكاف"" ترفض اعتراض نادي الجيش",https://www.hespress.com/%d8%a7%d9%84%d9%83%d8%a7%d9%81-%d8%aa%d8%b1%d9%81%d8%b6-%d8%a7%d8%b9%d8%aa%d8%b1%d8%a7%d8%b6-%d9%86%d8%a7%d8%af%d9%8a-%d8%a7%d9%84%d8%ac%d9%8a%d8%b4-1745351.html,
خسارة لاكان سبابها لي بعدو سلكسيونا على جمهور كازا وعطاوها لجمهور سيلفي… ولي ضيع بينالتي,"""الكاف"" ترفض اعتراض نادي الجيش",https://www.hespress.com/%d8%a7%d9%84%d9%83%d8%a7%d9%81-%d8%aa%d8%b1%d9%81%d8%b6-%d8%a7%d8%b9%d8%aa%d8%b1%d8%a7%d8%b6-%d9%86%d8%a7%d8%af%d9%8a-%d8%a7%d9%84%d8%ac%d9%8a%d8%b4-1745351.html,
واين الجهاز المتطور لتعقب اموال الشعب المنهوبة,"برادة يكشف جهازا متطورا لتعقب ""غش الباك"" ويحمّل ""بجيدي"" شغب الملاعب",https://www.hespress.com/%d8%a8%d8%b1%d8%a7%d8%af%d8%a9-%d9%8a%d9%83%d8%b4%d9%81-%d8%ac%d9%87%d8%a7%d8%b2%d8%a7-%d9%85%d8%aa%d8%b7%d9%88%d8%b1%d8%a7-%d9%84%d8%aa%d8%b9%d9%82%d8%a8-%d8%ba%d8%b4-%d8%a7%d9%84%d8%a8%d8%a7%d9%83-1745246.html,
الغش تحاربونه ولكن الفساد في نقط الباك والوساطات و المدارس الحرة التي تنفخ في النقط من سيحاربها ((حاميها حراميها)),"برادة يكشف جهازا متطورا لتعقب ""غش الباك"" ويحمّل ""بجيدي"" شغب الملاعب",https://www.hespress.com/%d8%a8%d8%b1%d8%a7%d8%af%d8%a9-%d9%8a%d9%83%d8%b4%d9%81-%d8%ac%d9%87%d8%a7%d8%b2%d8%a7-%d9%85%d8%aa%d8%b7%d9%88%d8%b1%d8%a7-%d9%84%d8%aa%d8%b9%d9%82%d8%a8-%d8%ba%d8%b4-%d8%a7%d9%84%d8%a8%d8%a7%d9%83-1745246.html,
الغش مستشري في المنظومة كلها و ليس اعتباطيا و الدليل بسيط مفتشون سلطتهم مطلقة بدون ادنى رقابة  يعطون نقاط تفتيش لاساتدة لم يزورهم قط استاد مجد يعمل يكد يحصل على 14نقطة في تقرير التفتيش واستاد متكاسل يحصل على نقطة 20 في تقرر ليترقى الاخير ويبقى الاول عرضة للاقصاء وهدا مثل من كثير يا سيادة الوزير لا تغطي الشمس بالغربال الفساد مستشري من المفتش للاستاد للادارة و كل من في الوزراة لا تعلقوا شماعة فشكلم على التلميد و فقط,"برادة يكشف جهازا متطورا لتعقب ""غش الباك"" ويحمّل ""بجيدي"" شغب الملاعب",https://www.hespress.com/%d8%a8%d8%b1%d8%a7%d8%af%d8%a9-%d9%8a%d9%83%d8%b4%d9%81-%d8%ac%d9%87%d8%a7%d8%b2%d8%a7-%d9%85%d8%aa%d8%b7%d9%88%d8%b1%d8%a7-%d9%84%d8%aa%d8%b9%d9%82%d8%a8-%d8%ba%d8%b4-%d8%a7%d9%84%d8%a8%d8%a7%d9%83-1745246.html,
العدالة والتنمية تتحمل مسؤولية المازوط والشغب والغلاء،وثروة اخنوش انتم اجمل حكومة فراقشية في العالم,"برادة يكشف جهازا متطورا لتعقب ""غش الباك"" ويحمّل ""بجيدي"" شغب الملاعب",https://www.hespress.com/%d8%a8%d8%b1%d8%a7%d8%af%d8%a9-%d9%8a%d9%83%d8%b4%d9%81-%d8%ac%d9%87%d8%a7%d8%b2%d8%a7-%d9%85%d8%aa%d8%b7%d9%88%d8%b1%d8%a7-%d9%84%d8%aa%d8%b9%d9%82%d8%a8-%d8%ba%d8%b4-%d8%a7%d9%84%d8%a8%d8%a7%d9%83-1745246.html,
اين جهاز تعقب المال العام وجهاز الكذب على المواطن يجب استعماله في امتحان المحامين,"برادة يكشف جهازا متطورا لتعقب ""غش الباك"" ويحمّل ""بجيدي"" شغب الملاعب",https://www.hespress.com/%d8%a8%d8%b1%d8%a7%d8%af%d8%a9-%d9%8a%d9%83%d8%b4%d9%81-%d8%ac%d9%87%d8%a7%d8%b2%d8%a7-%d9%85%d8%aa%d8%b7%d9%88%d8%b1%d8%a7-%d9%84%d8%aa%d8%b9%d9%82%d8%a8-%d8%ba%d8%b4-%d8%a7%d9%84%d8%a8%d8%a7%d9%83-1745246.html,
المغاربة يريدون جهاز متطور لمراقبة المسؤولين في مكان اشتغالهم عن طريقة عملهم ومعاملتهم للمواطنين ومراقبة الرشاوي التي تعطى لهم  ومراقبة متى يدخلون للعمل ومتى يتغيبون ومراقبة كل المؤسسات الصحية وطريقة تعاملها مع المرضى,"برادة يكشف جهازا متطورا لتعقب ""غش الباك"" ويحمّل ""بجيدي"" شغب الملاعب",https://www.hespress.com/%d8%a8%d8%b1%d8%a7%d8%af%d8%a9-%d9%8a%d9%83%d8%b4%d9%81-%d8%ac%d9%87%d8%a7%d8%b2%d8%a7-%d9%85%d8%aa%d8%b7%d9%88%d8%b1%d8%a7-%d9%84%d8%aa%d8%b9%d9%82%d8%a8-%d8%ba%d8%b4-%d8%a7%d9%84%d8%a8%d8%a7%d9%83-1745246.html,
نريد جهازا لكشف الفساد و الغش و نريد جهاز بكشف الغش في الامتحانات  مع جماز لكشف فساد المباريات الخاصة بالتوظيف خاصة مباريات المحاماة,"برادة يكشف جهازا متطورا لتعقب ""غش الباك"" ويحمّل ""بجيدي"" شغب الملاعب",https://www.hespress.com/%d8%a8%d8%b1%d8%a7%d8%af%d8%a9-%d9%8a%d9%83%d8%b4%d9%81-%d8%ac%d9%87%d8%a7%d8%b2%d8%a7-%d9%85%d8%aa%d8%b7%d9%88%d8%b1%d8%a7-%d9%84%d8%aa%d8%b9%d9%82%d8%a8-%d8%ba%d8%b4-%d8%a7%d9%84%d8%a8%d8%a7%d9%83-1745246.html,
هذا المسؤول جاء فقط لدق آخر مسمار في نعش التعليم العمومي ومختلف المؤشرات على ارض الواقع تدل على ذلك !لكن لماذا رموز الكيان المصطنع يعزون فشلهم للحكومة الماضية رغم ان الشعب يعرف من كان اهم حزب في الحكومتين الماضيتين اي منذ 2013 سنة المؤامرة المعروفة اي العمل على خروج حزب الاستقلال واستيلاء فعلي للكيان الإداري على اهم مناصب والوزارات في حكومة بنكيران والعثماني ! فهذا استهزاء من ذكاء المواطنين,"برادة يكشف جهازا متطورا لتعقب ""غش الباك"" ويحمّل ""بجيدي"" شغب الملاعب",https://www.hespress.com/%d8%a8%d8%b1%d8%a7%d8%af%d8%a9-%d9%8a%d9%83%d8%b4%d9%81-%d8%ac%d9%87%d8%a7%d8%b2%d8%a7-%d9%85%d8%aa%d8%b7%d9%88%d8%b1%d8%a7-%d9%84%d8%aa%d8%b9%d9%82%d8%a8-%d8%ba%d8%b4-%d8%a7%d9%84%d8%a8%d8%a7%d9%83-1745246.html,
وهل من جهاز لتعقب المفسدين، ناهبي أموال الشعب؟؟؟؟ أما مثيرو شغب الملاعب فالمسؤول الأول هي قوانين فارغة سنّتها هذه الحكومة بالخصوص والحكومات السابقة، والتي تولي أهمية قصوى للحقوق ومتغافلة الواجبات… وجمعيات ما يسمى بالمجتمع المدني التي تقف لك بالمرصاد مدافعة عن كل مجرم بدعوى أنه قاااااصر وبحجة حقوق الإنسان…..أين الإنسان أولا لنتحدث عن الحقوق ثانية!!!!!,"برادة يكشف جهازا متطورا لتعقب ""غش الباك"" ويحمّل ""بجيدي"" شغب الملاعب",https://www.hespress.com/%d8%a8%d8%b1%d8%a7%d8%af%d8%a9-%d9%8a%d9%83%d8%b4%d9%81-%d8%ac%d9%87%d8%a7%d8%b2%d8%a7-%d9%85%d8%aa%d8%b7%d9%88%d8%b1%d8%a7-%d9%84%d8%aa%d8%b9%d9%82%d8%a8-%d8%ba%d8%b4-%d8%a7%d9%84%d8%a8%d8%a7%d9%83-1745246.html,
برادة نسي انه في حكومة أشرفت على الرحيل….و يريد أن يمسح فشله الكارثي في تدبير قطاع التعليم في الحكومات السابقة!!!!……الواقع يقول ان جودة التعليم بالمغرب و سمعته شهدا تدهورا كارثيا مع الحكومة الحالية بسبب اخفاق الوزراء المشرفين على هذا القطاع بما فيه التعليم العالي. لذالك على الوزير أن يتحلى بالشجاعة السياسية و يستعد للمحاسبة  عن فشله الذريع في تدبير هذا القطاع.,"برادة يكشف جهازا متطورا لتعقب ""غش الباك"" ويحمّل ""بجيدي"" شغب الملاعب",https://www.hespress.com/%d8%a8%d8%b1%d8%a7%d8%af%d8%a9-%d9%8a%d9%83%d8%b4%d9%81-%d8%ac%d9%87%d8%a7%d8%b2%d8%a7-%d9%85%d8%aa%d8%b7%d9%88%d8%b1%d8%a7-%d9%84%d8%aa%d8%b9%d9%82%d8%a8-%d8%ba%d8%b4-%d8%a7%d9%84%d8%a8%d8%a7%d9%83-1745246.html,
"فشل السياسة الأمنية من 2015 وهو سبب الشغب وقلة الأمن ,خاص بزاف د سونتر فورماسيون باش تعلم حرفة لي ماكملوش لقراية","برادة يكشف جهازا متطورا لتعقب ""غش الباك"" ويحمّل ""بجيدي"" شغب الملاعب",https://www.hespress.com/%d8%a8%d8%b1%d8%a7%d8%af%d8%a9-%d9%8a%d9%83%d8%b4%d9%81-%d8%ac%d9%87%d8%a7%d8%b2%d8%a7-%d9%85%d8%aa%d8%b7%d9%88%d8%b1%d8%a7-%d9%84%d8%aa%d8%b9%d9%82%d8%a8-%d8%ba%d8%b4-%d8%a7%d9%84%d8%a8%d8%a7%d9%83-1745246.html,
في رأييي سوف نرى نسبة نجاح ضئيلة جدا . و بهدا سوف نستنتج هل ما تقوم به الوزارة و الاطر التعليمية أعطى نتيجة إيجابية او عكسية . اتمنى فعلا ان لا يكون هناك غش ليعري لنا الواقع,"برادة يكشف جهازا متطورا لتعقب ""غش الباك"" ويحمّل ""بجيدي"" شغب الملاعب",https://www.hespress.com/%d8%a8%d8%b1%d8%a7%d8%af%d8%a9-%d9%8a%d9%83%d8%b4%d9%81-%d8%ac%d9%87%d8%a7%d8%b2%d8%a7-%d9%85%d8%aa%d8%b7%d9%88%d8%b1%d8%a7-%d9%84%d8%aa%d8%b9%d9%82%d8%a8-%d8%ba%d8%b4-%d8%a7%d9%84%d8%a8%d8%a7%d9%83-1745246.html,
اصلا السيد الوزير لاعلاقة له بالتربية والتعليم.جا من مصنع الفانيد والطوفيتا. لقا راسو وزير تعليم.,"برادة يكشف جهازا متطورا لتعقب ""غش الباك"" ويحمّل ""بجيدي"" شغب الملاعب",https://www.hespress.com/%d8%a8%d8%b1%d8%a7%d8%af%d8%a9-%d9%8a%d9%83%d8%b4%d9%81-%d8%ac%d9%87%d8%a7%d8%b2%d8%a7-%d9%85%d8%aa%d8%b7%d9%88%d8%b1%d8%a7-%d9%84%d8%aa%d8%b9%d9%82%d8%a8-%d8%ba%d8%b4-%d8%a7%d9%84%d8%a8%d8%a7%d9%83-1745246.html,
سبحان الله هاد الحكومة عندها جميع معدات أكثر تطورا في غش في الإمتحانات في طرق لمراقبة سرعة والمأشر طالع مشا لك دعم و في الحدود والمطارات والموانىء لمراقبة ممنوعات من مخدرات والاسلحة إلى غير دالك لكن يمتنعون عن قرارات من أين لك هذا  والمتابعة والمحاسبة عن مال عام. وموت المواطن المغربي,"برادة يكشف جهازا متطورا لتعقب ""غش الباك"" ويحمّل ""بجيدي"" شغب الملاعب",https://www.hespress.com/%d8%a8%d8%b1%d8%a7%d8%af%d8%a9-%d9%8a%d9%83%d8%b4%d9%81-%d8%ac%d9%87%d8%a7%d8%b2%d8%a7-%d9%85%d8%aa%d8%b7%d9%88%d8%b1%d8%a7-%d9%84%d8%aa%d8%b9%d9%82%d8%a8-%d8%ba%d8%b4-%d8%a7%d9%84%d8%a8%d8%a7%d9%83-1745246.html,
ههه والله كثرة الهم تضحك .زعما مللي ياخد الباك يلقا المدارس المجانية .ومن بعدها يلقا الخدمة موجودة.وسير شوفو ماهو اهم اما الجهاز خليه لاصحاب الثروات اللي نهبو الشعب,"برادة يكشف جهازا متطورا لتعقب ""غش الباك"" ويحمّل ""بجيدي"" شغب الملاعب",https://www.hespress.com/%d8%a8%d8%b1%d8%a7%d8%af%d8%a9-%d9%8a%d9%83%d8%b4%d9%81-%d8%ac%d9%87%d8%a7%d8%b2%d8%a7-%d9%85%d8%aa%d8%b7%d9%88%d8%b1%d8%a7-%d9%84%d8%aa%d8%b9%d9%82%d8%a8-%d8%ba%d8%b4-%d8%a7%d9%84%d8%a8%d8%a7%d9%83-1745246.html,
واين جهاز كشف  التلاعبات في الصفقات العمومية وجهاز  تعقب  ومعاقبة الشناقة في جميع مناحي الحياة المغربية,"برادة يكشف جهازا متطورا لتعقب ""غش الباك"" ويحمّل ""بجيدي"" شغب الملاعب",https://www.hespress.com/%d8%a8%d8%b1%d8%a7%d8%af%d8%a9-%d9%8a%d9%83%d8%b4%d9%81-%d8%ac%d9%87%d8%a7%d8%b2%d8%a7-%d9%85%d8%aa%d8%b7%d9%88%d8%b1%d8%a7-%d9%84%d8%aa%d8%b9%d9%82%d8%a8-%d8%ba%d8%b4-%d8%a7%d9%84%d8%a8%d8%a7%d9%83-1745246.html,
Il faut une nouvelle stratégie  sécuritaire et de nouveaux responsables pour rendre le Maroc plus sur,"برادة يكشف جهازا متطورا لتعقب ""غش الباك"" ويحمّل ""بجيدي"" شغب الملاعب",https://www.hespress.com/%d8%a8%d8%b1%d8%a7%d8%af%d8%a9-%d9%8a%d9%83%d8%b4%d9%81-%d8%ac%d9%87%d8%a7%d8%b2%d8%a7-%d9%85%d8%aa%d8%b7%d9%88%d8%b1%d8%a7-%d9%84%d8%aa%d8%b9%d9%82%d8%a8-%d8%ba%d8%b4-%d8%a7%d9%84%d8%a8%d8%a7%d9%83-1745246.html,
اكيد هاذا الجهاز ليس صنع محلي بل ثم استيراده و هاذا  مايتقنه السياسيون المغاربة.اكيد هناك من يستفيد من هاته الصفقة التجارية.من جهة أخرى الغش في الإمتخانات دليل على الفشل و انظحاظ المستوى التربوي في البلاد,"برادة يكشف جهازا متطورا لتعقب ""غش الباك"" ويحمّل ""بجيدي"" شغب الملاعب",https://www.hespress.com/%d8%a8%d8%b1%d8%a7%d8%af%d8%a9-%d9%8a%d9%83%d8%b4%d9%81-%d8%ac%d9%87%d8%a7%d8%b2%d8%a7-%d9%85%d8%aa%d8%b7%d9%88%d8%b1%d8%a7-%d9%84%d8%aa%d8%b9%d9%82%d8%a8-%d8%ba%d8%b4-%d8%a7%d9%84%d8%a8%d8%a7%d9%83-1745246.html,
شغب الملاعب الرياضيه ليس له علاقة بحزب معين هي ظاهرة اجتماعية وجب على الدولة أن تبحث عن الأسباب الحقيقية وراء هذه الظاهرة أول شيء يجيب فعله هو الضرب بالحديد لمن سولت له نفسه تخريب ممتلكات المواطنين أول حاجة هي تغير عقلية المسؤولين عن الشأن السياسي و العقلية لذا من وجب عليهم الحفاظ على النظام العام,"برادة يكشف جهازا متطورا لتعقب ""غش الباك"" ويحمّل ""بجيدي"" شغب الملاعب",https://www.hespress.com/%d8%a8%d8%b1%d8%a7%d8%af%d8%a9-%d9%8a%d9%83%d8%b4%d9%81-%d8%ac%d9%87%d8%a7%d8%b2%d8%a7-%d9%85%d8%aa%d8%b7%d9%88%d8%b1%d8%a7-%d9%84%d8%aa%d8%b9%d9%82%d8%a8-%d8%ba%d8%b4-%d8%a7%d9%84%d8%a8%d8%a7%d9%83-1745246.html,
برادة يحمل بيجيدي شغب الملاعب، هذا اعتراف ان كل جماهير كرة القدم ينتمون للبيجيدي،وجب البحث في الموضوع.. ليس برادةَ وحده، بل كل وزراء نوش يحملون فشلهم  وضعف انجازاتهم وقلة حصيلة اعمالهم للبي جي دي، البي جي دي اصبح ساحرا في مواجهة اعمال حكومة نوش الفاشلة..!,"برادة يكشف جهازا متطورا لتعقب ""غش الباك"" ويحمّل ""بجيدي"" شغب الملاعب",https://www.hespress.com/%d8%a8%d8%b1%d8%a7%d8%af%d8%a9-%d9%8a%d9%83%d8%b4%d9%81-%d8%ac%d9%87%d8%a7%d8%b2%d8%a7-%d9%85%d8%aa%d8%b7%d9%88%d8%b1%d8%a7-%d9%84%d8%aa%d8%b9%d9%82%d8%a8-%d8%ba%d8%b4-%d8%a7%d9%84%d8%a8%d8%a7%d9%83-1745246.html,
بعض التلاميذ وحتى اولياءهم اصبحوا يرون ان الغش حق مشروع وماذا نقول عن تلاميذ التعليم الخصوصي الدين يحصلون على نقط منفوخة اين هي المراقبة عند زيارة المفتش يأتي فقط للحصول على عمولته(الجوا),"برادة يكشف جهازا متطورا لتعقب ""غش الباك"" ويحمّل ""بجيدي"" شغب الملاعب",https://www.hespress.com/%d8%a8%d8%b1%d8%a7%d8%af%d8%a9-%d9%8a%d9%83%d8%b4%d9%81-%d8%ac%d9%87%d8%a7%d8%b2%d8%a7-%d9%85%d8%aa%d8%b7%d9%88%d8%b1%d8%a7-%d9%84%d8%aa%d8%b9%d9%82%d8%a8-%d8%ba%d8%b4-%d8%a7%d9%84%d8%a8%d8%a7%d9%83-1745246.html,
nous n’avons qu’à remercier chaleuresement monsieur le ministre pour cette initiative pour mettre fin au problème de la tricherie aux examens. J’aimerais juste m’adresser aux professeurs pour leurs dire qu’après 26 ans d’expérience que 90% des problèmes que vous vivez quotidiennement en classe sont dûs principalement au fait de  participer d’une manière ou d une autre à faire réussir des élèves qui n ont pas les compétences nécessaires. un élève “faible” doit refaire l’année un élève faible et qui réussit à passer au niveau suivant n est qu’un futur problème pour vous et pour les autres professeurs,"برادة يكشف جهازا متطورا لتعقب ""غش الباك"" ويحمّل ""بجيدي"" شغب الملاعب",https://www.hespress.com/%d8%a8%d8%b1%d8%a7%d8%af%d8%a9-%d9%8a%d9%83%d8%b4%d9%81-%d8%ac%d9%87%d8%a7%d8%b2%d8%a7-%d9%85%d8%aa%d8%b7%d9%88%d8%b1%d8%a7-%d9%84%d8%aa%d8%b9%d9%82%d8%a8-%d8%ba%d8%b4-%d8%a7%d9%84%d8%a8%d8%a7%d9%83-1745246.html,
هذه الأجهزة سهل عليكم توفيرها بسرعة البرق وأجهزة السكانير في المستشفيات لم تستطيعو توفيرها أو حين توفرها تجدها دائما معطلة، أنا ضد الغش لكن في جميع المجلات وأولهما في قبة البرلمان يجب توفير أجهزة كذلك لمحاربة البرلمانيين الغشاشين، أليس كذلك.,"برادة يكشف جهازا متطورا لتعقب ""غش الباك"" ويحمّل ""بجيدي"" شغب الملاعب",https://www.hespress.com/%d8%a8%d8%b1%d8%a7%d8%af%d8%a9-%d9%8a%d9%83%d8%b4%d9%81-%d8%ac%d9%87%d8%a7%d8%b2%d8%a7-%d9%85%d8%aa%d8%b7%d9%88%d8%b1%d8%a7-%d9%84%d8%aa%d8%b9%d9%82%d8%a8-%d8%ba%d8%b4-%d8%a7%d9%84%d8%a8%d8%a7%d9%83-1745246.html,
يجب اولا تعقب اموال الفوسفاط و الذهب و الفضة و الخضر و الاسماك و الصناعات  الاخرى ، هل يتم ادخالها الى المغرب ام يتم تحويلها   الى حسابات بالابناك الفرنسية و السويسرية و الامريكية و بناما  ام اين ..؟؟؟؟,"برادة يكشف جهازا متطورا لتعقب ""غش الباك"" ويحمّل ""بجيدي"" شغب الملاعب",https://www.hespress.com/%d8%a8%d8%b1%d8%a7%d8%af%d8%a9-%d9%8a%d9%83%d8%b4%d9%81-%d8%ac%d9%87%d8%a7%d8%b2%d8%a7-%d9%85%d8%aa%d8%b7%d9%88%d8%b1%d8%a7-%d9%84%d8%aa%d8%b9%d9%82%d8%a8-%d8%ba%d8%b4-%d8%a7%d9%84%d8%a8%d8%a7%d9%83-1745246.html,
غادي ترجعونا بحال المصريين أي حاجة وقعت فالبلاد تمسحوها فالببجيدي ……,"برادة يكشف جهازا متطورا لتعقب ""غش الباك"" ويحمّل ""بجيدي"" شغب الملاعب",https://www.hespress.com/%d8%a8%d8%b1%d8%a7%d8%af%d8%a9-%d9%8a%d9%83%d8%b4%d9%81-%d8%ac%d9%87%d8%a7%d8%b2%d8%a7-%d9%85%d8%aa%d8%b7%d9%88%d8%b1%d8%a7-%d9%84%d8%aa%d8%b9%d9%82%d8%a8-%d8%ba%d8%b4-%d8%a7%d9%84%d8%a8%d8%a7%d9%83-1745246.html,
ميزيان  ميزيان  ،  البيجيدي مسؤول  عن شغب الملاعب و بن كيران يتوق إلى العودة لرئاسةالحكومة رغم  معاشه  السمين . لما كان رئيساً للحكومة وجد العفاريت و التماسيح عرقلوا برامجهلخدمة البلاد ، فل  إنقرضوا لينوي العودة إلى رئاسة الحكومة ؟,"برادة يكشف جهازا متطورا لتعقب ""غش الباك"" ويحمّل ""بجيدي"" شغب الملاعب",https://www.hespress.com/%d8%a8%d8%b1%d8%a7%d8%af%d8%a9-%d9%8a%d9%83%d8%b4%d9%81-%d8%ac%d9%87%d8%a7%d8%b2%d8%a7-%d9%85%d8%aa%d8%b7%d9%88%d8%b1%d8%a7-%d9%84%d8%aa%d8%b9%d9%82%d8%a8-%d8%ba%d8%b4-%d8%a7%d9%84%d8%a8%d8%a7%d9%83-1745246.html,
تضارب المصالح يشملكم و يرى بالعين المجردة. الا يوجد  جهاز امني يجبركم على تسليم انفسكم للعدالة؟,"برادة يكشف جهازا متطورا لتعقب ""غش الباك"" ويحمّل ""بجيدي"" شغب الملاعب",https://www.hespress.com/%d8%a8%d8%b1%d8%a7%d8%af%d8%a9-%d9%8a%d9%83%d8%b4%d9%81-%d8%ac%d9%87%d8%a7%d8%b2%d8%a7-%d9%85%d8%aa%d8%b7%d9%88%d8%b1%d8%a7-%d9%84%d8%aa%d8%b9%d9%82%d8%a8-%d8%ba%d8%b4-%d8%a7%d9%84%d8%a8%d8%a7%d9%83-1745246.html,
مع الاسف، هدا الرد و الجواب، عن ظاهرة اجتماعية غير صحية و هي شغب الملاعب من طرف أشخاص سواء قاصرين او منقطعين عن الدراسة، من طرف وزير معني بشكل مباشر سواء بالتربية او الرياضة، طريقة الجواب هي في حد داته شغب برلماني و يؤكد ان ما يمكن أن ينتج عن شريحة من المجتمع الدي لم يكمل دراسته فها هو ينتج و يحدت من طرف مسؤول حكومي.,"برادة يكشف جهازا متطورا لتعقب ""غش الباك"" ويحمّل ""بجيدي"" شغب الملاعب",https://www.hespress.com/%d8%a8%d8%b1%d8%a7%d8%af%d8%a9-%d9%8a%d9%83%d8%b4%d9%81-%d8%ac%d9%87%d8%a7%d8%b2%d8%a7-%d9%85%d8%aa%d8%b7%d9%88%d8%b1%d8%a7-%d9%84%d8%aa%d8%b9%d9%82%d8%a8-%d8%ba%d8%b4-%d8%a7%d9%84%d8%a8%d8%a7%d9%83-1745246.html,
فعلاً مكدبتيش بنكيران هو سبب تدهور الوضع بالمدارس الابتدائية والمتوسطة والتانوية لان له مدارس الخصوصية وتمكن من تمرير كل ماكان يريده لأنه يمتلك الألف من المدارس الخصوصية حتى العطل قزمهم لتبقى دائماً الكتب تشترى على طول العام ومن العطل أعطى أوامره لكل جهة أن تأخد قسط من العطلة القصيرة وجهة تدرس الله ياخد فيه الحق,"برادة يكشف جهازا متطورا لتعقب ""غش الباك"" ويحمّل ""بجيدي"" شغب الملاعب",https://www.hespress.com/%d8%a8%d8%b1%d8%a7%d8%af%d8%a9-%d9%8a%d9%83%d8%b4%d9%81-%d8%ac%d9%87%d8%a7%d8%b2%d8%a7-%d9%85%d8%aa%d8%b7%d9%88%d8%b1%d8%a7-%d9%84%d8%aa%d8%b9%d9%82%d8%a8-%d8%ba%d8%b4-%d8%a7%d9%84%d8%a8%d8%a7%d9%83-1745246.html,
المغاربة نحسهم  الراقي وحساسيتهم للفساد فهو جهاز طبيعي  يرصد فساد السياسيين كبيرهم وصغيرهم ويقوم بمعاقبتهم في المستقبل,"برادة يكشف جهازا متطورا لتعقب ""غش الباك"" ويحمّل ""بجيدي"" شغب الملاعب",https://www.hespress.com/%d8%a8%d8%b1%d8%a7%d8%af%d8%a9-%d9%8a%d9%83%d8%b4%d9%81-%d8%ac%d9%87%d8%a7%d8%b2%d8%a7-%d9%85%d8%aa%d8%b7%d9%88%d8%b1%d8%a7-%d9%84%d8%aa%d8%b9%d9%82%d8%a8-%d8%ba%d8%b4-%d8%a7%d9%84%d8%a8%d8%a7%d9%83-1745246.html,
القضاة ووكلاء الملك يغشون في الماسترات فما يفعله التلاميذ لا يعتبر غشا هو فقط نظر إلى الاجوبة ونقلها,"برادة يكشف جهازا متطورا لتعقب ""غش الباك"" ويحمّل ""بجيدي"" شغب الملاعب",https://www.hespress.com/%d8%a8%d8%b1%d8%a7%d8%af%d8%a9-%d9%8a%d9%83%d8%b4%d9%81-%d8%ac%d9%87%d8%a7%d8%b2%d8%a7-%d9%85%d8%aa%d8%b7%d9%88%d8%b1%d8%a7-%d9%84%d8%aa%d8%b9%d9%82%d8%a8-%d8%ba%d8%b4-%d8%a7%d9%84%d8%a8%d8%a7%d9%83-1745246.html,
المفروض ان يخرج لاعبو الرجاء و الجيش. و مسؤولو الفريقين علانية لادانة الشغب. و المشاغبين. الان الفريقين مهددين بفقدان اللقب. على الفريقين اخد مسافة من الشغب.,"برادة يكشف جهازا متطورا لتعقب ""غش الباك"" ويحمّل ""بجيدي"" شغب الملاعب",https://www.hespress.com/%d8%a8%d8%b1%d8%a7%d8%af%d8%a9-%d9%8a%d9%83%d8%b4%d9%81-%d8%ac%d9%87%d8%a7%d8%b2%d8%a7-%d9%85%d8%aa%d8%b7%d9%88%d8%b1%d8%a7-%d9%84%d8%aa%d8%b9%d9%82%d8%a8-%d8%ba%d8%b4-%d8%a7%d9%84%d8%a8%d8%a7%d9%83-1745246.html,
كفاكم ضحكا على الذقون فالمنظومة برمتها فاسدة,"برادة يكشف جهازا متطورا لتعقب ""غش الباك"" ويحمّل ""بجيدي"" شغب الملاعب",https://www.hespress.com/%d8%a8%d8%b1%d8%a7%d8%af%d8%a9-%d9%8a%d9%83%d8%b4%d9%81-%d8%ac%d9%87%d8%a7%d8%b2%d8%a7-%d9%85%d8%aa%d8%b7%d9%88%d8%b1%d8%a7-%d9%84%d8%aa%d8%b9%d9%82%d8%a8-%d8%ba%d8%b4-%d8%a7%d9%84%d8%a8%d8%a7%d9%83-1745246.html,
الشغب داخل ملاعب كرة القدم في المغرب ظاهرة حديثة برزت خلال السنين الأخيرة من طرف مشجعي الفرق غالبيتهم لا يدرسون و ليس لهم تكوين مهني و عاطلون.التربية و التعليم شيئان اساسيان لتكوين شخصية الإنسان في هذه الحياة.مغادرة الدراسة في سن مبكر لا بد ان يكون لها  نتائج سلبية  على المجتمع من افعال اجرامية و الإدمان علىالمخدرات.بالفعل الحكومات السابقة التي كان على رأسها العدالة و التنمية اضرت بكثير قطاع التربية الوطنية بالعمل بالتعاقد و نهج سياسة التقشف من اجل فتح المجال للخواص.اضف الى ذالك تحرير المحروقات الذي ادى الى غلاء المعيشة و فتح الباب للوبيات اصحاب النقل و مستوردي و موزعي  المحروقات الدين اصبحوا يبتزون الحكومة في كل وقت و حين من اجل نيل الدعم و غلاء المعيشة على المواطنين.المستفيد من تحرير المحروقات و من الدعم  في الحكومة الحالية هم مهني النقل و الفلاحة و مربي المواشي.,"برادة يكشف جهازا متطورا لتعقب ""غش الباك"" ويحمّل ""بجيدي"" شغب الملاعب",https://www.hespress.com/%d8%a8%d8%b1%d8%a7%d8%af%d8%a9-%d9%8a%d9%83%d8%b4%d9%81-%d8%ac%d9%87%d8%a7%d8%b2%d8%a7-%d9%85%d8%aa%d8%b7%d9%88%d8%b1%d8%a7-%d9%84%d8%aa%d8%b9%d9%82%d8%a8-%d8%ba%d8%b4-%d8%a7%d9%84%d8%a8%d8%a7%d9%83-1745246.html,
نريد جهاز للتعقب فساد ومراقبة اموال الشعب وثرواته من لصوصية,"برادة يكشف جهازا متطورا لتعقب ""غش الباك"" ويحمّل ""بجيدي"" شغب الملاعب",https://www.hespress.com/%d8%a8%d8%b1%d8%a7%d8%af%d8%a9-%d9%8a%d9%83%d8%b4%d9%81-%d8%ac%d9%87%d8%a7%d8%b2%d8%a7-%d9%85%d8%aa%d8%b7%d9%88%d8%b1%d8%a7-%d9%84%d8%aa%d8%b9%d9%82%d8%a8-%d8%ba%d8%b4-%d8%a7%d9%84%d8%a8%d8%a7%d9%83-1745246.html,
حتى الساعة إضافية من أسباب تواترات عصبية,خبراء: الشغب الرياضي واجهة لأزمة اجتماعية عميقة في الأحياء الهامشية,https://www.hespress.com/%d8%ae%d8%a8%d8%b1%d8%a7%d8%a1-%d8%a7%d9%84%d8%b4%d8%ba%d8%a8-%d8%a7%d9%84%d8%b1%d9%8a%d8%a7%d8%b6%d9%8a-%d9%88%d8%a7%d8%ac%d9%87%d8%a9-%d9%84%d8%a3%d8%b2%d9%85%d8%a9-%d8%a7%d8%ac%d8%aa%d9%85%d8%a7-1745108.html,
هذه الظاهرة خطيرة جدا و تتزايد مع الاجيال الصاعدة ، لذلك يجب توعية الشباب بان هذه فقط رياضة متلها متل اي رياضة اخرى و ليس حرب مع ان الشركات التي تستثمر لا تريد ذلك و تتمنى ان يزداد شغف الناس لتحقيق الارباح ….انا مرة اعترض طريقي شاب يحمل سيف و يسالني هل انت وداد ام رجاء لاحول ولاقوة ةالا بالله …الحمد لله قلت له لا اتابع الكرة ونجوت من احتمالية هجوم خطير كان ممكن يؤدي الى الوفاة,خبراء: الشغب الرياضي واجهة لأزمة اجتماعية عميقة في الأحياء الهامشية,https://www.hespress.com/%d8%ae%d8%a8%d8%b1%d8%a7%d8%a1-%d8%a7%d9%84%d8%b4%d8%ba%d8%a8-%d8%a7%d9%84%d8%b1%d9%8a%d8%a7%d8%b6%d9%8a-%d9%88%d8%a7%d8%ac%d9%87%d8%a9-%d9%84%d8%a3%d8%b2%d9%85%d8%a9-%d8%a7%d8%ac%d8%aa%d9%85%d8%a7-1745108.html,
لي شاف هاد فيديو غادي يكره شي حاجة اسمها تشجيع تاع كورة كاملين هادو لي كيبانو في فيديو ضاعو او كنتمنى تكون شي عقوبة لي تردع بحال هاد تصرفات اما هذاك لي تضرب كان الله في عون اسرة تاعو في هاد لعواشر ولاكن لي قدر يربي ولادو ماغاديش يفكر يمشي لبلايص لي غادي يرجع فيهم معاق او عالة على اسرة تاعو,خبراء: الشغب الرياضي واجهة لأزمة اجتماعية عميقة في الأحياء الهامشية,https://www.hespress.com/%d8%ae%d8%a8%d8%b1%d8%a7%d8%a1-%d8%a7%d9%84%d8%b4%d8%ba%d8%a8-%d8%a7%d9%84%d8%b1%d9%8a%d8%a7%d8%b6%d9%8a-%d9%88%d8%a7%d8%ac%d9%87%d8%a9-%d9%84%d8%a3%d8%b2%d9%85%d8%a9-%d8%a7%d8%ac%d8%aa%d9%85%d8%a7-1745108.html,
هاد الساعة الغير مرغوب فيها سبب مايقع للمغاربة الانفعال والغضب والانتحار و الأمراض العقلية والنفسية وكترة المختليين العقليين بالمغرب أصبحت كتيرة ساعة مؤلمة وخطيرة يجب مراعاة مشاعر الناس بالمغرب,خبراء: الشغب الرياضي واجهة لأزمة اجتماعية عميقة في الأحياء الهامشية,https://www.hespress.com/%d8%ae%d8%a8%d8%b1%d8%a7%d8%a1-%d8%a7%d9%84%d8%b4%d8%ba%d8%a8-%d8%a7%d9%84%d8%b1%d9%8a%d8%a7%d8%b6%d9%8a-%d9%88%d8%a7%d8%ac%d9%87%d8%a9-%d9%84%d8%a3%d8%b2%d9%85%d8%a9-%d8%a7%d8%ac%d8%aa%d9%85%d8%a7-1745108.html,
علاش الدولة متحكمش عليهم ب 20 عام ديال الحبس مع الأعمال الشاقة ….عطا الله ما يديرو بهم، يحفرو بيهم شي جبل,خبراء: الشغب الرياضي واجهة لأزمة اجتماعية عميقة في الأحياء الهامشية,https://www.hespress.com/%d8%ae%d8%a8%d8%b1%d8%a7%d8%a1-%d8%a7%d9%84%d8%b4%d8%ba%d8%a8-%d8%a7%d9%84%d8%b1%d9%8a%d8%a7%d8%b6%d9%8a-%d9%88%d8%a7%d8%ac%d9%87%d8%a9-%d9%84%d8%a3%d8%b2%d9%85%d8%a9-%d8%a7%d8%ac%d8%aa%d9%85%d8%a7-1745108.html,
من أجل احتواء الظاهرة يجب تضافر الجهود بين مكونات الجسم الرياضي وخاصة من مسؤولي الفرق واللاعبين،  كيف يعقل أن لاعب كرة قدم محترف يتكلم بتشنج وعصبيةوكاام زنقاوي في الوقت لي خاصو يكون هو القدوة للمشجعين وخاصوا يعرف هو والمسؤولين ديال الفرق بأنهم يتبعهم جيل بأكمله جيل يحب فريقه ولا يرضى بالخسارة وجيل يتعاطى لجميع المبيقات,خبراء: الشغب الرياضي واجهة لأزمة اجتماعية عميقة في الأحياء الهامشية,https://www.hespress.com/%d8%ae%d8%a8%d8%b1%d8%a7%d8%a1-%d8%a7%d9%84%d8%b4%d8%ba%d8%a8-%d8%a7%d9%84%d8%b1%d9%8a%d8%a7%d8%b6%d9%8a-%d9%88%d8%a7%d8%ac%d9%87%d8%a9-%d9%84%d8%a3%d8%b2%d9%85%d8%a9-%d8%a7%d8%ac%d8%aa%d9%85%d8%a7-1745108.html,
لو بحثنا في الأسباب لوجدنا 90 في المائة من هؤلاء المشاغبين و المجرمين انقطعو عن الدراسة في سن مبكرة حيث لم يتجاوز مستواهم الدراسي الثالثة اعدادي، المجتمع مسؤول عن هذا الانحراف الخطير و الدولة أيضا متهاونة لم تستعمل الهراوة و  الصرامة لتربية المشاغبين التي تتحول  أعمالهم الى اجرام.,خبراء: الشغب الرياضي واجهة لأزمة اجتماعية عميقة في الأحياء الهامشية,https://www.hespress.com/%d8%ae%d8%a8%d8%b1%d8%a7%d8%a1-%d8%a7%d9%84%d8%b4%d8%ba%d8%a8-%d8%a7%d9%84%d8%b1%d9%8a%d8%a7%d8%b6%d9%8a-%d9%88%d8%a7%d8%ac%d9%87%d8%a9-%d9%84%d8%a3%d8%b2%d9%85%d8%a9-%d8%a7%d8%ac%d8%aa%d9%85%d8%a7-1745108.html,
المشكل أعمق فاغلب الساكنة في حي مولاي رشيد هي من اصحاب دور الصفيح الذين استفادوا من تعويض عن سكن صفيحي اي إن الدولة لم نشيد دور شباب ملاعب رياضية و جمعيات حقيقية لتأطير الشباب .خراسانات إسمنتية و حتى شكل البنايات و هندستها المعمارية كأنها على شكل غيتوهات او خزان انتخابي أضف إلى ذلك تواجد الاسواق و المتلاشيات مما ساهم في الهجرة من القرى و التناسل دون مراقبة او تربية على أسس صحيحة مما ساهم في تفريخ جيل هجين أدى إلى انتشار جرائم السرقة و المخدرات و عصابات الالترا .ذات يوم جلست بمقهى قرب حي الفلاح و شاهدت بأم عيني خمس سرقات بالنشل في وقت وجيز و لما سألت زميلي عن الوضع هناك رد بأن الأمر عادي بهاته الاحياء.,خبراء: الشغب الرياضي واجهة لأزمة اجتماعية عميقة في الأحياء الهامشية,https://www.hespress.com/%d8%ae%d8%a8%d8%b1%d8%a7%d8%a1-%d8%a7%d9%84%d8%b4%d8%ba%d8%a8-%d8%a7%d9%84%d8%b1%d9%8a%d8%a7%d8%b6%d9%8a-%d9%88%d8%a7%d8%ac%d9%87%d8%a9-%d9%84%d8%a3%d8%b2%d9%85%d8%a9-%d8%a7%d8%ac%d8%aa%d9%85%d8%a7-1745108.html,
الأسرة عماد المجتمع ، إذا تماسكت وقامت بأدوارها في التربية والرعاية والتنشئة صلح المجتمع، والعكس صحيح…بعد الأسرة تأتي باقي الفعاليات من مدرسة وجمعيات وسلطات محلية ….,خبراء: الشغب الرياضي واجهة لأزمة اجتماعية عميقة في الأحياء الهامشية,https://www.hespress.com/%d8%ae%d8%a8%d8%b1%d8%a7%d8%a1-%d8%a7%d9%84%d8%b4%d8%ba%d8%a8-%d8%a7%d9%84%d8%b1%d9%8a%d8%a7%d8%b6%d9%8a-%d9%88%d8%a7%d8%ac%d9%87%d8%a9-%d9%84%d8%a3%d8%b2%d9%85%d8%a9-%d8%a7%d8%ac%d8%aa%d9%85%d8%a7-1745108.html,
الفقر وجوع والرياضة! كيف أتابع كرة القدم وأنا عاطل عن العمل؟ قالوا لي إنتظر هناك مبارة أخرى لتوظيف الشباب. ثلاثة سنوات وأنا أنتظر .,خبراء: الشغب الرياضي واجهة لأزمة اجتماعية عميقة في الأحياء الهامشية,https://www.hespress.com/%d8%ae%d8%a8%d8%b1%d8%a7%d8%a1-%d8%a7%d9%84%d8%b4%d8%ba%d8%a8-%d8%a7%d9%84%d8%b1%d9%8a%d8%a7%d8%b6%d9%8a-%d9%88%d8%a7%d8%ac%d9%87%d8%a9-%d9%84%d8%a3%d8%b2%d9%85%d8%a9-%d8%a7%d8%ac%d8%aa%d9%85%d8%a7-1745108.html,
الشخص تحت تاثير المخدرات لا يخاف من العواقب يعني مقاربة العقاب و السجن ليس دائما فعالة.المشكل قادم من الفقر  و التكاثر السريع و التربية الاسرية و التربية المدرسية و افكار العصور الوسطى كونو لنا كائنات او بالاحرى بوتات ناقصو الوعي.تزوجو ترزقو. الولد ياتي برزقه. الولد ابن الفراش وينسب فقط لامه وهذه هي النتيجة.الحل الوحيد و الاوحد لظمان عدم حدوث كارثة اجتماعية في المستقل وماقد ينتج عنهت من كارثة هو التنمية البشرية الحقيقية.,خبراء: الشغب الرياضي واجهة لأزمة اجتماعية عميقة في الأحياء الهامشية,https://www.hespress.com/%d8%ae%d8%a8%d8%b1%d8%a7%d8%a1-%d8%a7%d9%84%d8%b4%d8%ba%d8%a8-%d8%a7%d9%84%d8%b1%d9%8a%d8%a7%d8%b6%d9%8a-%d9%88%d8%a7%d8%ac%d9%87%d8%a9-%d9%84%d8%a3%d8%b2%d9%85%d8%a9-%d8%a7%d8%ac%d8%aa%d9%85%d8%a7-1745108.html,
المسببات الرئيسية لشغب الملاعب هي عدم التربية إبتداءا من المدارس التي افلس فيها تعليمنا والتي أصبح الهم الوحيد فيها للمعلمين هي زيادة اجورهم وإمتيازاتهم كما أن الوزارة المسؤولة عن التربية والتعليم مناهجها  شبه خالية من التربية على الإيمان والمواطنة الصالحة وهنالك مسببات أخرى وهي (قلت مايدار لافضئات عمومية لممارسة الهوايات ولا متنفسات يمشيو ليها الشباب لإبراز مواهبهم وقدراتهم وإنتشار القرقوبي والبوفا في الأحياء إلى بغينا نقضيو على ظاهرة الشغب والعربدة فلا بد من إصلاح مناهج التربية والتعليم لكي نتصالح مع المواطنة التي إفتقدها  معظم الشباب وإلا مازال غادي نشوفو العجب ألي ماعمرنا شفناه راه ماحدها تقاقي وهي كتزيد في لبزق),خبراء: الشغب الرياضي واجهة لأزمة اجتماعية عميقة في الأحياء الهامشية,https://www.hespress.com/%d8%ae%d8%a8%d8%b1%d8%a7%d8%a1-%d8%a7%d9%84%d8%b4%d8%ba%d8%a8-%d8%a7%d9%84%d8%b1%d9%8a%d8%a7%d8%b6%d9%8a-%d9%88%d8%a7%d8%ac%d9%87%d8%a9-%d9%84%d8%a3%d8%b2%d9%85%d8%a9-%d8%a7%d8%ac%d8%aa%d9%85%d8%a7-1745108.html,
انا كاستاذة عايشت اجيالا في مسيرتي العملية : تلاميذ الستينات ، السبعينات ، الثمانينات ، التسعينات وكل هذه الاجيال كانت بخير وكان الفقر اكثر من الان ينخر قوى الاسر المغرية المهمشة  : دور الصفيح ، منازل الطين في بعض المناطق ولم تر شغبا ولا عزوفا عن الدراسة ولا حتى سلوك معد ، بل الاقبال على الدراسة بنهم رغم الفقر والجوع ( حدث يوم انا أوبخ التلاميذ على عدم احضار الادوات في بداية السنة لانني كنت لا اريد تضييع يوم اذا بدات السنة الدراسية فطلب مني أحد التلاميذ ان يهمس في اذني اقتربت منه ليقول لي انه لم ياكل لقمة خبز ولو حافية منذ يومين ، ولكن يحضر  ) هذا هو الفقر الذي واجهه الجيل السابق ولكن الأخلاق العالية . لماذا ؟ لان الأسرة كانت أسرة تحرص على تتبع ابنائها ، اما الان الام تتابع مسلسلا تلو الآخر فيه 600 حلقة وعندما تنتهي تتحول الى التلفون ، ولا ننسى الاب مع المقهى والكرة فتخلت الأسرة عن التربية .أضف إلى ذلك المعلم الذي كان يساهم في التربية لم تعد له الوصاية على ذلك خوفا من الأسرة التي تعنفه وتقدمه الى المحكمة. فالفقر لم يكن ابدا سببا في الشغب، ابحثوا عن سبب اخر,خبراء: الشغب الرياضي واجهة لأزمة اجتماعية عميقة في الأحياء الهامشية,https://www.hespress.com/%d8%ae%d8%a8%d8%b1%d8%a7%d8%a1-%d8%a7%d9%84%d8%b4%d8%ba%d8%a8-%d8%a7%d9%84%d8%b1%d9%8a%d8%a7%d8%b6%d9%8a-%d9%88%d8%a7%d8%ac%d9%87%d8%a9-%d9%84%d8%a3%d8%b2%d9%85%d8%a9-%d8%a7%d8%ac%d8%aa%d9%85%d8%a7-1745108.html,
لي بغى يعرف الحقيقه المرة يمشي المدارس وتسمع قلة الترابي أش دايرة,خبراء: الشغب الرياضي واجهة لأزمة اجتماعية عميقة في الأحياء الهامشية,https://www.hespress.com/%d8%ae%d8%a8%d8%b1%d8%a7%d8%a1-%d8%a7%d9%84%d8%b4%d8%ba%d8%a8-%d8%a7%d9%84%d8%b1%d9%8a%d8%a7%d8%b6%d9%8a-%d9%88%d8%a7%d8%ac%d9%87%d8%a9-%d9%84%d8%a3%d8%b2%d9%85%d8%a9-%d8%a7%d8%ac%d8%aa%d9%85%d8%a7-1745108.html,
باختصار شديد…يقول ابن خلدون ” أن الشعوب المقهورة تسوء أخلاقها ”,خبراء: الشغب الرياضي واجهة لأزمة اجتماعية عميقة في الأحياء الهامشية,https://www.hespress.com/%d8%ae%d8%a8%d8%b1%d8%a7%d8%a1-%d8%a7%d9%84%d8%b4%d8%ba%d8%a8-%d8%a7%d9%84%d8%b1%d9%8a%d8%a7%d8%b6%d9%8a-%d9%88%d8%a7%d8%ac%d9%87%d8%a9-%d9%84%d8%a3%d8%b2%d9%85%d8%a9-%d8%a7%d8%ac%d8%aa%d9%85%d8%a7-1745108.html,
الظاهرة أولا هي نتيجة للإستثمار في الحجر قبل البشر، هي نتيجة الفساد والنهب وغياب الحس الإنساني والوطني لدى السلطات منتخبة و غير منتخبة ، الظاهرة تسائل الضمير الوطني في السلطات،  كيف يمكن لإنسان أن يتقبل بناء ملعب بملايير الدراهم بجانب حيه أو مدينته  و بمواصفات وتجهيزات خيالية و بميزانية صيانة  تكلف أموال ضخمة،  بينما  هذا الإنسان يفتقر لأبسط ضروريات الحياة من شغل و خدمات صحية مناسبة وتعليم في المستوى، هذه الظاهرة إدانة صريحة للدولة و تسائل فيها حس المسؤولية والعدالة الإجتماعية قبل الحديث عن الظاهرة الإجتماعية التي هي السبب في تفاقمها، لأنه لا يكفي أن تبني ملاعب وأبراج وناطحات بمواصفات عالمية والشعب بعبش  بمواصفات التخلف والتهميش ، وسط القمع والظلم والفقر و المحسوبية، أما  الخبراء فعليهم  أن  يضعوا أصابعهم على أسباب  الظاهرة ومخاطبة أصحاب الحل، يقول المثل لقد أسمعت لو ناديت حيا ، لكن لا حياة لمن تنادي، فاقد الشيء لا يعطيه. إنتهى.,خبراء: الشغب الرياضي واجهة لأزمة اجتماعية عميقة في الأحياء الهامشية,https://www.hespress.com/%d8%ae%d8%a8%d8%b1%d8%a7%d8%a1-%d8%a7%d9%84%d8%b4%d8%ba%d8%a8-%d8%a7%d9%84%d8%b1%d9%8a%d8%a7%d8%b6%d9%8a-%d9%88%d8%a7%d8%ac%d9%87%d8%a9-%d9%84%d8%a3%d8%b2%d9%85%d8%a9-%d8%a7%d8%ac%d8%aa%d9%85%d8%a7-1745108.html,
للأسف هذه الظاهرة أصبحت عامة وفي جميع مناح الحياة.وهذا يعني ان هناك خلل كبير في المنظومة الاجتماعي والأسرية والفوارق الكبيرة بين الاستثمار في البنى التحتية و بين الاستثمار في العنصر البشري,خبراء: الشغب الرياضي واجهة لأزمة اجتماعية عميقة في الأحياء الهامشية,https://www.hespress.com/%d8%ae%d8%a8%d8%b1%d8%a7%d8%a1-%d8%a7%d9%84%d8%b4%d8%ba%d8%a8-%d8%a7%d9%84%d8%b1%d9%8a%d8%a7%d8%b6%d9%8a-%d9%88%d8%a7%d8%ac%d9%87%d8%a9-%d9%84%d8%a3%d8%b2%d9%85%d8%a9-%d8%a7%d8%ac%d8%aa%d9%85%d8%a7-1745108.html,
كترت الخلفة وتخلف بدا من بوادي إلى أحيا وازقة الاحياء شعبيه بالمدن  المغربيهالشاي او طفل او رب أسرة لم يشاهد حفرة او إعادة حفر شارع من نقطه A-B طول زنقه او طريق او شارع ١٠٠ او ٢٠٠متر تتركه شركه محفور اكتر من سنه وحين يشاهد شاب او طفل او رجل أو رب الاسره طريق او ازقه او ممر تحفر نفس شركة  بعد ساعات او يوم  يبلط بزفت نيلو او بزليج جديد شبيه بزليج اوب  في تلك اللحظه شاب طفل يحقد على دولة مغربيه وعلى مؤسساته ربن يضحك مجرم متشيع عميل لجهات ما لان دالك شخص مسؤل او سياسي حتقره حتق الحي الدي ترعرع فيه,خبراء: الشغب الرياضي واجهة لأزمة اجتماعية عميقة في الأحياء الهامشية,https://www.hespress.com/%d8%ae%d8%a8%d8%b1%d8%a7%d8%a1-%d8%a7%d9%84%d8%b4%d8%ba%d8%a8-%d8%a7%d9%84%d8%b1%d9%8a%d8%a7%d8%b6%d9%8a-%d9%88%d8%a7%d8%ac%d9%87%d8%a9-%d9%84%d8%a3%d8%b2%d9%85%d8%a9-%d8%a7%d8%ac%d8%aa%d9%85%d8%a7-1745108.html,
يجب إيجاد حل لهؤلاء المشجعين العنيفين، بما في ذلك حل فريقي الرجاء والوداد نظراً لعنف جمهوريهما، أو نقل مبارياتهما إلى الجنوب في مدينة العيون بعيداً عن أعمال الشغب والتخريب,خبراء: الشغب الرياضي واجهة لأزمة اجتماعية عميقة في الأحياء الهامشية,https://www.hespress.com/%d8%ae%d8%a8%d8%b1%d8%a7%d8%a1-%d8%a7%d9%84%d8%b4%d8%ba%d8%a8-%d8%a7%d9%84%d8%b1%d9%8a%d8%a7%d8%b6%d9%8a-%d9%88%d8%a7%d8%ac%d9%87%d8%a9-%d9%84%d8%a3%d8%b2%d9%85%d8%a9-%d8%a7%d8%ac%d8%aa%d9%85%d8%a7-1745108.html,
"Le problem est la faibless des juges marocainsCes criminels irons au prison pour une tres  periode courte , probablement moins de 5 ans",خبراء: الشغب الرياضي واجهة لأزمة اجتماعية عميقة في الأحياء الهامشية,https://www.hespress.com/%d8%ae%d8%a8%d8%b1%d8%a7%d8%a1-%d8%a7%d9%84%d8%b4%d8%ba%d8%a8-%d8%a7%d9%84%d8%b1%d9%8a%d8%a7%d8%b6%d9%8a-%d9%88%d8%a7%d8%ac%d9%87%d8%a9-%d9%84%d8%a3%d8%b2%d9%85%d8%a9-%d8%a7%d8%ac%d8%aa%d9%85%d8%a7-1745108.html,
من يُبرِّرُون هذه السلوكيات الهمجية هم الآخرون مجرمون، الفقر والهدر المدرسي والسكن في الأحياء الشعبية لم يكن يوما مبررا  للقتل والجريمة والعنف ضد المواطنين، فمن أحياء الفقراء تخرج الوزراء والأساتذة والأطباء والقضاة والمحامون وعمداء الأمن والجيش ورجالات الدولة الذين تركوا تاريخا مشرفا، التربية مسألة نفسية أسرية بدرجة أولى، على الدولة سن برنامج لسحب الأطفال من العائلات المجرمة التي يتعاطى فيها الأب والأم للدعارة والتجارة في المخدرات، وتقوم بتربيتهم في دور رعاية الأيتام، غير ذلك ستظل الأرانب عديمة العقل تفرخ وتنتج العاهات الاجتماعية … يجب حصر مسألة تربية الأبناء في الأسر السليمة عقلا وسلوكا، ثم إقرار نظام سجني صارم على شاكلة النظام الصيني حيث يعمل السجناء الأعمال  الشاقة لنفع المجتمع الذين تسببوا في الإضرار به، ثم يفهمون خلال فترة العمل الشاق أهمية الحرية والراحة.,خبراء: الشغب الرياضي واجهة لأزمة اجتماعية عميقة في الأحياء الهامشية,https://www.hespress.com/%d8%ae%d8%a8%d8%b1%d8%a7%d8%a1-%d8%a7%d9%84%d8%b4%d8%ba%d8%a8-%d8%a7%d9%84%d8%b1%d9%8a%d8%a7%d8%b6%d9%8a-%d9%88%d8%a7%d8%ac%d9%87%d8%a9-%d9%84%d8%a3%d8%b2%d9%85%d8%a9-%d8%a7%d8%ac%d8%aa%d9%85%d8%a7-1745108.html,
التربية في الأحياء الشعبية ناقصة الي أقصى حد حتى عندما يذخلو السجون لا يورون في السجن ن اي حي للتربية والموعظة فهم يخرجون من السجون وكأنهم حصلوا أكبر شهادة في الاجرام السجن ان لم يربي ويصلح فليس بسجن فهو مجرد تربية على تحمل المشاف فبخروجه يطبق كل شي على على العموم في الشارع من سرقة بالعنف والاجار بالمخدرات واعتراض المارة  لان المتابعة من السلطة منعدمة يجب أن يخرج من السجن ويجدون له عمل ويوطرونه ليجعلوه مطيع وحسن الخلق,خبراء: الشغب الرياضي واجهة لأزمة اجتماعية عميقة في الأحياء الهامشية,https://www.hespress.com/%d8%ae%d8%a8%d8%b1%d8%a7%d8%a1-%d8%a7%d9%84%d8%b4%d8%ba%d8%a8-%d8%a7%d9%84%d8%b1%d9%8a%d8%a7%d8%b6%d9%8a-%d9%88%d8%a7%d8%ac%d9%87%d8%a9-%d9%84%d8%a3%d8%b2%d9%85%d8%a9-%d8%a7%d8%ac%d8%aa%d9%85%d8%a7-1745108.html,
انا غنشرح ليكم كيفاش غتحاربوه بالرقمنة خاص الدولة دير شراكة مع الجمعيات ديال المشجعين باش اتقاسمو المسؤولية اولا اعتماد الفان ايدي كيدار فالبراسلي وتابت ومرتابط برقم البطاقة الوطنية القاصرين واحد مسؤول عليهم و اتقسمو المدرجات لمناطق والدخول بالسكان ديال البراسلي لي اي مشجع خاص احتافض به وكيتخلص مرة وحد تطبيق معلوماتي كيوزع المقاعد على حساب التنقيط لي عند كل مشجع واستنزاف النقط يساوي الحرمان سوا مؤقت سوا نهائي والكامرات كتراقب المناطق هاكا كتعرف كل مشجع وفين كان ومعزولين على بعضياتهم باش اسهال السيطرة على بدايات الشغب والالترا مسؤولين على المرشحين للحصول على الفان ايدي ليكيتعطا بعدد محدد قابل للزيادة والنقصان على حساب التنقيط وفحالة كان شغب برا الملاعب الناس لي حظرو معروفين والاترا ملزمين بالسينيال ديالهم للسلطات ولا كيخسرو المقاعد وكتفرض عقوبات …,خبراء: الشغب الرياضي واجهة لأزمة اجتماعية عميقة في الأحياء الهامشية,https://www.hespress.com/%d8%ae%d8%a8%d8%b1%d8%a7%d8%a1-%d8%a7%d9%84%d8%b4%d8%ba%d8%a8-%d8%a7%d9%84%d8%b1%d9%8a%d8%a7%d8%b6%d9%8a-%d9%88%d8%a7%d8%ac%d9%87%d8%a9-%d9%84%d8%a3%d8%b2%d9%85%d8%a9-%d8%a7%d8%ac%d8%aa%d9%85%d8%a7-1745108.html,
سبب اخر له علاقة بالموضوع هو مدونة الأسرة التي ساهمت في تفكيك الأسرة المغربية، حيث أصبح الطلاق تجارة عند بعض النساء و ليس كل النساء و بذالك يصبح الأطفال الضحية الأولى، ربما قد نجد نسبة مهمة من هؤلاء المشاغبين أبناء المطلقات لأن التربية الحسنة لها علاقة بتماسك الأسرة و أعمدتها هي الأم و الأب.,خبراء: الشغب الرياضي واجهة لأزمة اجتماعية عميقة في الأحياء الهامشية,https://www.hespress.com/%d8%ae%d8%a8%d8%b1%d8%a7%d8%a1-%d8%a7%d9%84%d8%b4%d8%ba%d8%a8-%d8%a7%d9%84%d8%b1%d9%8a%d8%a7%d8%b6%d9%8a-%d9%88%d8%a7%d8%ac%d9%87%d8%a9-%d9%84%d8%a3%d8%b2%d9%85%d8%a9-%d8%a7%d8%ac%d8%aa%d9%85%d8%a7-1745108.html,
هل هم افقر و يعيشو ن الرعب  امثر  الفلسطينيين واش غا اللي مجرم سيكوباتي  نبرر له اجرمه و شره بالفقر و وووووووو  من هو  بذرة سيئة فهو  سيئة لا شيء يبرر قصوحية القلب و تقطيع الاطراف و ضرب المسنين و التخريب  عطويهم العصا و الحبس مع اعمال شاقة وشوف واش غيتقادو ولا لا واخا تعيشهم فحفرة غيولو ظريفين هاديك الدسارة و قلة القوانين الجذرية هكذا يتعاملون مع ولاظ الغرب في سويرسرا يدخلوهم للمصالح و يوعيوهم و يعكيوهم فرصة تيخؤج داسر كثر  ز يظيرو ماكف س لا يصلح معهم  التعامل الرحيم و التوعية هم  وحوش انا فقير اذن دعوني أخرب و اجرم و انشر الرعب  فلدي مبرر اودييي الله يعز   الحرب العالمية البراهش شبعو خبز قدهم كانو يلوحوهم   لحرب كchaire a canon   و صغر منهم خدمو فمناجم الفحم,خبراء: الشغب الرياضي واجهة لأزمة اجتماعية عميقة في الأحياء الهامشية,https://www.hespress.com/%d8%ae%d8%a8%d8%b1%d8%a7%d8%a1-%d8%a7%d9%84%d8%b4%d8%ba%d8%a8-%d8%a7%d9%84%d8%b1%d9%8a%d8%a7%d8%b6%d9%8a-%d9%88%d8%a7%d8%ac%d9%87%d8%a9-%d9%84%d8%a3%d8%b2%d9%85%d8%a9-%d8%a7%d8%ac%d8%aa%d9%85%d8%a7-1745108.html,
هناك ملاحظة هي ان التوعية في الإذاعة و التلفزة غير موجودة بتاتا. في حين نلاحظ تواجد العديد من المسابقات والسهرات التافهة. وغياب شبه تام لبرامج التوعية في مجالات مختلفة.,خبراء: الشغب الرياضي واجهة لأزمة اجتماعية عميقة في الأحياء الهامشية,https://www.hespress.com/%d8%ae%d8%a8%d8%b1%d8%a7%d8%a1-%d8%a7%d9%84%d8%b4%d8%ba%d8%a8-%d8%a7%d9%84%d8%b1%d9%8a%d8%a7%d8%b6%d9%8a-%d9%88%d8%a7%d8%ac%d9%87%d8%a9-%d9%84%d8%a3%d8%b2%d9%85%d8%a9-%d8%a7%d8%ac%d8%aa%d9%85%d8%a7-1745108.html,
سيطل علينا المجرمون مثلهم الفاشلون اللي عندو شي عقدة من  شيء يحل فمو شي ملصقهامدونةةالاسرة واش هترتي هاظشي كلو بسباب المدونة  اما من يلو م الفقر و الاحياءء الشعبية تخرح منها اطباء  ووزراء و اساتذة لا شيء يبرر التخريب و العنف  بلدان العالك كلها فيها فقر و احياء ء شعبية  هاديك تسمى الدسارة  هؤلاء المعلقون امثالهم من يلومون غيرهم في فشل تربية ابنائهم  هم من ينتجون لنا هؤلاء السيكوباتيين اما من قال ان الساعة هي السبب اطلبب منك ان تعالج نفسك هؤلاء عندم ليل بحلل نعار يظلو ناعسين و بليل يوقفو فراس الدرب حس غا بالساعة  تاعتك سر الله يهديك اذا كانت الساعة ستجعلم وحشا فتلك مشكلة يحب ان يقف فيها الجيش ضدكم !!!  مالنا في فيلم رعب vous allez mutez ?,خبراء: الشغب الرياضي واجهة لأزمة اجتماعية عميقة في الأحياء الهامشية,https://www.hespress.com/%d8%ae%d8%a8%d8%b1%d8%a7%d8%a1-%d8%a7%d9%84%d8%b4%d8%ba%d8%a8-%d8%a7%d9%84%d8%b1%d9%8a%d8%a7%d8%b6%d9%8a-%d9%88%d8%a7%d8%ac%d9%87%d8%a9-%d9%84%d8%a3%d8%b2%d9%85%d8%a9-%d8%a7%d8%ac%d8%aa%d9%85%d8%a7-1745108.html,
لي شاف بحال هد شي غيكره جي للمغرب .بث الرعب ة الخوف هل ما يحدت يدل على اننا نعيش مع المجرمين والضباع هل الدول عجزة عن الحد من من تكاثر المجرمين هل نساهم عن قصد في نشر الجريمة والمجرمين. من المسؤول من يريد العبث بالسكينة والامن من لا يريد تربية هدا القطيع .العملية سهلة ارموا بهم في غياهب الجبال و الصحاري لحفر الانفاق وتجويعهم تأكدوا انكم يتربونهم ام ان تعلفونهم في الاحباس وحرية المجرم التي يدتفتان منها جمعيات الريع او ما يسمى حقوق الانسان. اللهم ان هدا منكرا,خبراء: الشغب الرياضي واجهة لأزمة اجتماعية عميقة في الأحياء الهامشية,https://www.hespress.com/%d8%ae%d8%a8%d8%b1%d8%a7%d8%a1-%d8%a7%d9%84%d8%b4%d8%ba%d8%a8-%d8%a7%d9%84%d8%b1%d9%8a%d8%a7%d8%b6%d9%8a-%d9%88%d8%a7%d8%ac%d9%87%d8%a9-%d9%84%d8%a3%d8%b2%d9%85%d8%a9-%d8%a7%d8%ac%d8%aa%d9%85%d8%a7-1745108.html,
يجب إعادة النظر في وزارة الداخلية و المديرية العامة للأمن الوطني وكذلك الأحكام في المحاكم…الله يرحم سي ادريس البصري والإدارة العامة للأمن الوطني سابقا,خبراء: الشغب الرياضي واجهة لأزمة اجتماعية عميقة في الأحياء الهامشية,https://www.hespress.com/%d8%ae%d8%a8%d8%b1%d8%a7%d8%a1-%d8%a7%d9%84%d8%b4%d8%ba%d8%a8-%d8%a7%d9%84%d8%b1%d9%8a%d8%a7%d8%b6%d9%8a-%d9%88%d8%a7%d8%ac%d9%87%d8%a9-%d9%84%d8%a3%d8%b2%d9%85%d8%a9-%d8%a7%d8%ac%d8%aa%d9%85%d8%a7-1745108.html,
في الزمن الجميل ،كان الملعب مثل المسرح،ناس أنيقين في المدرجات.يصفقون لمن يلعب أحسن.الدواء هو : كل من يتحوز أسلحة، يحال على محكمة عسكرية.أقسم جازما  لو أن المشرع تبنى مثل هذا القانون لحد من الشغب و حمل السلاح.,خبراء: الشغب الرياضي واجهة لأزمة اجتماعية عميقة في الأحياء الهامشية,https://www.hespress.com/%d8%ae%d8%a8%d8%b1%d8%a7%d8%a1-%d8%a7%d9%84%d8%b4%d8%ba%d8%a8-%d8%a7%d9%84%d8%b1%d9%8a%d8%a7%d8%b6%d9%8a-%d9%88%d8%a7%d8%ac%d9%87%d8%a9-%d9%84%d8%a3%d8%b2%d9%85%d8%a9-%d8%a7%d8%ac%d8%aa%d9%85%d8%a7-1745108.html,
هدا ما كسبناه من وزراءنا وحقوق الانسان نحن مسلمين وسنرجع الا حكم الاسلام ان اردنا ان نعيش بسلام اولادهم يدرسون لكي يضمنو مستقبلهم واولاد المزاليط صايبو ليهم الترنات باش يتخدرو ويتلهاو علئ جلدة منفوخة لا انا رجاوي لا انا برصاوي المزاليط اضرب حبة دالقرقوبي المسخ ولن نسامخ من يتكلم بحقوق الدول المتقدمة ويريد تطبيقها كلناليكم البلاد بدات مالفوق حنا خصنا نرجعو لشحتدال هادي وتحيد تا الانترنيت وتحيد الحرية وهاد القوانين دالسي وهبي لي غاتبقا سنين والمسؤلين باينة السياسة ديالهم خليو المجرم برا باش نوليو نهدرو غير علئ الاجرام حشومة فبلد اسلامي تلكا بنادم محافضش تا الفاتحة ومكتقراش التربية الاسلامية والمرا دفعوها تخدم احقدو الشعب بالغلا ولينا خاقدين علئ بعضياتنا والمسؤا كيجي البرلمان كيضحك جاي فابور مغدي فابور عارف ولدو راه تا يقرا ولا بنتو فرنسا وجي يضبر عليه فالسياسة لي هي وراتية,خبراء: الشغب الرياضي واجهة لأزمة اجتماعية عميقة في الأحياء الهامشية,https://www.hespress.com/%d8%ae%d8%a8%d8%b1%d8%a7%d8%a1-%d8%a7%d9%84%d8%b4%d8%ba%d8%a8-%d8%a7%d9%84%d8%b1%d9%8a%d8%a7%d8%b6%d9%8a-%d9%88%d8%a7%d8%ac%d9%87%d8%a9-%d9%84%d8%a3%d8%b2%d9%85%d8%a9-%d8%a7%d8%ac%d8%aa%d9%85%d8%a7-1745108.html,
الحل الوحيد لمواجهة الشغب هو منع تنقلات جمهور الضيف خصوصا التي تتسم بطابع الكراهية كازا مع الرباط و فاس ومكناس,خبراء: الشغب الرياضي واجهة لأزمة اجتماعية عميقة في الأحياء الهامشية,https://www.hespress.com/%d8%ae%d8%a8%d8%b1%d8%a7%d8%a1-%d8%a7%d9%84%d8%b4%d8%ba%d8%a8-%d8%a7%d9%84%d8%b1%d9%8a%d8%a7%d8%b6%d9%8a-%d9%88%d8%a7%d8%ac%d9%87%d8%a9-%d9%84%d8%a3%d8%b2%d9%85%d8%a9-%d8%a7%d8%ac%d8%aa%d9%85%d8%a7-1745108.html,
حتى الصحف الإسبانية نبهت الى موضوع القصر في المغرب  وتعتبر نفسها معنية بالامر هم مراهقين  يرفصون التعليم ويرفضون اي نوع من  التكوين هم شباب يعتبر نفسه ضحية الدولة ويحلمون بالمساعدات المالية   وتفكيره مركز  فقط على  اللهجرة الى اسبانيا    والله غريب امر هذا القوم وطريقة تفكيرهم وتفكير اباءهم المتخلفة,خبراء: الشغب الرياضي واجهة لأزمة اجتماعية عميقة في الأحياء الهامشية,https://www.hespress.com/%d8%ae%d8%a8%d8%b1%d8%a7%d8%a1-%d8%a7%d9%84%d8%b4%d8%ba%d8%a8-%d8%a7%d9%84%d8%b1%d9%8a%d8%a7%d8%b6%d9%8a-%d9%88%d8%a7%d8%ac%d9%87%d8%a9-%d9%84%d8%a3%d8%b2%d9%85%d8%a9-%d8%a7%d8%ac%d8%aa%d9%85%d8%a7-1745108.html,
بحال هؤلاء خاصهم يمثلوا بهم الأفلام المسايفة ايام الفتوحات الإسلامية هم شجعان في القتالمادام ماكاين لا اعدام ولا حبس رادع,خبراء: الشغب الرياضي واجهة لأزمة اجتماعية عميقة في الأحياء الهامشية,https://www.hespress.com/%d8%ae%d8%a8%d8%b1%d8%a7%d8%a1-%d8%a7%d9%84%d8%b4%d8%ba%d8%a8-%d8%a7%d9%84%d8%b1%d9%8a%d8%a7%d8%b6%d9%8a-%d9%88%d8%a7%d8%ac%d9%87%d8%a9-%d9%84%d8%a3%d8%b2%d9%85%d8%a9-%d8%a7%d8%ac%d8%aa%d9%85%d8%a7-1745108.html,
مستقبل المدن في المناطق المتغاوتة المداخيل والمتفاوتة في العقليات وفي مستوى العيش مستقبلها هو الانقسام المهول بين ضواحي بورجوازية محمية باسوار حديدية تكلف سكانها ملايين تكاليف التأمين والامن الحمائي واستغلال شركات الأمن الخاص الباهضة الثمن وضواحي مهمشة عن قصد تم تهميشها عن قصد وتمت معاملتها كالزبالة وعن قصد وفي هذه النواحي سوف بنبعث الانسان الاجرامي المسلح بجميع الأسلحة المدمرة والقاتلة ولن يقدر عليه احد وسوف تكون هذه الضواحي اكثر خطورة وهولا من الضواحي الأمريكية المذكورة في مدرسة شيكاكو école de Chicago,خبراء: الشغب الرياضي واجهة لأزمة اجتماعية عميقة في الأحياء الهامشية,https://www.hespress.com/%d8%ae%d8%a8%d8%b1%d8%a7%d8%a1-%d8%a7%d9%84%d8%b4%d8%ba%d8%a8-%d8%a7%d9%84%d8%b1%d9%8a%d8%a7%d8%b6%d9%8a-%d9%88%d8%a7%d8%ac%d9%87%d8%a9-%d9%84%d8%a3%d8%b2%d9%85%d8%a9-%d8%a7%d8%ac%d8%aa%d9%85%d8%a7-1745108.html,
المخدرات هي اهم الأسباب التي تجعل الشباب يرتكب أبشع الجراءم بدم بارد إضافة الى ما قاله الإخوة المعلقون وخاصة الأستاذة المتقاعدة,خبراء: الشغب الرياضي واجهة لأزمة اجتماعية عميقة في الأحياء الهامشية,https://www.hespress.com/%d8%ae%d8%a8%d8%b1%d8%a7%d8%a1-%d8%a7%d9%84%d8%b4%d8%ba%d8%a8-%d8%a7%d9%84%d8%b1%d9%8a%d8%a7%d8%b6%d9%8a-%d9%88%d8%a7%d8%ac%d9%87%d8%a9-%d9%84%d8%a3%d8%b2%d9%85%d8%a9-%d8%a7%d8%ac%d8%aa%d9%85%d8%a7-1745108.html,
النمو الديموغرافي والافكار الرجعية عاملان حاسمان في انتشار  الجرائم  والتصرفات  العدوانية ونشر الكراهية.,خبراء: الشغب الرياضي واجهة لأزمة اجتماعية عميقة في الأحياء الهامشية,https://www.hespress.com/%d8%ae%d8%a8%d8%b1%d8%a7%d8%a1-%d8%a7%d9%84%d8%b4%d8%ba%d8%a8-%d8%a7%d9%84%d8%b1%d9%8a%d8%a7%d8%b6%d9%8a-%d9%88%d8%a7%d8%ac%d9%87%d8%a9-%d9%84%d8%a3%d8%b2%d9%85%d8%a9-%d8%a7%d8%ac%d8%aa%d9%85%d8%a7-1745108.html,
علاش هاد المسؤول في الجامعة بقى هو حتى نهار الاخير و كيقولك صادف يوم الأحد أليس هذا باستهتار؟,"ملف المغرب لدى ""TAS"" داخل الآجال",https://www.hespress.com/%d9%85%d9%84%d9%81-%d8%a7%d9%84%d9%85%d8%ba%d8%b1%d8%a8-%d9%84%d8%af%d9%89-tas-%d8%af%d8%a7%d8%ae%d9%84-%d8%a7%d9%84%d8%a2%d8%ac%d8%a7%d9%84-1745227.html,
ولماذا يتم إيداعه قبل الاجال القانونية بأيام,"ملف المغرب لدى ""TAS"" داخل الآجال",https://www.hespress.com/%d9%85%d9%84%d9%81-%d8%a7%d9%84%d9%85%d8%ba%d8%b1%d8%a8-%d9%84%d8%af%d9%89-tas-%d8%af%d8%a7%d8%ae%d9%84-%d8%a7%d9%84%d8%a2%d8%ac%d8%a7%d9%84-1745227.html,
هل التأخير كان متعمدا و يهدف لامر ما في مصلحة الملف المغربي؟ و ان كان ذلك فهو امر محمود، لكن ان كان تاخيرا غير مبرر فالامر ليس جديا يالمرة,"ملف المغرب لدى ""TAS"" داخل الآجال",https://www.hespress.com/%d9%85%d9%84%d9%81-%d8%a7%d9%84%d9%85%d8%ba%d8%b1%d8%a8-%d9%84%d8%af%d9%89-tas-%d8%af%d8%a7%d8%ae%d9%84-%d8%a7%d9%84%d8%a2%d8%ac%d8%a7%d9%84-1745227.html,
السنغال سوف تسحب الاستئناف وبذلك المغرب بطلع افريقيا لسنة 2025,"ملف المغرب لدى ""TAS"" داخل الآجال",https://www.hespress.com/%d9%85%d9%84%d9%81-%d8%a7%d9%84%d9%85%d8%ba%d8%b1%d8%a8-%d9%84%d8%af%d9%89-tas-%d8%af%d8%a7%d8%ae%d9%84-%d8%a7%d9%84%d8%a2%d8%ac%d8%a7%d9%84-1745227.html,
"mais hespress tous le yeux sont vers les deux .finals champions league, et vous parler encore de la coupe d’afrique.","ملف المغرب لدى ""TAS"" داخل الآجال",https://www.hespress.com/%d9%85%d9%84%d9%81-%d8%a7%d9%84%d9%85%d8%ba%d8%b1%d8%a8-%d9%84%d8%af%d9%89-tas-%d8%af%d8%a7%d8%ae%d9%84-%d8%a7%d9%84%d8%a2%d8%ac%d8%a7%d9%84-1745227.html,
دائما في النزاعات مع الجزائر او مصر او السنغال.. نعطيهم هدايا بالجملة و بالمجان، مثل حادثة المنشفة يوم النهائي،  على المغرب والمغاربة التعامل بالصرامة مع هذه القضايا لانهم يستغلون كل صغيرة و كبيرة ونحن نيام في العسل….,"ملف المغرب لدى ""TAS"" داخل الآجال",https://www.hespress.com/%d9%85%d9%84%d9%81-%d8%a7%d9%84%d9%85%d8%ba%d8%b1%d8%a8-%d9%84%d8%af%d9%89-tas-%d8%af%d8%a7%d8%ae%d9%84-%d8%a7%d9%84%d8%a2%d8%ac%d8%a7%d9%84-1745227.html,
أرى أن الجامعة الملكية لكرة القدم وضعت ملف الطاس بيد أياد متمرسة تبلنزاعات الرياضية الدولية و خبراء دوليين كذلك.  يستحيل أن يخسر الدعوى من خلال إجراء مسطري متعلق بالأجال .,"ملف المغرب لدى ""TAS"" داخل الآجال",https://www.hespress.com/%d9%85%d9%84%d9%81-%d8%a7%d9%84%d9%85%d8%ba%d8%b1%d8%a8-%d9%84%d8%af%d9%89-tas-%d8%af%d8%a7%d8%ae%d9%84-%d8%a7%d9%84%d8%a2%d8%ac%d8%a7%d9%84-1745227.html,
يوم الأحد ليس يوم راحة في الجزائر ،ولذلك لاتستغربوا إن ظهرت مرافعة من هذا النوع ،الكراغلة يعلقون شماعتهم على ابسط الاشياء ،( بحال الدراري الصغار).بحال مللي قالوا بأن تبون طلب من إيڤانتينو إرجع الكأس للسنيغال .(البضاعة موجهة الاستهلاك المحلي),"ملف المغرب لدى ""TAS"" داخل الآجال",https://www.hespress.com/%d9%85%d9%84%d9%81-%d8%a7%d9%84%d9%85%d8%ba%d8%b1%d8%a8-%d9%84%d8%af%d9%89-tas-%d8%af%d8%a7%d8%ae%d9%84-%d8%a7%d9%84%d8%a2%d8%ac%d8%a7%d9%84-1745227.html,
اجتهدنا أكثر من اللازم ولم نعرف شيئا عن هذا الملف الغامض .الذي يزداد غموضا وتعقيدا يوما بعد يوم .الفريق السنغالي سيذهب لكأس العالم بكامل عناصره بما فيهم المدرب تاركا كأس أمم إفريقيا في خزانة كؤوسه والميداليات الذهبية عند اللاعبين والمكافأة صرفت .ومن كثرة فرحتهم ربما سيأخذون الكأس معهم ليجبروا العالم على تقاسم فرحتهم تحت شعار : “كأس إفريقيا للأفارقة ولو بالقوة ” والفاهم يفهم ويفهمنا,"ملف المغرب لدى ""TAS"" داخل الآجال",https://www.hespress.com/%d9%85%d9%84%d9%81-%d8%a7%d9%84%d9%85%d8%ba%d8%b1%d8%a8-%d9%84%d8%af%d9%89-tas-%d8%af%d8%a7%d8%ae%d9%84-%d8%a7%d9%84%d8%a2%d8%ac%d8%a7%d9%84-1745227.html,
"هذا  هو التهور بعينه ، ولماذا انتظرتم حثى آخر يوم لإيداع الملف ؟ وماذا لو حدث امر طارى وغير متوقع حال دون ايداع الملف في موعده ,? كيف سيكون حالنا وموقعنا امام الأعداء ، لقد قمتم بمغامرة غير محسوبة العواقب. لقد ادخلتم الشك في نفوس المغاربة بهذا الملف .","ملف المغرب لدى ""TAS"" داخل الآجال",https://www.hespress.com/%d9%85%d9%84%d9%81-%d8%a7%d9%84%d9%85%d8%ba%d8%b1%d8%a8-%d9%84%d8%af%d9%89-tas-%d8%af%d8%a7%d8%ae%d9%84-%d8%a7%d9%84%d8%a2%d8%ac%d8%a7%d9%84-1745227.html,
لقد تم وضع الملف عنوة بوم الاثنين .. وذلك حتى لايتم التلاعب بالملف او على الاقل الاطلاع على محتوياته يوم الاحد الذي يكون عطلة . ..لاتنسوا هناك من بدفع رشاوي ..فقط كرها في المغرب,"ملف المغرب لدى ""TAS"" داخل الآجال",https://www.hespress.com/%d9%85%d9%84%d9%81-%d8%a7%d9%84%d9%85%d8%ba%d8%b1%d8%a8-%d9%84%d8%af%d9%89-tas-%d8%af%d8%a7%d8%ae%d9%84-%d8%a7%d9%84%d8%a2%d8%ac%d8%a7%d9%84-1745227.html,
الغباء المغربي داءما مستمر نعطي العدو جميع الاسلحة باش يتشفا فينا علاش مخليين اخر دقيقة تدفعو الملف بالمناسبة نفس المشكل يقوم به المغرب في قضية الصحراء المغربية داءما ستماطل و يتكاسل حتى يفوت الوقت متلا مجلس الامن عطى لمغرب الحق في الحكم الداتي و المغرب مازال يضيع الوقت في المفاوضات و جلب اعترافات الدول بينما يجب عليه حسم الملف نهاءيا في الامم المتحدة,"ملف المغرب لدى ""TAS"" داخل الآجال",https://www.hespress.com/%d9%85%d9%84%d9%81-%d8%a7%d9%84%d9%85%d8%ba%d8%b1%d8%a8-%d9%84%d8%af%d9%89-tas-%d8%af%d8%a7%d8%ae%d9%84-%d8%a7%d9%84%d8%a2%d8%ac%d8%a7%d9%84-1745227.html,
نستغرب بما أننا واثقون من فوزنا بكأس إفريقيا قانونيا واخلاقيا ومهنيا وانضباطيا فلماذا الانتظار لوضع دفوعات الملف المغربي إلى آخر يوم من الاجال المحدد من طرف الطاس ولماذا هذا التهور والاستهتار بهذا الملف يجب محاسبة ومعاقبة المسؤول على هذه الاختلالات ويجب على لقجع ان يكون حازما مع هذا المسؤول أو المسؤولين عن هذا الملف الشاءك والذي ينتظرونه المغاربة باشق الانفس وكفانا استهتارا وتهورا من اي ملف كيفما كان رياضيا او سياسيا أو اجتماعيا أو أو او.,"ملف المغرب لدى ""TAS"" داخل الآجال",https://www.hespress.com/%d9%85%d9%84%d9%81-%d8%a7%d9%84%d9%85%d8%ba%d8%b1%d8%a8-%d9%84%d8%af%d9%89-tas-%d8%af%d8%a7%d8%ae%d9%84-%d8%a7%d9%84%d8%a2%d8%ac%d8%a7%d9%84-1745227.html,
",,هذا ما يسمى بالتهور بما انني مريض بالسكري انا متأكد بأن نسبة السكر  طلعت في دمي  لماذا تلعبون باعصاب المغاربة ؟","ملف المغرب لدى ""TAS"" داخل الآجال",https://www.hespress.com/%d9%85%d9%84%d9%81-%d8%a7%d9%84%d9%85%d8%ba%d8%b1%d8%a8-%d9%84%d8%af%d9%89-tas-%d8%af%d8%a7%d8%ae%d9%84-%d8%a7%d9%84%d8%a2%d8%ac%d8%a7%d9%84-1745227.html,
المسؤول المغربي داهب للطاس و كأنه سيتعامل مع مواطن مغربي. يفرض عليه مايريد وان رفض يعنفه. كان لدى الجامعة الوقت الكافي لتقديم دفوعاتها. لماذا البحث عن الوقت الميت لاضعاف ملف المغرب او اسقاطه؟. حتى قبل الملف المغربي لماذا هذا التهور؟,"ملف المغرب لدى ""TAS"" داخل الآجال",https://www.hespress.com/%d9%85%d9%84%d9%81-%d8%a7%d9%84%d9%85%d8%ba%d8%b1%d8%a8-%d9%84%d8%af%d9%89-tas-%d8%af%d8%a7%d8%ae%d9%84-%d8%a7%d9%84%d8%a2%d8%ac%d8%a7%d9%84-1745227.html,
استهتار ولعب باعصاب المغاربةكيف حتى اخر يومفي انتظار تاكيد قرار الطاس ليؤكد احقية المغرب في الكاس,"ملف المغرب لدى ""TAS"" داخل الآجال",https://www.hespress.com/%d9%85%d9%84%d9%81-%d8%a7%d9%84%d9%85%d8%ba%d8%b1%d8%a8-%d9%84%d8%af%d9%89-tas-%d8%af%d8%a7%d8%ae%d9%84-%d8%a7%d9%84%d8%a2%d8%ac%d8%a7%d9%84-1745227.html,
استقالة جماعية و المحاسبة يلا وقع شي مشكييل ب سباب هاد الاجال,"ملف المغرب لدى ""TAS"" داخل الآجال",https://www.hespress.com/%d9%85%d9%84%d9%81-%d8%a7%d9%84%d9%85%d8%ba%d8%b1%d8%a8-%d9%84%d8%af%d9%89-tas-%d8%af%d8%a7%d8%ae%d9%84-%d8%a7%d9%84%d8%a2%d8%ac%d8%a7%d9%84-1745227.html,
شخصيا لم اصدق هذه الأكذوبة من الأساس لأنه لا يعقل أن يقوم مختص له إسم كبير وباع في المجال ان يرتكب مثل هذه الأخطاء البدائية، أضف الى ذلك أنه حتى ولو بين قوسين تأخرت الجامعة الملكية المغربية في تقديم ملفها فلا ننسى أن الكاف بدورها معنية بالموضوع ويتوجب عليها كذلك أن تضع ملفها في الآجال القانونية. فهل من المنطق والمعقول أن تقوم الكاف كذلك بنفس الخطا في نفس الموضوع وفي نفس الوقت؟!؟!!,"ملف المغرب لدى ""TAS"" داخل الآجال",https://www.hespress.com/%d9%85%d9%84%d9%81-%d8%a7%d9%84%d9%85%d8%ba%d8%b1%d8%a8-%d9%84%d8%af%d9%89-tas-%d8%af%d8%a7%d8%ae%d9%84-%d8%a7%d9%84%d8%a2%d8%ac%d8%a7%d9%84-1745227.html,
في عالم المقاضاة تكون أحيانا هناك تفاصيل استراتيجية وراء التأخر في إيداع الملف إلى أقصى تاريخ ممكن حتى آخر يوم من الأجل القانوني المحدد. هذه الأمور يعرفها المحامون وغيرهم من القانونيين.قد أتصور في هذه الحالة أن المراد وراء هذا التأخير هو ألا تحسم الطاس في هذه القضية قبل بداية المونديال وذلك سيكون إيجابيا بالنسبة للمنتخب المغربي الذي سيذهب للمنافسة العالمية مرفوع المعنويات كبطل إفريقيا على الأقل طبقا لآخر قرار محكمة الكاف. بينما المنتخب السنيغالي فسيذهب للمونديال بمعنويات محطمة بصفته معاقب ونزعت منه بطولة إفريقيا وزد على ذلك أنه لا يعرف ماينتظره من محكمة الطاس.إذن يبدو أن الجامعة لها فريق قانوني محنك ويعرف جيدا ماذا يفعل. برافو,"ملف المغرب لدى ""TAS"" داخل الآجال",https://www.hespress.com/%d9%85%d9%84%d9%81-%d8%a7%d9%84%d9%85%d8%ba%d8%b1%d8%a8-%d9%84%d8%af%d9%89-tas-%d8%af%d8%a7%d8%ae%d9%84-%d8%a7%d9%84%d8%a2%d8%ac%d8%a7%d9%84-1745227.html,
أرى ان من بيننا من يخالف مصالحنا عمدا ، يأكلون الغلة ويسبون الملة،  المغرب يبني وهم يهدمون وغرضهم ارداء من يعادي مصالح المغربولا يستبعد أن ذلك بالمقابل.  زجب فتح تحقيق لماذا تعمد المسؤولين هذا التأخير,"ملف المغرب لدى ""TAS"" داخل الآجال",https://www.hespress.com/%d9%85%d9%84%d9%81-%d8%a7%d9%84%d9%85%d8%ba%d8%b1%d8%a8-%d9%84%d8%af%d9%89-tas-%d8%af%d8%a7%d8%ae%d9%84-%d8%a7%d9%84%d8%a2%d8%ac%d8%a7%d9%84-1745227.html,
كان عليك يا دياز أن تجنبنا هذا ” السير وااااجي ” لولا ” تبوحيط والفشوش” … ولكان الكأس الآن داخل خزانة الجامعة، بدل استنزاف مااااالية ضخمة فقط تكلفة المحامي للترافع، في انتظار……,"ملف المغرب لدى ""TAS"" داخل الآجال",https://www.hespress.com/%d9%85%d9%84%d9%81-%d8%a7%d9%84%d9%85%d8%ba%d8%b1%d8%a8-%d9%84%d8%af%d9%89-tas-%d8%af%d8%a7%d8%ae%d9%84-%d8%a7%d9%84%d8%a2%d8%ac%d8%a7%d9%84-1745227.html,
"La TAS. a signalé que le dernier délai pour le dépôt du dossier est le Lundi 11 Mai a 00h0 horaire GTM ,passant cette date le dossier est rejetéLe Maroc a déposer son dossier le jeudi 07 Mai 2026 après midi horaire GMTFermons la parenthèse","ملف المغرب لدى ""TAS"" داخل الآجال",https://www.hespress.com/%d9%85%d9%84%d9%81-%d8%a7%d9%84%d9%85%d8%ba%d8%b1%d8%a8-%d9%84%d8%af%d9%89-tas-%d8%af%d8%a7%d8%ae%d9%84-%d8%a7%d9%84%d8%a2%d8%ac%d8%a7%d9%84-1745227.html,
إضافة للتعليق الأول:,"ملف المغرب لدى ""TAS"" داخل الآجال",https://www.hespress.com/%d9%85%d9%84%d9%81-%d8%a7%d9%84%d9%85%d8%ba%d8%b1%d8%a8-%d9%84%d8%af%d9%89-tas-%d8%af%d8%a7%d8%ae%d9%84-%d8%a7%d9%84%d8%a2%d8%ac%d8%a7%d9%84-1745227.html,
المهم بعدا كأس المغربية 100٪ تحيا المغرب و برافو أسود اطلس و الاعداء الوطن نقولكم نحن القافلة نسير,"ملف المغرب لدى ""TAS"" داخل الآجال",https://www.hespress.com/%d9%85%d9%84%d9%81-%d8%a7%d9%84%d9%85%d8%ba%d8%b1%d8%a8-%d9%84%d8%af%d9%89-tas-%d8%af%d8%a7%d8%ae%d9%84-%d8%a7%d9%84%d8%a2%d8%ac%d8%a7%d9%84-1745227.html,
تعودنا على التأخير و المماطلة في كل شيء حتى أضحت المماطلة قانونا يجب التعايش معه …..لكن  هذه المرة  يبدو الدرس قاسي جدا و نتائجه مخيبة  للأمال …,"ملف المغرب لدى ""TAS"" داخل الآجال",https://www.hespress.com/%d9%85%d9%84%d9%81-%d8%a7%d9%84%d9%85%d8%ba%d8%b1%d8%a8-%d9%84%d8%af%d9%89-tas-%d8%af%d8%a7%d8%ae%d9%84-%d8%a7%d9%84%d8%a2%d8%ac%d8%a7%d9%84-1745227.html,
marines et ne sait pas nager?,انتشال جثمان جندي أمريكي بالمغرب,https://www.hespress.com/%d8%a7%d9%84%d9%85%d8%ba%d8%b1%d8%a8-%d9%88%d8%a3%d9%85%d8%b1%d9%8a%d9%83%d8%a7-%d9%8a%d9%88%d8%a7%d8%b5%d9%84%d8%a7%d9%86-%d8%b9%d9%85%d9%84%d9%8a%d8%a7%d8%aa-%d8%a7%d9%84%d8%a8%d8%ad%d8%ab-%d8%a8-1744834.html,
وما تدري نفس ماذا تكسب غدا ، وما تدري نفس باي ارض تموت. صدق الله العظيم,انتشال جثمان جندي أمريكي بالمغرب,https://www.hespress.com/%d8%a7%d9%84%d9%85%d8%ba%d8%b1%d8%a8-%d9%88%d8%a3%d9%85%d8%b1%d9%8a%d9%83%d8%a7-%d9%8a%d9%88%d8%a7%d8%b5%d9%84%d8%a7%d9%86-%d8%b9%d9%85%d9%84%d9%8a%d8%a7%d8%aa-%d8%a7%d9%84%d8%a8%d8%ad%d8%ab-%d8%a8-1744834.html,
"تلفزات آمريكا قالو بلي لعسكر مريكان كانو تيتمشاو فوق  فاليز ,واحد طاح فلبحر ماتيعرفش يعوم فتشادو بليدين باش يجروه لكن واحد طاح تاهو فلبحر وغرق معاه",انتشال جثمان جندي أمريكي بالمغرب,https://www.hespress.com/%d8%a7%d9%84%d9%85%d8%ba%d8%b1%d8%a8-%d9%88%d8%a3%d9%85%d8%b1%d9%8a%d9%83%d8%a7-%d9%8a%d9%88%d8%a7%d8%b5%d9%84%d8%a7%d9%86-%d8%b9%d9%85%d9%84%d9%8a%d8%a7%d8%aa-%d8%a7%d9%84%d8%a8%d8%ad%d8%ab-%d8%a8-1744834.html,
sans connaître les détails vous avancez des jugements .Malheureusement au Maroc  c’est dans  l’ ADN certains énergumènes .,انتشال جثمان جندي أمريكي بالمغرب,https://www.hespress.com/%d8%a7%d9%84%d9%85%d8%ba%d8%b1%d8%a8-%d9%88%d8%a3%d9%85%d8%b1%d9%8a%d9%83%d8%a7-%d9%8a%d9%88%d8%a7%d8%b5%d9%84%d8%a7%d9%86-%d8%b9%d9%85%d9%84%d9%8a%d8%a7%d8%aa-%d8%a7%d9%84%d8%a8%d8%ad%d8%ab-%d8%a8-1744834.html,
حم الله الجندي الأمريكي المجاهد، وأسكنه فسيح جنانه. على الأقل هو قام بشيء مهم في حياته التي وهبها للتدريبات للدفاع عن وطنه وعن حلفاء بلاده. أما أنت فبماذا تفيد أيها العدمي؟ لا شيء سوى ملء العالم الافتراضي بالبكاء والشكوى والنحيب على غلاء كبش العيد الذي أعجزك وأبان عن حقيقة فشلك في الحياة، وزادها بالهضرة الخاوية. هل تظن أن رأي فاشل وعاجز عن شراء خروف العيد له قيمة ويعتد به؟لا يا صديقي، عليك أن تظهر لنا رجولتك والفهامات الخاوية ديالك بشراء كبش صردي مليح وتفرح به إمرأتك وأبنائك . أما الكلام التافه فلا قيمة له.,انتشال جثمان جندي أمريكي بالمغرب,https://www.hespress.com/%d8%a7%d9%84%d9%85%d8%ba%d8%b1%d8%a8-%d9%88%d8%a3%d9%85%d8%b1%d9%8a%d9%83%d8%a7-%d9%8a%d9%88%d8%a7%d8%b5%d9%84%d8%a7%d9%86-%d8%b9%d9%85%d9%84%d9%8a%d8%a7%d8%aa-%d8%a7%d9%84%d8%a8%d8%ad%d8%ab-%d8%a8-1744834.html,
استغرب لكل التعاليق السلبية أعلاه.. كل ما جاء فيها  يعبر عن العدمية و السوداوية والحقد اتجاه مؤسسات البلد. فلو كان أصحاب التعليقات أعلاه موضوعيون لانتبهوا إلى أن العنصر البشري هو أهم رأس مال. فالعنصر البشري هو الذي قاوم الاستعمار بوسائل بسيطة وهو الذين قارع الكبار (حسب تصورهم) في العلوم والطب وغيرها ولست بحاجة هنا أن اذكر بالاطر المغربية عبر التاريخ. الأمن المغربي ومؤسساته لا تحتاج لمحاباة أحد. فكما فرض المغرب نفسه في عدة مجالات بامكانياته المعروفة والمحدودة فقد أمكن له حتى على المستوى الأمني ان يكون ضمن الكبار بسياسته ونهجه المتميز دون استبداد او طغيان. استحضر مثال بسيط وهو الجندي الأمريكي الذي لا يعرف السباحة فقدوه وعثروا على جثته بكاب درعة.. ربما نستحضر دائما صورة الرجل الامريكي او الغربي القوي الذي يتقن كل شيء اقلها السباحة.. هنا تظهر قوة الإنسان المغربي وقد كشفت الحفريات على كثير من هذه الأمور.. والكلام كثير…,انتشال جثمان جندي أمريكي بالمغرب,https://www.hespress.com/%d8%a7%d9%84%d9%85%d8%ba%d8%b1%d8%a8-%d9%88%d8%a3%d9%85%d8%b1%d9%8a%d9%83%d8%a7-%d9%8a%d9%88%d8%a7%d8%b5%d9%84%d8%a7%d9%86-%d8%b9%d9%85%d9%84%d9%8a%d8%a7%d8%aa-%d8%a7%d9%84%d8%a8%d8%ad%d8%ab-%d8%a8-1744834.html,
انا لله وانا اليه راجعون. انا لله وانا اليه راجعون.,انتشال جثمان جندي أمريكي بالمغرب,https://www.hespress.com/%d8%a7%d9%84%d9%85%d8%ba%d8%b1%d8%a8-%d9%88%d8%a3%d9%85%d8%b1%d9%8a%d9%83%d8%a7-%d9%8a%d9%88%d8%a7%d8%b5%d9%84%d8%a7%d9%86-%d8%b9%d9%85%d9%84%d9%8a%d8%a7%d8%aa-%d8%a7%d9%84%d8%a8%d8%ad%d8%ab-%d8%a8-1744834.html,
أظن أن موضوع المقال هو العثور على جندي أمريكي مفقود و ليس الحديث عن العدمية أو كبش العيد إيوا قراو المقال مزيان,انتشال جثمان جندي أمريكي بالمغرب,https://www.hespress.com/%d8%a7%d9%84%d9%85%d8%ba%d8%b1%d8%a8-%d9%88%d8%a3%d9%85%d8%b1%d9%8a%d9%83%d8%a7-%d9%8a%d9%88%d8%a7%d8%b5%d9%84%d8%a7%d9%86-%d8%b9%d9%85%d9%84%d9%8a%d8%a7%d8%aa-%d8%a7%d9%84%d8%a8%d8%ad%d8%ab-%d8%a8-1744834.html,
مسكين ،وماتدري نفس بأي أرض تموت،عزاؤنا لأسرته وللولايات المتحدة الامريكة الصديقة للمملكة المغربية الشريفة,انتشال جثمان جندي أمريكي بالمغرب,https://www.hespress.com/%d8%a7%d9%84%d9%85%d8%ba%d8%b1%d8%a8-%d9%88%d8%a3%d9%85%d8%b1%d9%8a%d9%83%d8%a7-%d9%8a%d9%88%d8%a7%d8%b5%d9%84%d8%a7%d9%86-%d8%b9%d9%85%d9%84%d9%8a%d8%a7%d8%aa-%d8%a7%d9%84%d8%a8%d8%ad%d8%ab-%d8%a8-1744834.html,
القضية فيها نوع من الغموض .تحتاج إلى توضيح سواء لأسرة الجندي او للقراء بصفة عامة .كيف لجندي مارينز يغرق وهو يتدرب على الغطس والسباحة في تكوينه اللهم ان سقط من علو مرتفع .ثم كيف له ول رفيقه الابتعاد عن باقي الجنود بدون ترخيص وأمر خصوصا في بيءة خارجية.,انتشال جثمان جندي أمريكي بالمغرب,https://www.hespress.com/%d8%a7%d9%84%d9%85%d8%ba%d8%b1%d8%a8-%d9%88%d8%a3%d9%85%d8%b1%d9%8a%d9%83%d8%a7-%d9%8a%d9%88%d8%a7%d8%b5%d9%84%d8%a7%d9%86-%d8%b9%d9%85%d9%84%d9%8a%d8%a7%d8%aa-%d8%a7%d9%84%d8%a8%d8%ad%d8%ab-%d8%a8-1744834.html,
نتمنى تكثيف استعمال المراقبة باجهزة الدرون drones pour imagerie. وهذا يطلب استثمارا في الدونات وفي التطبيقات الإلكترونية التي تستعمل الذكاء الاصطناعي في مقارنة مستمرة لصور  الملاقطة من طرف الدرونات و هناك تطبيقات عالمية للمراقبة بصور الدرونات مع الاشعار عند اي تغيير مبرمج ومنها من هو متطور جدا يصل الى درجة إحصاء الطيور في سماء المحميات الطبيعية وهي تطير باصنافها وتصلح الدرونات ايضا لاغراض الشرطة الغايوية وللمراقبة  وللاشعار والاحتياط المبكر  احسن بكثير من العلاج ولو كان في وقته والوقاية خير من العلاج,مناورة وطنية كبرى لمكافحة الحرائق ترفع اليقظة في غابات المغرب,https://www.hespress.com/%d9%85%d9%86%d8%a7%d9%88%d8%b1%d8%a9-%d9%88%d8%b7%d9%86%d9%8a%d8%a9-%d9%83%d8%a8%d8%b1%d9%89-%d9%84%d9%85%d9%83%d8%a7%d9%81%d8%ad%d8%a9-%d8%a7%d9%84%d8%ad%d8%b1%d8%a7%d8%a6%d9%82-%d8%aa%d8%b1%d9%81-1744824.html,
أين هو هذا الاستقرار؟ ثمن لحم الخروف عند الجزار وصل ل 140 درهم و أكثر في بعض المناطق…. ثمن الخروف المتوسط  لا يجب أن يتعدى 2000 درهم بالأسواق,استقرار أسعار الأضاحي بالمغرب وسط تحذيرات من “الشناقة” قبل العيد,https://www.hespress.com/%d8%a7%d8%b3%d8%aa%d9%82%d8%b1%d8%a7%d8%b1-%d8%a3%d8%b3%d8%b9%d8%a7%d8%b1-%d8%a7%d9%84%d8%a3%d8%b6%d8%a7%d8%ad%d9%8a-%d8%a8%d8%a7%d9%84%d9%85%d8%ba%d8%b1%d8%a8-%d9%88%d8%b3%d8%b7-%d8%aa%d8%ad%d8%b0-1743507.html,
خليه اسيدي تا ينقص 50٪ ولا 60٪ عاد نشريو حنا ماشارينش دابا ارا ما عندكم,استقرار أسعار الأضاحي بالمغرب وسط تحذيرات من “الشناقة” قبل العيد,https://www.hespress.com/%d8%a7%d8%b3%d8%aa%d9%82%d8%b1%d8%a7%d8%b1-%d8%a3%d8%b3%d8%b9%d8%a7%d8%b1-%d8%a7%d9%84%d8%a3%d8%b6%d8%a7%d8%ad%d9%8a-%d8%a8%d8%a7%d9%84%d9%85%d8%ba%d8%b1%d8%a8-%d9%88%d8%b3%d8%b7-%d8%aa%d8%ad%d8%b0-1743507.html,
اشمن استقرار خاص الدولة تحدد تمن البيع بالكيلو  لا يتجاوز بين 45..50 درهم  حينادك سوف يستقر التمن البيع  الى الدولة  مدخلاتش سوف يكون   فوضى في البيع..لازم الدولة تنهي هاد الجدل  معا ان الحكومة أكدت وفرة المنتوج للاضاحي,استقرار أسعار الأضاحي بالمغرب وسط تحذيرات من “الشناقة” قبل العيد,https://www.hespress.com/%d8%a7%d8%b3%d8%aa%d9%82%d8%b1%d8%a7%d8%b1-%d8%a3%d8%b3%d8%b9%d8%a7%d8%b1-%d8%a7%d9%84%d8%a3%d8%b6%d8%a7%d8%ad%d9%8a-%d8%a8%d8%a7%d9%84%d9%85%d8%ba%d8%b1%d8%a8-%d9%88%d8%b3%d8%b7-%d8%aa%d8%ad%d8%b0-1743507.html,
كل الشكر والمجهودات لرئيس الحكومة ووزير الفلاحة على كافة الإجراءات القانونية اللازمة من اجل عدم الغاء عيد الاضحى واعتقد ان الأتمنة جد مناسبة لكافة المغاربة,استقرار أسعار الأضاحي بالمغرب وسط تحذيرات من “الشناقة” قبل العيد,https://www.hespress.com/%d8%a7%d8%b3%d8%aa%d9%82%d8%b1%d8%a7%d8%b1-%d8%a3%d8%b3%d8%b9%d8%a7%d8%b1-%d8%a7%d9%84%d8%a3%d8%b6%d8%a7%d8%ad%d9%8a-%d8%a8%d8%a7%d9%84%d9%85%d8%ba%d8%b1%d8%a8-%d9%88%d8%b3%d8%b7-%d8%aa%d8%ad%d8%b0-1743507.html,
ياربي الملك الله ينصرو يلغي العيد وبلا ذالك مامعيدينتش بسبب هاذ لغلاء خليه يبعبع باش شنناقة وحتى كسابة يحشمو ومعاودهاتش العام الجاي,استقرار أسعار الأضاحي بالمغرب وسط تحذيرات من “الشناقة” قبل العيد,https://www.hespress.com/%d8%a7%d8%b3%d8%aa%d9%82%d8%b1%d8%a7%d8%b1-%d8%a3%d8%b3%d8%b9%d8%a7%d8%b1-%d8%a7%d9%84%d8%a3%d8%b6%d8%a7%d8%ad%d9%8a-%d8%a8%d8%a7%d9%84%d9%85%d8%ba%d8%b1%d8%a8-%d9%88%d8%b3%d8%b7-%d8%aa%d8%ad%d8%b0-1743507.html,
ماعرفت علاش غير حنا بوحدنا اللي عندنا اللحوم والدواجن غاليين ، والدول الغربية ما عندهمش مشكل مع ثمن اللحوم والدواجن لأنها رخيصة أو في متناول الجميع بعكس الخضر والفواكه اللي غالية ، كلشي ولى راكب على موجة الغلاء المفتعل اللي ولى مفروض رغم أن نوعية المنتوج لا ترقى إلى المستوى المطلوب . خاص الدولة تتدخل باش تحد من فوضى المضاربين اللي ما عندهم لا رخص ولا تصاريح باش يمارسو التجارة والاحتكار في الاسواق الوطنية والعمومية وما كيخلصو لا ضرائب ولا حتى الصنك  .,استقرار أسعار الأضاحي بالمغرب وسط تحذيرات من “الشناقة” قبل العيد,https://www.hespress.com/%d8%a7%d8%b3%d8%aa%d9%82%d8%b1%d8%a7%d8%b1-%d8%a3%d8%b3%d8%b9%d8%a7%d8%b1-%d8%a7%d9%84%d8%a3%d8%b6%d8%a7%d8%ad%d9%8a-%d8%a8%d8%a7%d9%84%d9%85%d8%ba%d8%b1%d8%a8-%d9%88%d8%b3%d8%b7-%d8%aa%d8%ad%d8%b0-1743507.html,
انا دائما قبل يوم او يومين من العيد اذهب لاشتري الخروف وفي جيبي 2000 درهم اذا وجدته تبارك الله و اذا لم اجد تبارك الله  و لكن سبحان الله دائما يتيسر الامر و اشتريه,استقرار أسعار الأضاحي بالمغرب وسط تحذيرات من “الشناقة” قبل العيد,https://www.hespress.com/%d8%a7%d8%b3%d8%aa%d9%82%d8%b1%d8%a7%d8%b1-%d8%a3%d8%b3%d8%b9%d8%a7%d8%b1-%d8%a7%d9%84%d8%a3%d8%b6%d8%a7%d8%ad%d9%8a-%d8%a8%d8%a7%d9%84%d9%85%d8%ba%d8%b1%d8%a8-%d9%88%d8%b3%d8%b7-%d8%aa%d8%ad%d8%b0-1743507.html,
الشناقة غي جميع  الميادين  ينتهزون حرفة رابحة 200% و اكثر.,استقرار أسعار الأضاحي بالمغرب وسط تحذيرات من “الشناقة” قبل العيد,https://www.hespress.com/%d8%a7%d8%b3%d8%aa%d9%82%d8%b1%d8%a7%d8%b1-%d8%a3%d8%b3%d8%b9%d8%a7%d8%b1-%d8%a7%d9%84%d8%a3%d8%b6%d8%a7%d8%ad%d9%8a-%d8%a8%d8%a7%d9%84%d9%85%d8%ba%d8%b1%d8%a8-%d9%88%d8%b3%d8%b7-%d8%aa%d8%ad%d8%b0-1743507.html,
للتذكير و سترونها انشاء الله في العقود القاذمة و قذ ابتذأت بالفعل.. ان شعيرة عيد الأضحى ستقل بشكل كبير حتى و لو انخفضت الاسعار لأن الاجيال القاذمة ليست هي الاجيال السابقة… الاغلبية من الذكور لم تعذ تعرف طريقة ذبح الاضحية او كيفية تقسيمها و حتى الرغبة في  شراء الاضحية ستقل مع مرور الوقت.,استقرار أسعار الأضاحي بالمغرب وسط تحذيرات من “الشناقة” قبل العيد,https://www.hespress.com/%d8%a7%d8%b3%d8%aa%d9%82%d8%b1%d8%a7%d8%b1-%d8%a3%d8%b3%d8%b9%d8%a7%d8%b1-%d8%a7%d9%84%d8%a3%d8%b6%d8%a7%d8%ad%d9%8a-%d8%a8%d8%a7%d9%84%d9%85%d8%ba%d8%b1%d8%a8-%d9%88%d8%b3%d8%b7-%d8%aa%d8%ad%d8%b0-1743507.html,
اشمن شناقة  وا شناقة راكم  عارفينهم,استقرار أسعار الأضاحي بالمغرب وسط تحذيرات من “الشناقة” قبل العيد,https://www.hespress.com/%d8%a7%d8%b3%d8%aa%d9%82%d8%b1%d8%a7%d8%b1-%d8%a3%d8%b3%d8%b9%d8%a7%d8%b1-%d8%a7%d9%84%d8%a3%d8%b6%d8%a7%d8%ad%d9%8a-%d8%a8%d8%a7%d9%84%d9%85%d8%ba%d8%b1%d8%a8-%d9%88%d8%b3%d8%b7-%d8%aa%d8%ad%d8%b0-1743507.html,
قاليك نقص بين 10 و 15 بالمائة.شنو جابت الى حسبتيها 350 درهم.ا سيدي راه مازال غالي و بززاف.خاص الحولي متوسط 2000 درهم مايفوتهاش.والحولية 1200 درهم.هادشي لي كان شحال هادي.اما دبا راه لي ولاو يبيعو لينا هما المافيا,استقرار أسعار الأضاحي بالمغرب وسط تحذيرات من “الشناقة” قبل العيد,https://www.hespress.com/%d8%a7%d8%b3%d8%aa%d9%82%d8%b1%d8%a7%d8%b1-%d8%a3%d8%b3%d8%b9%d8%a7%d8%b1-%d8%a7%d9%84%d8%a3%d8%b6%d8%a7%d8%ad%d9%8a-%d8%a8%d8%a7%d9%84%d9%85%d8%ba%d8%b1%d8%a8-%d9%88%d8%b3%d8%b7-%d8%aa%d8%ad%d8%b0-1743507.html,
سبحان الله الناس فين وصلات ؤالمغاربة مزال مضاربين مع الحوالة,استقرار أسعار الأضاحي بالمغرب وسط تحذيرات من “الشناقة” قبل العيد,https://www.hespress.com/%d8%a7%d8%b3%d8%aa%d9%82%d8%b1%d8%a7%d8%b1-%d8%a3%d8%b3%d8%b9%d8%a7%d8%b1-%d8%a7%d9%84%d8%a3%d8%b6%d8%a7%d8%ad%d9%8a-%d8%a8%d8%a7%d9%84%d9%85%d8%ba%d8%b1%d8%a8-%d9%88%d8%b3%d8%b7-%d8%aa%d8%ad%d8%b0-1743507.html,
",  والله ما نشريه .وانتهى الكلام. المحل ليدي وليس بيد غيري",استقرار أسعار الأضاحي بالمغرب وسط تحذيرات من “الشناقة” قبل العيد,https://www.hespress.com/%d8%a7%d8%b3%d8%aa%d9%82%d8%b1%d8%a7%d8%b1-%d8%a3%d8%b3%d8%b9%d8%a7%d8%b1-%d8%a7%d9%84%d8%a3%d8%b6%d8%a7%d8%ad%d9%8a-%d8%a8%d8%a7%d9%84%d9%85%d8%ba%d8%b1%d8%a8-%d9%88%d8%b3%d8%b7-%d8%aa%d8%ad%d8%b0-1743507.html,
أين هو الاستقرار في الاثمنة. انا لبارح لقيت لحم الغنمي ب 160 درهم بتمارة.الغلاء أصبح واقع مفروض على المغاربة بعيدا عن العرض و الطلب.من حقنا نطرحوا هده التساؤلات:ماهو دور المسؤولين و الدولة؟ واش الشناقة أقوى من المؤسسات؟,استقرار أسعار الأضاحي بالمغرب وسط تحذيرات من “الشناقة” قبل العيد,https://www.hespress.com/%d8%a7%d8%b3%d8%aa%d9%82%d8%b1%d8%a7%d8%b1-%d8%a3%d8%b3%d8%b9%d8%a7%d8%b1-%d8%a7%d9%84%d8%a3%d8%b6%d8%a7%d8%ad%d9%8a-%d8%a8%d8%a7%d9%84%d9%85%d8%ba%d8%b1%d8%a8-%d9%88%d8%b3%d8%b7-%d8%aa%d8%ad%d8%b0-1743507.html,
واين ذهبت مليارات الدعم للاعلاف. هي مال الشعب فيجب ان يستفيد منها. فكفى من اختلاس أموال الشعب وكثرة الفراقشية.,استقرار أسعار الأضاحي بالمغرب وسط تحذيرات من “الشناقة” قبل العيد,https://www.hespress.com/%d8%a7%d8%b3%d8%aa%d9%82%d8%b1%d8%a7%d8%b1-%d8%a3%d8%b3%d8%b9%d8%a7%d8%b1-%d8%a7%d9%84%d8%a3%d8%b6%d8%a7%d8%ad%d9%8a-%d8%a8%d8%a7%d9%84%d9%85%d8%ba%d8%b1%d8%a8-%d9%88%d8%b3%d8%b7-%d8%aa%d8%ad%d8%b0-1743507.html,
2500 درهم،ثمن كحد ادنى-لاوجود له على أرض الواقع-،سواء في السوق القروية أو الضيعات أو “الگراجات” (التي يجب ان تمنع،بالمدن)،،،كما أن الفلاح أو الكساب،يتوفر (اليوم)على فائض من الكلا،بفضل الرحمة الإلهية(اذن لماذا هذا الهراء؟)،كان من اللازم،ان يباع الكبش بثمن الكيلوغرام(45درهم)،،،ماعدا ذلك،فقد نمد اعناقنا،للفراقشية،والسماسرة ،،،وحتى ما يسمى “جمعيات حماية المستهلك” تساند هذا الطرح… فهي تدافع-فقط-عن السماسرة وتجار الازمات،،،اظف الى ذلك،ما قد يحمل هذا الكبش،من تشويه أو مرض،في غياب تام للمراقبة،وخاصة بالاسواق القروية المتدهورة(زماننا لازلنا،لم تبرح زمن القرون الوسطى)،،،,استقرار أسعار الأضاحي بالمغرب وسط تحذيرات من “الشناقة” قبل العيد,https://www.hespress.com/%d8%a7%d8%b3%d8%aa%d9%82%d8%b1%d8%a7%d8%b1-%d8%a3%d8%b3%d8%b9%d8%a7%d8%b1-%d8%a7%d9%84%d8%a3%d8%b6%d8%a7%d8%ad%d9%8a-%d8%a8%d8%a7%d9%84%d9%85%d8%ba%d8%b1%d8%a8-%d9%88%d8%b3%d8%b7-%d8%aa%d8%ad%d8%b0-1743507.html,
يتخيل البعض أن المغاربة يعانون مما يعانيه هو من جشع وطمع ومرض البخل الذي ينخره، ورغم أنه يشاهدهم كل سنة يتهافتون على شراء أضحية العيد دون أن يكترثوا بسردياته التي تفوح منها رائحة التسول والاستجداء والدونية والإذلال الذي يضع فيه نفسه، يصرّ أن يسقط بؤسه على كل المغاربة، ويظن أنه يمثلهم ومفوّض للحد باسمهم.والغريب أن كل البوحاطيون قادرون على شراء الأضحية حتى بعشرة آلاف درهم. فمن يملك شقة بـ 400 ألف درهم وسيارة بـ 200 ألف درهم، وينفق ميزانية بين 20 و50 درهماً في اليوم بين المقاهي والسيجارة والخمور، لا يغلبه منطقياً شراء أضحية العيد مرة واحدة في السنة، لكن مرض الجشع وقهر الذات ينخرهم.أسمع جيداً يا حبيبي:الأضاحي لن تكون أقل من ثمن شراء الخروف، وتكلفة العلف والإيواء والتطبيب، وهامش ربح المربي الذي هو 20% طير ولا تنزل.إذا جيت تشريه من عند السكاب، هذا هو الثمن الذي سيطبق عليك، شئت أم أبيت. ما عندكش؟ سير اتكمش.أما إذا ما جيتيش، راه طبعاً الكساب غادي يبيعوا للتجار، وهما غادين يزيدو عليك النقل والأرباح ديالهم.من غير هاد الشي، سير شري ليك شي معزة بـ 700 درهم، وهني راسك وهني المجتمع معاك.,استقرار أسعار الأضاحي بالمغرب وسط تحذيرات من “الشناقة” قبل العيد,https://www.hespress.com/%d8%a7%d8%b3%d8%aa%d9%82%d8%b1%d8%a7%d8%b1-%d8%a3%d8%b3%d8%b9%d8%a7%d8%b1-%d8%a7%d9%84%d8%a3%d8%b6%d8%a7%d8%ad%d9%8a-%d8%a8%d8%a7%d9%84%d9%85%d8%ba%d8%b1%d8%a8-%d9%88%d8%b3%d8%b7-%d8%aa%d8%ad%d8%b0-1743507.html,
لو فقط اتفق الجميع على عدم الهرولة لشراء الأضاحي بل حتى اتخاد قرار بعدم التضحية و التصدق بقيمتها لجمعيات خيرية( ماشي للمتسولين)  لصمنا بعد هذا هبوطا حادا في اثمنة اللحوم تماما كما حصل مع غلة الزيتون هذا العام. الناس عليها هي ان تتحكم في السوق عموما و اي مادة كالسمك و اللحوم و البيض و الفواكه تتجاوز المعقول تديرو منها بناقص و سوف يضطر الشناقة و المنتجون الشرهون لاحترام القدرة الشرائية لعباد اللههذا الاسلوب يعتمد كثيرا في اليابان و الأرجنتين لان الناس هناك لا تهرول للتخزبن و تنخرط جماعيا في اي اجراء يصب في مصلحة المستهلك,استقرار أسعار الأضاحي بالمغرب وسط تحذيرات من “الشناقة” قبل العيد,https://www.hespress.com/%d8%a7%d8%b3%d8%aa%d9%82%d8%b1%d8%a7%d8%b1-%d8%a3%d8%b3%d8%b9%d8%a7%d8%b1-%d8%a7%d9%84%d8%a3%d8%b6%d8%a7%d8%ad%d9%8a-%d8%a8%d8%a7%d9%84%d9%85%d8%ba%d8%b1%d8%a8-%d9%88%d8%b3%d8%b7-%d8%aa%d8%ad%d8%b0-1743507.html,
الله يسمح لينا .. هاد السنة ديال كبش أملح أقرن راه كاينة غير فالصردي !! أما الغنم ديال الجزيرة العربية و مصر راه شفتوها كيدايرا و قيل اللي كيضحي … المغاربة تبارك الله الدين ديالهوم بوحدهوم : التراويح ، العيد لكبير، الفاكية فعاشورة …. أما صلاة الفجر و الزكاة ماعندهومش معاها ..,استقرار أسعار الأضاحي بالمغرب وسط تحذيرات من “الشناقة” قبل العيد,https://www.hespress.com/%d8%a7%d8%b3%d8%aa%d9%82%d8%b1%d8%a7%d8%b1-%d8%a3%d8%b3%d8%b9%d8%a7%d8%b1-%d8%a7%d9%84%d8%a3%d8%b6%d8%a7%d8%ad%d9%8a-%d8%a8%d8%a7%d9%84%d9%85%d8%ba%d8%b1%d8%a8-%d9%88%d8%b3%d8%b7-%d8%aa%d8%ad%d8%b0-1743507.html,
سنة 2024 كانت “العافيا شاعلة ف الأسعار”. هذا العام انخفضت الأسعار بعشرة إلى خمس عشرة في المائة. ما يعني أنه انطفأت جمرة أو جمرتان من تلك” العافيا الهائلة ” التي اشتعلت في الأسعار سنة 24. هذا يعني أن “العافيا” لا تزال في ذروتها وليس هناك ما يمكن أن يطمئن المواطن، لأن انطفاء جمرة أو جمرتين لا ينقص شيئا من حدة النار وشدتها,استقرار أسعار الأضاحي بالمغرب وسط تحذيرات من “الشناقة” قبل العيد,https://www.hespress.com/%d8%a7%d8%b3%d8%aa%d9%82%d8%b1%d8%a7%d8%b1-%d8%a3%d8%b3%d8%b9%d8%a7%d8%b1-%d8%a7%d9%84%d8%a3%d8%b6%d8%a7%d8%ad%d9%8a-%d8%a8%d8%a7%d9%84%d9%85%d8%ba%d8%b1%d8%a8-%d9%88%d8%b3%d8%b7-%d8%aa%d8%ad%d8%b0-1743507.html,
الشناق كايمشي عند الكساب يشري جملة ( 10 حوالى مثلا) ب 1500 درهم للحولي و كيبعهوم للشناق الكبير ب 2500 درهم للحولي. و هاد الشناق كيبيعهوم للميني شناقة ب-3500 درهم للحولي و الشنينق الأخير كيبيع الحولي للمواطن المشنوق ب 4500 درهم و 5000 درهم للحولي. الحل هو يتجمعو واحد 10 من  الدرب أو العائلة و الأصدقاء و يشرو 10 حوالى جملة من عند الكساب دون المرور من الشناقة و كل واحد فيهم ياخذ حولي,استقرار أسعار الأضاحي بالمغرب وسط تحذيرات من “الشناقة” قبل العيد,https://www.hespress.com/%d8%a7%d8%b3%d8%aa%d9%82%d8%b1%d8%a7%d8%b1-%d8%a3%d8%b3%d8%b9%d8%a7%d8%b1-%d8%a7%d9%84%d8%a3%d8%b6%d8%a7%d8%ad%d9%8a-%d8%a8%d8%a7%d9%84%d9%85%d8%ba%d8%b1%d8%a8-%d9%88%d8%b3%d8%b7-%d8%aa%d8%ad%d8%b0-1743507.html,
عن اي استقرار تتكلمون حمرة الرأس دايرا 75 درهم لغليضا و الرقيقة 80 درهم  ما كاين لا مراقبة لا والو هبط المجازر القديمة بالدار البيضاء وتنكر في زي مواطن عادي و سترى الأثمنة الحقيقية …جل المراقبين و جاورهم ضامنين الحولي بطريقة أو بأخرة وتيعطيو التصريحات و هما باركين في المكاتب ديالهم…موضوع هبطو الأماكن البيع التي في المدن وبالاخص القريبة من التجمعات السكنية و قوموا بتدخلات مفاجئة وغدي تشوفو استقرار الاثمنة,استقرار أسعار الأضاحي بالمغرب وسط تحذيرات من “الشناقة” قبل العيد,https://www.hespress.com/%d8%a7%d8%b3%d8%aa%d9%82%d8%b1%d8%a7%d8%b1-%d8%a3%d8%b3%d8%b9%d8%a7%d8%b1-%d8%a7%d9%84%d8%a3%d8%b6%d8%a7%d8%ad%d9%8a-%d8%a8%d8%a7%d9%84%d9%85%d8%ba%d8%b1%d8%a8-%d9%88%d8%b3%d8%b7-%d8%aa%d8%ad%d8%b0-1743507.html,
والله ماكتحشموا انتم استفدت بالدعم مرتين في هذه السنة والحمد لله ربي انعم علينا بالأمطار الخير والكلأ بوفرة ولازالت تطلبون الزيادة في الثمن وخاصة الشناقةونقول مرة أخرى دعوه يبعبع حتى ينقص 60٪,استقرار أسعار الأضاحي بالمغرب وسط تحذيرات من “الشناقة” قبل العيد,https://www.hespress.com/%d8%a7%d8%b3%d8%aa%d9%82%d8%b1%d8%a7%d8%b1-%d8%a3%d8%b3%d8%b9%d8%a7%d8%b1-%d8%a7%d9%84%d8%a3%d8%b6%d8%a7%d8%ad%d9%8a-%d8%a8%d8%a7%d9%84%d9%85%d8%ba%d8%b1%d8%a8-%d9%88%d8%b3%d8%b7-%d8%aa%d8%ad%d8%b0-1743507.html,
الشناقة لكبار داو الدعم والمواطن المغلوب عن أمره تيخلص كفانا من ايصتحمار المواطن,استقرار أسعار الأضاحي بالمغرب وسط تحذيرات من “الشناقة” قبل العيد,https://www.hespress.com/%d8%a7%d8%b3%d8%aa%d9%82%d8%b1%d8%a7%d8%b1-%d8%a3%d8%b3%d8%b9%d8%a7%d8%b1-%d8%a7%d9%84%d8%a3%d8%b6%d8%a7%d8%ad%d9%8a-%d8%a8%d8%a7%d9%84%d9%85%d8%ba%d8%b1%d8%a8-%d9%88%d8%b3%d8%b7-%d8%aa%d8%ad%d8%b0-1743507.html,
النحر مفروض غير على أصحاب الحج . أما الناس العادية مافروضش عليهم . ولي بغا إدبح إجمع الفلوس ويمشي الحج لي هو فريضة .. كايخليو الزكاة والحج لي مفروض ويمشي بنادم إشري الكبش . باش إتسما راه دبح .. ورابح. دابح بزز .,استقرار أسعار الأضاحي بالمغرب وسط تحذيرات من “الشناقة” قبل العيد,https://www.hespress.com/%d8%a7%d8%b3%d8%aa%d9%82%d8%b1%d8%a7%d8%b1-%d8%a3%d8%b3%d8%b9%d8%a7%d8%b1-%d8%a7%d9%84%d8%a3%d8%b6%d8%a7%d8%ad%d9%8a-%d8%a8%d8%a7%d9%84%d9%85%d8%ba%d8%b1%d8%a8-%d9%88%d8%b3%d8%b7-%d8%aa%d8%ad%d8%b0-1743507.html,
ana mam3ayadch ghali 3liya . l hawli motawassete khasso 2000dh Ila ghla .,استقرار أسعار الأضاحي بالمغرب وسط تحذيرات من “الشناقة” قبل العيد,https://www.hespress.com/%d8%a7%d8%b3%d8%aa%d9%82%d8%b1%d8%a7%d8%b1-%d8%a3%d8%b3%d8%b9%d8%a7%d8%b1-%d8%a7%d9%84%d8%a3%d8%b6%d8%a7%d8%ad%d9%8a-%d8%a8%d8%a7%d9%84%d9%85%d8%ba%d8%b1%d8%a8-%d9%88%d8%b3%d8%b7-%d8%aa%d8%ad%d8%b0-1743507.html,
كذوب في سنة 2024 كان ثمن الخروف بالكيلو طبعا لا يتجاوز 60درهم بالنسبة البركية و70درهم الصردي .حاليا البركية من 70إلى 75 درهم أما الصردي من80إلى 83 درهم . واللحم الغنمي لا يتجاوز 60درهم عند الجزار حاليا 140 درهم . آش هذا التنوير غاديين به. لا حول ولا قوة إلا بالله العلي العظيم,استقرار أسعار الأضاحي بالمغرب وسط تحذيرات من “الشناقة” قبل العيد,https://www.hespress.com/%d8%a7%d8%b3%d8%aa%d9%82%d8%b1%d8%a7%d8%b1-%d8%a3%d8%b3%d8%b9%d8%a7%d8%b1-%d8%a7%d9%84%d8%a3%d8%b6%d8%a7%d8%ad%d9%8a-%d8%a8%d8%a7%d9%84%d9%85%d8%ba%d8%b1%d8%a8-%d9%88%d8%b3%d8%b7-%d8%aa%d8%ad%d8%b0-1743507.html,
باختصار شديد خليع يبعبع منين ولا التقوليب من طرف الكسابة والشناقة والمستوردين والسماسرة واللوبيات و و و..حتى افرغوا هذه السنة من فرحتها ومقصودها الديني… فءة عريضة من الأسر قررت  عدم القيام بشعيرة النحر لهذه الأسباب لعل وعسى ان هؤلاء يراجعوا أنفسهم…,استقرار أسعار الأضاحي بالمغرب وسط تحذيرات من “الشناقة” قبل العيد,https://www.hespress.com/%d8%a7%d8%b3%d8%aa%d9%82%d8%b1%d8%a7%d8%b1-%d8%a3%d8%b3%d8%b9%d8%a7%d8%b1-%d8%a7%d9%84%d8%a3%d8%b6%d8%a7%d8%ad%d9%8a-%d8%a8%d8%a7%d9%84%d9%85%d8%ba%d8%b1%d8%a8-%d9%88%d8%b3%d8%b7-%d8%aa%d8%ad%d8%b0-1743507.html,
الكسابة يشيرون فقط الى غلاء الأعلاف لذلك لا يريدون التراجع عن الأرباح..لكن ما لا يشيرون إليه هو أن الدولة خصصت لهم دعما كبيرا خصوصا للذين احتفظوا بالإناث،،إذن لماذا الكذب؟ ولماذا يتم التمويه عن الحقائق،.. لقد تلقوا دعما كبيرا من الدولة… وهم فقط يريدون الآن تحقيق مزيد من الأرباح لهم و لزملائهم من الشناقا…في رأيي الثمن لا يجب أن يتجاوز 2000 درهم,استقرار أسعار الأضاحي بالمغرب وسط تحذيرات من “الشناقة” قبل العيد,https://www.hespress.com/%d8%a7%d8%b3%d8%aa%d9%82%d8%b1%d8%a7%d8%b1-%d8%a3%d8%b3%d8%b9%d8%a7%d8%b1-%d8%a7%d9%84%d8%a3%d8%b6%d8%a7%d8%ad%d9%8a-%d8%a8%d8%a7%d9%84%d9%85%d8%ba%d8%b1%d8%a8-%d9%88%d8%b3%d8%b7-%d8%aa%d8%ad%d8%b0-1743507.html,
ثمن اللحوم في الاسواق يعطي مؤشرات الرخاء او الغلاء في السوق.الاجراءات التي اتخذتها الحكومة في مايخص الاحصاء والدعم لم تعطي نتاءجها، انتشار بيع الحوليات في الاسواق لعيد الاضحى سيؤدي إلى انخفاض القطيع في السنوات القادمة، الحفاض على القطيع وجب استمرار وتقنين استراد القطيع لمدة سنتين.,استقرار أسعار الأضاحي بالمغرب وسط تحذيرات من “الشناقة” قبل العيد,https://www.hespress.com/%d8%a7%d8%b3%d8%aa%d9%82%d8%b1%d8%a7%d8%b1-%d8%a3%d8%b3%d8%b9%d8%a7%d8%b1-%d8%a7%d9%84%d8%a3%d8%b6%d8%a7%d8%ad%d9%8a-%d8%a8%d8%a7%d9%84%d9%85%d8%ba%d8%b1%d8%a8-%d9%88%d8%b3%d8%b7-%d8%aa%d8%ad%d8%b0-1743507.html,
انخفاض الأثمان عما كان في 2024 لا اعتقد ذلك،نتمنى هذا الامر من أعماق قلوبنا،لكن الفيصل يضل هو السوق الواقعي وليس الكلام الافتراضي,استقرار أسعار الأضاحي بالمغرب وسط تحذيرات من “الشناقة” قبل العيد,https://www.hespress.com/%d8%a7%d8%b3%d8%aa%d9%82%d8%b1%d8%a7%d8%b1-%d8%a3%d8%b3%d8%b9%d8%a7%d8%b1-%d8%a7%d9%84%d8%a3%d8%b6%d8%a7%d8%ad%d9%8a-%d8%a8%d8%a7%d9%84%d9%85%d8%ba%d8%b1%d8%a8-%d9%88%d8%b3%d8%b7-%d8%aa%d8%ad%d8%b0-1743507.html,
نصيحة للشعب المغربي قاطبة و المواطن المغربي خاصة:رغم ان الأضحية هي سنة مؤكدة لمن له الاستطاعة المالية فأتمنى ان يقاطع المغاربة سوق المواشي اذا كان التمن مبالغ فيه خاصة أن هذه السنة تتميز بوفرة الكلأ والاعلاف بسبب وفرة التساقطات. لكن لمحاربة شجع الشناقة وكذلك بعض الكسابة قاطعو سوق المواشي لا تتهافتوا على أكباش العيد. اتركوها لهم حتى يصبح التمن معقولا . هكذا سيضطر أغلبية الباعة الى خفض التمن حتى لا يصبح الكبش عبئا عليه لانه ان اعاده للسنة المقبلة سيضطر الى بيعه الجزار بتمن اقل بكثير. اتركوه لهم يبعبع حتى العام القادم ان شاء الله.,استقرار أسعار الأضاحي بالمغرب وسط تحذيرات من “الشناقة” قبل العيد,https://www.hespress.com/%d8%a7%d8%b3%d8%aa%d9%82%d8%b1%d8%a7%d8%b1-%d8%a3%d8%b3%d8%b9%d8%a7%d8%b1-%d8%a7%d9%84%d8%a3%d8%b6%d8%a7%d8%ad%d9%8a-%d8%a8%d8%a7%d9%84%d9%85%d8%ba%d8%b1%d8%a8-%d9%88%d8%b3%d8%b7-%d8%aa%d8%ad%d8%b0-1743507.html,
"قطيع الغنمي الوطني هده السنة يفوق الطلب بعشرات المرات و التمن سوف يسقط لتحت 70%  احب من أحب و كره من كره , فقط اصبروا على رزقكم , سبب إرتفاع التمن عند الجزار هو قلة دبح إينات  الغنمي , و كدالك بسبب أن كلشي معول يبيع في لعيد لكبير , منين تبدا لأسواق غدين تعرفو لحقيقة , لغنم غير مشتة هدا لعام.",استقرار أسعار الأضاحي بالمغرب وسط تحذيرات من “الشناقة” قبل العيد,https://www.hespress.com/%d8%a7%d8%b3%d8%aa%d9%82%d8%b1%d8%a7%d8%b1-%d8%a3%d8%b3%d8%b9%d8%a7%d8%b1-%d8%a7%d9%84%d8%a3%d8%b6%d8%a7%d8%ad%d9%8a-%d8%a8%d8%a7%d9%84%d9%85%d8%ba%d8%b1%d8%a8-%d9%88%d8%b3%d8%b7-%d8%aa%d8%ad%d8%b0-1743507.html,
اللحم أصبح بعيد عن المواطنين المغاربة بسب هذه الأسعار المبالغ فيها,استقرار أسعار الأضاحي بالمغرب وسط تحذيرات من “الشناقة” قبل العيد,https://www.hespress.com/%d8%a7%d8%b3%d8%aa%d9%82%d8%b1%d8%a7%d8%b1-%d8%a3%d8%b3%d8%b9%d8%a7%d8%b1-%d8%a7%d9%84%d8%a3%d8%b6%d8%a7%d8%ad%d9%8a-%d8%a8%d8%a7%d9%84%d9%85%d8%ba%d8%b1%d8%a8-%d9%88%d8%b3%d8%b7-%d8%aa%d8%ad%d8%b0-1743507.html,
كم حاجة قضيناها بتركهاشعيرة العيد سنة وليست فرضااتقوا الله في جيوبكملا تقترضوالا تقترفوا حراما تتقربون به إلى الله !!!!لا تضيقوا على أنفسكم إن الله كان بكم رحيما,استقرار أسعار الأضاحي بالمغرب وسط تحذيرات من “الشناقة” قبل العيد,https://www.hespress.com/%d8%a7%d8%b3%d8%aa%d9%82%d8%b1%d8%a7%d8%b1-%d8%a3%d8%b3%d8%b9%d8%a7%d8%b1-%d8%a7%d9%84%d8%a3%d8%b6%d8%a7%d8%ad%d9%8a-%d8%a8%d8%a7%d9%84%d9%85%d8%ba%d8%b1%d8%a8-%d9%88%d8%b3%d8%b7-%d8%aa%d8%ad%d8%b0-1743507.html,
من أساطير القهوجيين، أنهم يعتقدون أن الدعم الحكومي للكساب هدفه هو “تخفيض” أثمان الكبش في العيد، وكأن كبش العيد أولوية استراتيجية حكومية لكي ينعم القهوجي بالأولفاف والكباب…!!! تحليل بسيط وسطحي لا يليق حتى بطفل صغير لم يشتروا له والديه ملابس أو لعبة العيد. هكذا يظنون، ومن أجل هذا يتباكون!كما يظنون أن الدعم الذي تلقاه الكساب هو حرص من الدولة على أن يشبع القهوجي اللحم بأخس الأثمان!!!,استقرار أسعار الأضاحي بالمغرب وسط تحذيرات من “الشناقة” قبل العيد,https://www.hespress.com/%d8%a7%d8%b3%d8%aa%d9%82%d8%b1%d8%a7%d8%b1-%d8%a3%d8%b3%d8%b9%d8%a7%d8%b1-%d8%a7%d9%84%d8%a3%d8%b6%d8%a7%d8%ad%d9%8a-%d8%a8%d8%a7%d9%84%d9%85%d8%ba%d8%b1%d8%a8-%d9%88%d8%b3%d8%b7-%d8%aa%d8%ad%d8%b0-1743507.html,
السلام عليكم ورحمة الله تعالى وبركاتهللحد من تدخلات عشوائية للشناقة أو المنتهزين لهذه الظروف لرفع الأثمنة أقترح ما يلي:– تباح الأضاحي حصريا داخل أسواق خاصة بذلك-البائع يكون مرخص له من طرف الدولة على أنه كساب-يكون الثمن مرجعي لكون الكساب استفاد من الدعم– يدون رقم الخروف إجباراً و المشتري بالموافقة-كل من ضبط خارج هذه القواعد يؤدي غرامة ضعفي ثمن الخروف لكل من البائع و المشتري……للتأمل,استقرار أسعار الأضاحي بالمغرب وسط تحذيرات من “الشناقة” قبل العيد,https://www.hespress.com/%d8%a7%d8%b3%d8%aa%d9%82%d8%b1%d8%a7%d8%b1-%d8%a3%d8%b3%d8%b9%d8%a7%d8%b1-%d8%a7%d9%84%d8%a3%d8%b6%d8%a7%d8%ad%d9%8a-%d8%a8%d8%a7%d9%84%d9%85%d8%ba%d8%b1%d8%a8-%d9%88%d8%b3%d8%b7-%d8%aa%d8%ad%d8%b0-1743507.html,
يجب على الحكومة ان تحمي المواطن من هؤلاء المجرمين الشناقة الذين يشكلون خطرا على المستهلك يجب معاقبتهم لأن مايقومون به هو ابتزار  وهذا مخالف للشريعة وللقانون,استقرار أسعار الأضاحي بالمغرب وسط تحذيرات من “الشناقة” قبل العيد,https://www.hespress.com/%d8%a7%d8%b3%d8%aa%d9%82%d8%b1%d8%a7%d8%b1-%d8%a3%d8%b3%d8%b9%d8%a7%d8%b1-%d8%a7%d9%84%d8%a3%d8%b6%d8%a7%d8%ad%d9%8a-%d8%a8%d8%a7%d9%84%d9%85%d8%ba%d8%b1%d8%a8-%d9%88%d8%b3%d8%b7-%d8%aa%d8%ad%d8%b0-1743507.html,
مجموعة من الجزارين يبيعون لحوم الغنمي ب 85 درهم والعجل ب 75 خصوصا مدينة تمارة و الدار البيضاء … للي ماشي فاستطاعتو يشري خروف و بغا اللحم راه ١٠٠٠ أو ٥٠٠ درهم فيها الخير و البركة.. المهم حتى هو ياكل الشوى و يحتافل مع وليداتو بمناسبة العيد  … هدي نصيحة حتى لسكان العمارات للي ماعدهومش فين يدبحو  .,استقرار أسعار الأضاحي بالمغرب وسط تحذيرات من “الشناقة” قبل العيد,https://www.hespress.com/%d8%a7%d8%b3%d8%aa%d9%82%d8%b1%d8%a7%d8%b1-%d8%a3%d8%b3%d8%b9%d8%a7%d8%b1-%d8%a7%d9%84%d8%a3%d8%b6%d8%a7%d8%ad%d9%8a-%d8%a8%d8%a7%d9%84%d9%85%d8%ba%d8%b1%d8%a8-%d9%88%d8%b3%d8%b7-%d8%aa%d8%ad%d8%b0-1743507.html,
نحنو كلو الكسابة بيعنا الحوالي ديالينا بالجملة للتجار خروف اكثر صغرا بيعتهو بي ربعين الف ريالونتوما دبرو ماعاهوم ما تشترونهم منهوم خليوهوم ليهوم باش يرجعوهوم لينا حنا الي عندنا العلف باش نشريوها منهوم بعشرين الف ريال ونعاودو نبيعوها ليكوم غير ب تلاتين الف ريال. هكا ستربحون وسنربحو نحنو اياضا معاكوم.,استقرار أسعار الأضاحي بالمغرب وسط تحذيرات من “الشناقة” قبل العيد,https://www.hespress.com/%d8%a7%d8%b3%d8%aa%d9%82%d8%b1%d8%a7%d8%b1-%d8%a3%d8%b3%d8%b9%d8%a7%d8%b1-%d8%a7%d9%84%d8%a3%d8%b6%d8%a7%d8%ad%d9%8a-%d8%a8%d8%a7%d9%84%d9%85%d8%ba%d8%b1%d8%a8-%d9%88%d8%b3%d8%b7-%d8%aa%d8%ad%d8%b0-1743507.html,
يجب تحليل ظاهرة غلاء الاكباش خصوصا.عندنا من ناحية سنة مؤكدة(عبادة).وفي جانب اخر تجار(دنيا).,استقرار أسعار الأضاحي بالمغرب وسط تحذيرات من “الشناقة” قبل العيد,https://www.hespress.com/%d8%a7%d8%b3%d8%aa%d9%82%d8%b1%d8%a7%d8%b1-%d8%a3%d8%b3%d8%b9%d8%a7%d8%b1-%d8%a7%d9%84%d8%a3%d8%b6%d8%a7%d8%ad%d9%8a-%d8%a8%d8%a7%d9%84%d9%85%d8%ba%d8%b1%d8%a8-%d9%88%d8%b3%d8%b7-%d8%aa%d8%ad%d8%b0-1743507.html,
في غالب الأحيان المرأة هي اللي كتاكد على الرجل شراء اضحية العيد فلولاها ما اشترى الرجل الاضحية وبما ان الزواج قل ولم يبقى الا الشباب العازب مع الزمن لن تبقى هذه الشعيرة الا ناذرا ممن يضحي تركت الصلاة الفرض عند الكثير فكيف بالسنةوذاك الساعة لن يبقى للشناق الا ان يشنق نفسه,استقرار أسعار الأضاحي بالمغرب وسط تحذيرات من “الشناقة” قبل العيد,https://www.hespress.com/%d8%a7%d8%b3%d8%aa%d9%82%d8%b1%d8%a7%d8%b1-%d8%a3%d8%b3%d8%b9%d8%a7%d8%b1-%d8%a7%d9%84%d8%a3%d8%b6%d8%a7%d8%ad%d9%8a-%d8%a8%d8%a7%d9%84%d9%85%d8%ba%d8%b1%d8%a8-%d9%88%d8%b3%d8%b7-%d8%aa%d8%ad%d8%b0-1743507.html,
اغلب المغاربة  بكاية سوى لي عندو ؤلا لي ماعندوشبنادم راكب فسيارة ديال 60 مليون  ؤمزال كيتشكى .,استقرار أسعار الأضاحي بالمغرب وسط تحذيرات من “الشناقة” قبل العيد,https://www.hespress.com/%d8%a7%d8%b3%d8%aa%d9%82%d8%b1%d8%a7%d8%b1-%d8%a3%d8%b3%d8%b9%d8%a7%d8%b1-%d8%a7%d9%84%d8%a3%d8%b6%d8%a7%d8%ad%d9%8a-%d8%a8%d8%a7%d9%84%d9%85%d8%ba%d8%b1%d8%a8-%d9%88%d8%b3%d8%b7-%d8%aa%d8%ad%d8%b0-1743507.html,
وخليييه يبعبع…حنا ماشريينش كاعديرو مابغيتو والبلاد نهبتوها,استقرار أسعار الأضاحي بالمغرب وسط تحذيرات من “الشناقة” قبل العيد,https://www.hespress.com/%d8%a7%d8%b3%d8%aa%d9%82%d8%b1%d8%a7%d8%b1-%d8%a3%d8%b3%d8%b9%d8%a7%d8%b1-%d8%a7%d9%84%d8%a3%d8%b6%d8%a7%d8%ad%d9%8a-%d8%a8%d8%a7%d9%84%d9%85%d8%ba%d8%b1%d8%a8-%d9%88%d8%b3%d8%b7-%d8%aa%d8%ad%d8%b0-1743507.html,
خليه إبعبعهذا شعارنا حتى إرجع لثمنو الحقيقي المناسب.الخير كاين لكن المسافة الله ياخد فيهم الحق,استقرار أسعار الأضاحي بالمغرب وسط تحذيرات من “الشناقة” قبل العيد,https://www.hespress.com/%d8%a7%d8%b3%d8%aa%d9%82%d8%b1%d8%a7%d8%b1-%d8%a3%d8%b3%d8%b9%d8%a7%d8%b1-%d8%a7%d9%84%d8%a3%d8%b6%d8%a7%d8%ad%d9%8a-%d8%a8%d8%a7%d9%84%d9%85%d8%ba%d8%b1%d8%a8-%d9%88%d8%b3%d8%b7-%d8%aa%d8%ad%d8%b0-1743507.html,
سيمضي العيد إن شاء الله لكن أكبر جريمة في حق المغاربة هي ثمن لحم الخروف  ب130/140/150  درهم .,استقرار أسعار الأضاحي بالمغرب وسط تحذيرات من “الشناقة” قبل العيد,https://www.hespress.com/%d8%a7%d8%b3%d8%aa%d9%82%d8%b1%d8%a7%d8%b1-%d8%a3%d8%b3%d8%b9%d8%a7%d8%b1-%d8%a7%d9%84%d8%a3%d8%b6%d8%a7%d8%ad%d9%8a-%d8%a8%d8%a7%d9%84%d9%85%d8%ba%d8%b1%d8%a8-%d9%88%d8%b3%d8%b7-%d8%aa%d8%ad%d8%b0-1743507.html,
من المهم نشر الوعي فحنا  في المغرب  تبتلينا  باللصوص  وولاد  الحرام   نداء للمغاربة متشريوش  دابا  حتى آخر يوم  وغيولي  الخروف ب 2000 درهم  وتعلموا  من دروس الدجاج والبيض,استقرار أسعار الأضاحي بالمغرب وسط تحذيرات من “الشناقة” قبل العيد,https://www.hespress.com/%d8%a7%d8%b3%d8%aa%d9%82%d8%b1%d8%a7%d8%b1-%d8%a3%d8%b3%d8%b9%d8%a7%d8%b1-%d8%a7%d9%84%d8%a3%d8%b6%d8%a7%d8%ad%d9%8a-%d8%a8%d8%a7%d9%84%d9%85%d8%ba%d8%b1%d8%a8-%d9%88%d8%b3%d8%b7-%d8%aa%d8%ad%d8%b0-1743507.html,
حدار ثم حدار من الشناقة التعرف عليهم سهلجدا غا كتحط يدك على الحولى يقفون بجانبكمخاطبون الكساب ( اش قلت فداك الثمن لىعطيناك ) فى تلك اللحظة قل له تفضل وابتعدعنهم اضف الى معلوماتك الشناق لا فرق بينهوبين اللص غا كتعرف عليه كيخوى ويخنسكالشيطان ( هده هي عللامات الشناقة فا حدرمنهم ),استقرار أسعار الأضاحي بالمغرب وسط تحذيرات من “الشناقة” قبل العيد,https://www.hespress.com/%d8%a7%d8%b3%d8%aa%d9%82%d8%b1%d8%a7%d8%b1-%d8%a3%d8%b3%d8%b9%d8%a7%d8%b1-%d8%a7%d9%84%d8%a3%d8%b6%d8%a7%d8%ad%d9%8a-%d8%a8%d8%a7%d9%84%d9%85%d8%ba%d8%b1%d8%a8-%d9%88%d8%b3%d8%b7-%d8%aa%d8%ad%d8%b0-1743507.html,
الاثمان ستتراوح بين 3000 و7500 درهم حسب الجودة خد او اترك والايام بيننا وان فرضت الدولة سعر معين للكيلو ستفرغ الاسواق ولن يخرج اي كساب ماشبته للسوق ولا يوجد من سيجبره على بيع اضاحيه غصبا الان في بعض الاسواق الثمن بالكيلو يتراوح بين 80 و 95 درهم حسب النوع والجودة مع العلم انك تشتري 10 لترات من الماء ب 85 درهم للتر و20 كيلو  صوف وجلد وبقايا اعلاف في بطنها بنفس السعر اي 30 كيلو من الازبال ستشتريها وترميها بعد النحر هذا الثمن يساوي 2400 درهم ازبال وستشتري اللحم الصافي   ب 150 درهم للكيلو واكثر   هذا هو الثمن ولعلمكم اكبر كبش حي يعطيك بين 38 و44 كلو لحم خالص  حسب تقدير كل الجزارة  وعلى هذا المعيار يشتري الجزار اي كبش وتلاحظون الجزار يرفع الكبش من الخلف تلك العملية بحكم التجربة يعرف الوزن التقريبي الكبش ودائما ينقص  نصف ذلك الوزن لانها ازبال ويحدد الثمن,استقرار أسعار الأضاحي بالمغرب وسط تحذيرات من “الشناقة” قبل العيد,https://www.hespress.com/%d8%a7%d8%b3%d8%aa%d9%82%d8%b1%d8%a7%d8%b1-%d8%a3%d8%b3%d8%b9%d8%a7%d8%b1-%d8%a7%d9%84%d8%a3%d8%b6%d8%a7%d8%ad%d9%8a-%d8%a8%d8%a7%d9%84%d9%85%d8%ba%d8%b1%d8%a8-%d9%88%d8%b3%d8%b7-%d8%aa%d8%ad%d8%b0-1743507.html,
العيد العيد……الخروف الخروف…….. اللحم اللحم هل المغاربة أصبحوا كلهم عيساوة هل نحن خاءفون من المجاعة ?  ولا دولة إسلامية واحدة في العالم بها هاذ الضجة كأننا لم نأكل اللحم وانا أقول نهار عيدكم نهار جوعكم  حشمو شوية خافو الله فضحتونا في العالم .,استقرار أسعار الأضاحي بالمغرب وسط تحذيرات من “الشناقة” قبل العيد,https://www.hespress.com/%d8%a7%d8%b3%d8%aa%d9%82%d8%b1%d8%a7%d8%b1-%d8%a3%d8%b3%d8%b9%d8%a7%d8%b1-%d8%a7%d9%84%d8%a3%d8%b6%d8%a7%d8%ad%d9%8a-%d8%a8%d8%a7%d9%84%d9%85%d8%ba%d8%b1%d8%a8-%d9%88%d8%b3%d8%b7-%d8%aa%d8%ad%d8%b0-1743507.html,
كاين حل من الحلول الكثيرة باش نتهاو من الشناقة .. لكن هاد الحل هو بيد الدولة او الوزارة المكلفة .. الكسابة راهم معروفين حيت كياخدو دعم من الدولة .. يعني مسجلين .. يديرو لهم بطاقة الكساب او الراعي و هو الوحيد المكلف ببيع الخرفان ديالو و ايضا يديرو لهم بلاصة خاصة بيهم مثلا فكل مدينة.. واللي ما عندوش بطاقة الراعي ما يدخلش لتما و يبيع .. و ديك الساعة شوفو كيفاش الاثمنة غادي تستقر …هذا ممكن يكون بالنسبة للبعض حل بعيد التحقيق .. لكن .. الا الناس كتتكلم على حقها و خصوصا الكسابة .. صدقوني الامور غادي تتغير بزاااف.,استقرار أسعار الأضاحي بالمغرب وسط تحذيرات من “الشناقة” قبل العيد,https://www.hespress.com/%d8%a7%d8%b3%d8%aa%d9%82%d8%b1%d8%a7%d8%b1-%d8%a3%d8%b3%d8%b9%d8%a7%d8%b1-%d8%a7%d9%84%d8%a3%d8%b6%d8%a7%d8%ad%d9%8a-%d8%a8%d8%a7%d9%84%d9%85%d8%ba%d8%b1%d8%a8-%d9%88%d8%b3%d8%b7-%d8%aa%d8%ad%d8%b0-1743507.html,
الحماق فيه و فيه,استقرار أسعار الأضاحي بالمغرب وسط تحذيرات من “الشناقة” قبل العيد,https://www.hespress.com/%d8%a7%d8%b3%d8%aa%d9%82%d8%b1%d8%a7%d8%b1-%d8%a3%d8%b3%d8%b9%d8%a7%d8%b1-%d8%a7%d9%84%d8%a3%d8%b6%d8%a7%d8%ad%d9%8a-%d8%a8%d8%a7%d9%84%d9%85%d8%ba%d8%b1%d8%a8-%d9%88%d8%b3%d8%b7-%d8%aa%d8%ad%d8%b0-1743507.html,
عندما الحقل القانوني يكون منسجم مع نفسه و مع مبادئه يمكنه حينذاك ربط علاقة مع الجامعة,الحقل القانوني المغربي يتطلع إلى مستقبل العلاقة بين الجامعة والمحكمة,https://www.hespress.com/%d8%a7%d9%84%d8%ad%d9%82%d9%84-%d8%a7%d9%84%d9%82%d8%a7%d9%86%d9%88%d9%86%d9%8a-%d8%a7%d9%84%d9%85%d8%ba%d8%b1%d8%a8%d9%8a-%d9%8a%d8%aa%d8%b7%d9%84%d8%b9-%d8%a5%d9%84%d9%89-%d9%85%d8%b3%d8%aa%d9%82-1744158.html,
إذا أصر وزير العدل على هذا الجمع الغريب فسيكون على الفريق الحكومي برمته أن يقدم استقالته. و هناك أيضا مخرج ثان : الترخيص لكل موظفي الدولة بمزاولة نشاط مهني حر إلى جانب مهامهم الرسمية. بعبارة أخرى ، هذا الجمع إما حلال على الجميع أو حرام على الجميع.,الحقل القانوني المغربي يتطلع إلى مستقبل العلاقة بين الجامعة والمحكمة,https://www.hespress.com/%d8%a7%d9%84%d8%ad%d9%82%d9%84-%d8%a7%d9%84%d9%82%d8%a7%d9%86%d9%88%d9%86%d9%8a-%d8%a7%d9%84%d9%85%d8%ba%d8%b1%d8%a8%d9%8a-%d9%8a%d8%aa%d8%b7%d9%84%d8%b9-%d8%a5%d9%84%d9%89-%d9%85%d8%b3%d8%aa%d9%82-1744158.html,
الكل يريد الالتحاق بالمحاماة، لا أفهم هدا الطنوش الذي أعطي لهده المهنة وكأنها ستدخلهم الى الجنة، الأساتدة يريدون المحاماة موظفوا الدولة الذين يشتغلون في مصالح المنازعات القانونية يريدون الالتحاق بالمحاماة كتاب الضبط الكل يتهافت على هده المهنة ، والمحامون لا يريدون أحد، وكأنها الفردوس، لا حول ولا قوة الا بالله العلي العظيم،  ماهدا الجري وراء السراب، إدهبوا الى المحاكم وانظروا الى من يزاول هده المهنة، الأغلبية تعيش في قلق مستمر من فرط المشاكل التي يعيشونها مع المواطنين خاصة النزهاء أصحاب الضمير، أما الفئة التي تعمل بدون ضمير فهؤلاء لا أتحدث عنهم وهم كثر، إن سبب هدا التهافت هو قلة القناعة لدى من يريد الالتحاق بهده المهنة مع بعض الاستثناءات، والمحامون الدين يرفضونهم، يعانون الجشع إلا البعض منهم. الدولة مطلوب منها وضع حد لهدا الصراع من خلال وضع المصلحة العليا للوطن والمواطنين، كمحدد لأي مهنة، علا شأنها أو نزل، فالصراع الدائر يدور في فلك المصالح الشخصية، الأساتذة مكانهم الطبيعي الجامعات والاشراف على تكوين الطلبة وإدا أرادو ممارسة المحاماة هم وغيرهم فليقدمو استقالتهم لايمكن الجمع بينهما.,الحقل القانوني المغربي يتطلع إلى مستقبل العلاقة بين الجامعة والمحكمة,https://www.hespress.com/%d8%a7%d9%84%d8%ad%d9%82%d9%84-%d8%a7%d9%84%d9%82%d8%a7%d9%86%d9%88%d9%86%d9%8a-%d8%a7%d9%84%d9%85%d8%ba%d8%b1%d8%a8%d9%8a-%d9%8a%d8%aa%d8%b7%d9%84%d8%b9-%d8%a5%d9%84%d9%89-%d9%85%d8%b3%d8%aa%d9%82-1744158.html,
المحاماة مستقلة امميا ومختلفة اجتماعيا واخلاقيا,الحقل القانوني المغربي يتطلع إلى مستقبل العلاقة بين الجامعة والمحكمة,https://www.hespress.com/%d8%a7%d9%84%d8%ad%d9%82%d9%84-%d8%a7%d9%84%d9%82%d8%a7%d9%86%d9%88%d9%86%d9%8a-%d8%a7%d9%84%d9%85%d8%ba%d8%b1%d8%a8%d9%8a-%d9%8a%d8%aa%d8%b7%d9%84%d8%b9-%d8%a5%d9%84%d9%89-%d9%85%d8%b3%d8%aa%d9%82-1744158.html,
جاء في المقال “مع بداية عام 1993، تم إقرار حالة “التنافي” ومنع الجمع بين المهمتين لأسباب اعتبرها الطريبق “غير مفهومة” في ذلك الوقت.” يبدو ان الاستاذ الباحث لم يكلف نفسه عناء البحث عن السؤال فلماذا في بداية التسعينات تم اقرار هذا الحظر؟ السبب بسيط جدا في مجتمع نتخره البطالة لا يمكن السماح لموظف عمومي ان يجمع بين الوظيفة العمومية ومهنة المحاماة، فمن يريد العمل في مهنة حرة عليه ان يترك منصبه المالي لشخص اخر في اطار مبدأ تكافؤ الفرص، نفس الامر بالنسبة لمن يريد ان يمارس نشاطا تجاريا، ينبغي ان نفكر في خلق فرصة عمل لمن لا يعمل، عوض السماح لمن يعمل بالجمع بين وظيفته ونشاط مهني اخر… فالوطن  ينبغي ان يشرك الجميع. اما القول بخلق مساحات مشتركة بين البحث العلمي والمهن القضائية فمجالات تحقيق ذلك واسعة، منها المختبرات العلمية والابحاث الميدانية ومجموعات العمل، واتفاقيات الشراكة بين الجامعات وبين الجمعيات المهنية.,الحقل القانوني المغربي يتطلع إلى مستقبل العلاقة بين الجامعة والمحكمة,https://www.hespress.com/%d8%a7%d9%84%d8%ad%d9%82%d9%84-%d8%a7%d9%84%d9%82%d8%a7%d9%86%d9%88%d9%86%d9%8a-%d8%a7%d9%84%d9%85%d8%ba%d8%b1%d8%a8%d9%8a-%d9%8a%d8%aa%d8%b7%d9%84%d8%b9-%d8%a5%d9%84%d9%89-%d9%85%d8%b3%d8%aa%d9%82-1744158.html,
مهنة المحاماة في دول العالم الثالث هي 70%  نوع من السمسرة المحترمة والمقننة وهذا هو الدافع الرئيسي لممارسة المحاماة عند لكثير ممن يريدون الإغتناء السريع,الحقل القانوني المغربي يتطلع إلى مستقبل العلاقة بين الجامعة والمحكمة,https://www.hespress.com/%d8%a7%d9%84%d8%ad%d9%82%d9%84-%d8%a7%d9%84%d9%82%d8%a7%d9%86%d9%88%d9%86%d9%8a-%d8%a7%d9%84%d9%85%d8%ba%d8%b1%d8%a8%d9%8a-%d9%8a%d8%aa%d8%b7%d9%84%d8%b9-%d8%a5%d9%84%d9%89-%d9%85%d8%b3%d8%aa%d9%82-1744158.html,
يجب تحديد السن الأقصى لولوج المحاماة في 45 سنة. وإذا ارتأى أستاذ القانون او القاضي أن المحاماة أفضل له فعليه ان يستقيل من الوظيفة العمومية ويترك منصبه لآلاف الشباب الحاصلين على شواهد من كليات الحقوق والعاطلين عن العمل. أما إغراق المحاماة بالأستاذة فهو سيشجع ظاهرة الموظفين الأشباح. لأن الاستاذ سيقضي كل وقته في مكتبه لاستقبال موكليه وفي المحاكم للترافع والدفاع… ولن يتذكر أنه أستاذ جامعي إلا في آخر الشهر حينما سيكتشف أن ملايين السنتيمات دخلت حسابه البنكي…,الحقل القانوني المغربي يتطلع إلى مستقبل العلاقة بين الجامعة والمحكمة,https://www.hespress.com/%d8%a7%d9%84%d8%ad%d9%82%d9%84-%d8%a7%d9%84%d9%82%d8%a7%d9%86%d9%88%d9%86%d9%8a-%d8%a7%d9%84%d9%85%d8%ba%d8%b1%d8%a8%d9%8a-%d9%8a%d8%aa%d8%b7%d9%84%d8%b9-%d8%a5%d9%84%d9%89-%d9%85%d8%b3%d8%aa%d9%82-1744158.html,
أساتذة القانون بالجامعات المغربية يريدون فتح ثغرة قانونية لولوج المحاماة من الباب الواسع وغلق الأبواب عن آلاف الشباب الحاصلين على الشواهد العليا والباحثين عن الشغل .,الحقل القانوني المغربي يتطلع إلى مستقبل العلاقة بين الجامعة والمحكمة,https://www.hespress.com/%d8%a7%d9%84%d8%ad%d9%82%d9%84-%d8%a7%d9%84%d9%82%d8%a7%d9%86%d9%88%d9%86%d9%8a-%d8%a7%d9%84%d9%85%d8%ba%d8%b1%d8%a8%d9%8a-%d9%8a%d8%aa%d8%b7%d9%84%d8%b9-%d8%a5%d9%84%d9%89-%d9%85%d8%b3%d8%aa%d9%82-1744158.html,
أنا لا أفهم المنطق الذي يشتغل به أساتذة القانون …بدلا من التنافي المطلق ابحثوا عن أرضية مشتركة مع السادة المحامين وهذه أفكار يمكن الاشتغال عليها :اولا : حصر الاساتدة الذين لهم الحق في  ولوج مهنة المحاماو في الذين قضوا 15 سنة كأستاذ جامعي وان يكون في درجة استاذ محاضر .ثانيا : فتح كوطا سنوية للاساتذة الجامعيين على صعيد كل هيئة من هيئات المحامين ( كل سنة عشر مناصب  تزيد أو تنقص ) ويتم قبولهم بناء على دراسة الملف من طرف مجلس الهيئة …أعتقد بأن هذا لن يشكل اغراقا للمهنة وسيتم التحكم في الأعداد من قبل مجالس الهيئات نفسها …وهذا خطاب طمانة بالنسبة للمحامين .ثالثا : الزامية اجتياز الاستاذ الجامعي لسنة الزامية من التمرين ، وتخويله الترافع بالنسبة للسنوات الثلاث الأولى على صعيد المحاكم الابتدائية فقط .على هذا النحو الكل رابح …الاساتذة الجامعيون والمحامون …أما منطق شد عليا نقطع عليك فهو منطق ما خدامش…وبالمناسبة أريد أن أوضح للسادة الاساتذة الجامعيين أن المشكل ليس في التأصيل لحق الاستاذ الجامعي في ممارسة المهنة  بالاستناد لقوانين مقارنة ولكن في طمأنة قطاع واسع من المحاميين,الحقل القانوني المغربي يتطلع إلى مستقبل العلاقة بين الجامعة والمحكمة,https://www.hespress.com/%d8%a7%d9%84%d8%ad%d9%82%d9%84-%d8%a7%d9%84%d9%82%d8%a7%d9%86%d9%88%d9%86%d9%8a-%d8%a7%d9%84%d9%85%d8%ba%d8%b1%d8%a8%d9%8a-%d9%8a%d8%aa%d8%b7%d9%84%d8%b9-%d8%a5%d9%84%d9%89-%d9%85%d8%b3%d8%aa%d9%82-1744158.html,
الأكاديمي يمكن الإشتغال كمحامي. هناك فرق بين أستاد جامعي موظف و بين إطار ليس موظف يقدم محاضرات أو يشتغل بعقد مأقت في الجامعة فهو ليس موظف. بعد التقاعد أو الإستقالة يمكنك كأستاد سابق أن تفتح مكتب محاماة,الحقل القانوني المغربي يتطلع إلى مستقبل العلاقة بين الجامعة والمحكمة,https://www.hespress.com/%d8%a7%d9%84%d8%ad%d9%82%d9%84-%d8%a7%d9%84%d9%82%d8%a7%d9%86%d9%88%d9%86%d9%8a-%d8%a7%d9%84%d9%85%d8%ba%d8%b1%d8%a8%d9%8a-%d9%8a%d8%aa%d8%b7%d9%84%d8%b9-%d8%a5%d9%84%d9%89-%d9%85%d8%b3%d8%aa%d9%82-1744158.html,
الكراطة الجشع، حين يتم الجمع بين وظيفة ومهنة حرة واين حقوق الطلبة خاصة مع تغير الامتحان لمباراة بمناصب محدودة؟ يا طلبة انتفضوا من أجل حقوقكم الجشع وصل لمستويات قياسية.قاليك الجمع بين مهنتين زعما الاستاذ الجامعي سوبرمان، فين حق الطالب مع ساعات التدريس مع البحث العلمي، مع تصحيح الأوراق؟!! حاليا ومستوى التعليم في انهيار مع فضائح التعليم الجامعي عاد غادي تزيد بالجمع بين المتناقضات ؟واش الاستاذ قادر يقري ويمارس مهنة المحاماة في المحاكم ؟ عجيب هذا الجشع وتبرير مالا يبرر فين هذ الأساتذة من مطالب العدالة الاجتماعية ومحاربة الجريمة والفساد الجامعي ؟؟؟ أولى المحاماة كتاب الضبط على الاقل ابناء الإدارة القضائية.الحصول بلاد مشات احمادي,الحقل القانوني المغربي يتطلع إلى مستقبل العلاقة بين الجامعة والمحكمة,https://www.hespress.com/%d8%a7%d9%84%d8%ad%d9%82%d9%84-%d8%a7%d9%84%d9%82%d8%a7%d9%86%d9%88%d9%86%d9%8a-%d8%a7%d9%84%d9%85%d8%ba%d8%b1%d8%a8%d9%8a-%d9%8a%d8%aa%d8%b7%d9%84%d8%b9-%d8%a5%d9%84%d9%89-%d9%85%d8%b3%d8%aa%d9%82-1744158.html,
إيوا هانتوما دبا فيمن نتيقو واش فجمعيات حقوق الإنسان و حماية المال العام و لا فالقضاء اللي كيتاهموه هاد الجمعيات بالفساد و التستر على المفسدين ؟,الحبس النافذ لرئيس جمعية بمراكش,https://www.hespress.com/%d8%a7%d9%84%d8%ad%d8%a8%d8%b3-%d8%a7%d9%84%d9%86%d8%a7%d9%81%d8%b0-%d9%84%d8%b1%d8%a6%d9%8a%d8%b3-%d8%ac%d9%85%d8%b9%d9%8a%d8%a9-%d8%a8%d9%85%d8%b1%d8%a7%d9%83%d8%b4-1743992.html,
وطبعا، وقبل إدانة طاطوش ،قامت المصالح المختصة ومصالح القضاء بالتحقيق في التهم الموجهة ضد ذاك البرلماني ، ووجدت أن هذا الأخير بريء من تلك التهم ،براءة الذئب من دم يوسف. !!! .وما دخل غسيل الأموال والنصب وكل ذلك “الخلط جلط” المذكور في صك الإتهام، بقضية رئيس الجمعية والبرلماني؟,الحبس النافذ لرئيس جمعية بمراكش,https://www.hespress.com/%d8%a7%d9%84%d8%ad%d8%a8%d8%b3-%d8%a7%d9%84%d9%86%d8%a7%d9%81%d8%b0-%d9%84%d8%b1%d8%a6%d9%8a%d8%b3-%d8%ac%d9%85%d8%b9%d9%8a%d8%a9-%d8%a8%d9%85%d8%b1%d8%a7%d9%83%d8%b4-1743992.html,
كمايقول المثل: حاميها حراميهافمادمت في المغرب فلا تستغرب,الحبس النافذ لرئيس جمعية بمراكش,https://www.hespress.com/%d8%a7%d9%84%d8%ad%d8%a8%d8%b3-%d8%a7%d9%84%d9%86%d8%a7%d9%81%d8%b0-%d9%84%d8%b1%d8%a6%d9%8a%d8%b3-%d8%ac%d9%85%d8%b9%d9%8a%d8%a9-%d8%a8%d9%85%d8%b1%d8%a7%d9%83%d8%b4-1743992.html,
الرسالة واضحة  من يقاوم الفساد يزج ويرمى به في غياهب السجون.تغول الفساد,الحبس النافذ لرئيس جمعية بمراكش,https://www.hespress.com/%d8%a7%d9%84%d8%ad%d8%a8%d8%b3-%d8%a7%d9%84%d9%86%d8%a7%d9%81%d8%b0-%d9%84%d8%b1%d8%a6%d9%8a%d8%b3-%d8%ac%d9%85%d8%b9%d9%8a%d8%a9-%d8%a8%d9%85%d8%b1%d8%a7%d9%83%d8%b4-1743992.html,
مزال العفاريت لي كلاو رزق الدراوش ماشي واحد عداد كتير منهم   لكن يجب على الدولة أن تمارس الحق على كل من اكل درهم واحد,الحبس النافذ لرئيس جمعية بمراكش,https://www.hespress.com/%d8%a7%d9%84%d8%ad%d8%a8%d8%b3-%d8%a7%d9%84%d9%86%d8%a7%d9%81%d8%b0-%d9%84%d8%b1%d8%a6%d9%8a%d8%b3-%d8%ac%d9%85%d8%b9%d9%8a%d8%a9-%d8%a8%d9%85%d8%b1%d8%a7%d9%83%d8%b4-1743992.html,
السي “طوطوش” ارتكب خطأً فادحاً أسقطه في السجن مباشرة، بغضّ النظر عن صحة ادعاءاته من عدمها.الخطأ الذي ارتكبه هو توزيع شكاية وجّهها إلى النيابة العامة المختصة على مجموعة من الجرائد. والشكاية تبقى مجرد شكاية تتضمن فقط رواية المشتكي وما أرفقه فيها من اتهامات قد تكون صحيحة أو باطلة. وهذا يُعدّ فعلاً تشهيرياً، لأن القضاء لم يزكِّ تلك الاتهامات، ولم يصدر بعد قراراته بإدانة المشتكى به.ما اعتبره المشتكي “تشهيراً”، وأكثر من ذلك، هو أن الاتهامات التي كالها طوطوش لخصمه تبيّن أنها باطلة، مما زاد الطين بلة عليه في ملف التشهير، فنال ما ناله من السجن.,الحبس النافذ لرئيس جمعية بمراكش,https://www.hespress.com/%d8%a7%d9%84%d8%ad%d8%a8%d8%b3-%d8%a7%d9%84%d9%86%d8%a7%d9%81%d8%b0-%d9%84%d8%b1%d8%a6%d9%8a%d8%b3-%d8%ac%d9%85%d8%b9%d9%8a%d8%a9-%d8%a8%d9%85%d8%b1%d8%a7%d9%83%d8%b4-1743992.html,
الجيش الملكي تحيا و تعيش إن شاء الله الفوز بهذه الكأس الغالية يا رب,تنقل كبير لجماهير الجيش لبريتوريا,https://www.hespress.com/%d8%aa%d9%86%d9%82%d9%84-%d9%83%d8%a8%d9%8a%d8%b1-%d9%84%d8%ac%d9%85%d8%a7%d9%87%d9%8a%d8%b1-%d8%a7%d9%84%d8%ac%d9%8a%d8%b4-%d9%84%d8%a8%d8%b1%d9%8a%d8%aa%d9%88%d8%b1%d9%8a%d8%a7-1745154.html,
هدا التنقل سلاح دو حدين إذا كان هناك شغب و اقتحام جمهور الجيش الملعب في جنوب افريقيا سوف يتم معاقبة الفريق بدون جمهور مبارة الاياب و سوف يتسائل سائل لماذا لم يعاقب اتحاد العاصمة رغم اقتحام الكراغلة الملعب فالجواب هناك سنغالي في لجنة الاخلاق و العقوبات فحداري و حداري و ان شاء الله الكأس للجيش,تنقل كبير لجماهير الجيش لبريتوريا,https://www.hespress.com/%d8%aa%d9%86%d9%82%d9%84-%d9%83%d8%a8%d9%8a%d8%b1-%d9%84%d8%ac%d9%85%d8%a7%d9%87%d9%8a%d8%b1-%d8%a7%d9%84%d8%ac%d9%8a%d8%b4-%d9%84%d8%a8%d8%b1%d9%8a%d8%aa%d9%88%d8%b1%d9%8a%d8%a7-1745154.html,
الله يحظر السلامة هناك ليس كى هنى حداري منكم اينما ذهبتم ولا تخلقون المصايب حداري ثم حداري منكم لا تلعبون بي انفسكم,تنقل كبير لجماهير الجيش لبريتوريا,https://www.hespress.com/%d8%aa%d9%86%d9%82%d9%84-%d9%83%d8%a8%d9%8a%d8%b1-%d9%84%d8%ac%d9%85%d8%a7%d9%87%d9%8a%d8%b1-%d8%a7%d9%84%d8%ac%d9%8a%d8%b4-%d9%84%d8%a8%d8%b1%d9%8a%d8%aa%d9%88%d8%b1%d9%8a%d8%a7-1745154.html,
يجب منع أقل كم 30 سنة من السفر إلى بريتوريا,تنقل كبير لجماهير الجيش لبريتوريا,https://www.hespress.com/%d8%aa%d9%86%d9%82%d9%84-%d9%83%d8%a8%d9%8a%d8%b1-%d9%84%d8%ac%d9%85%d8%a7%d9%87%d9%8a%d8%b1-%d8%a7%d9%84%d8%ac%d9%8a%d8%b4-%d9%84%d8%a8%d8%b1%d9%8a%d8%aa%d9%88%d8%b1%d9%8a%d8%a7-1745154.html,
يجب نقل فريق الجيش الملكي إلى العيون لاخراج أعداء الوحدة الترابية باللعب في أقاليمنا الجنوبية وكذلك ليكون بعيدا عن الشغب والمشاغبين قريبا من أفراد قواتنا المسلحة الملكية المرابطة على الحدود مع إبعاد اللاعبين الأجانب باعتباره ممول من خزينة الدولة بخلاف باقي الفرق المغربية.,تنقل كبير لجماهير الجيش لبريتوريا,https://www.hespress.com/%d8%aa%d9%86%d9%82%d9%84-%d9%83%d8%a8%d9%8a%d8%b1-%d9%84%d8%ac%d9%85%d8%a7%d9%87%d9%8a%d8%b1-%d8%a7%d9%84%d8%ac%d9%8a%d8%b4-%d9%84%d8%a8%d8%b1%d9%8a%d8%aa%d9%88%d8%b1%d9%8a%d8%a7-1745154.html,
جمهور الجيش جمهور ….كرهنا في مرة القدم …نحن القاطنين قرب الملعب يوم المباراة يكون يوم اسود نضع سيارتنا في احياء بعيد عن الملعب .,تنقل كبير لجماهير الجيش لبريتوريا,https://www.hespress.com/%d8%aa%d9%86%d9%82%d9%84-%d9%83%d8%a8%d9%8a%d8%b1-%d9%84%d8%ac%d9%85%d8%a7%d9%87%d9%8a%d8%b1-%d8%a7%d9%84%d8%ac%d9%8a%d8%b4-%d9%84%d8%a8%d8%b1%d9%8a%d8%aa%d9%88%d8%b1%d9%8a%d8%a7-1745154.html,
فقط تجنبوا الشغب، وضعوا في الحسبان تشجيع النادي العسكري بكل الوسائل الحضارية,تنقل كبير لجماهير الجيش لبريتوريا,https://www.hespress.com/%d8%aa%d9%86%d9%82%d9%84-%d9%83%d8%a8%d9%8a%d8%b1-%d9%84%d8%ac%d9%85%d8%a7%d9%87%d9%8a%d8%b1-%d8%a7%d9%84%d8%ac%d9%8a%d8%b4-%d9%84%d8%a8%d8%b1%d9%8a%d8%aa%d9%88%d8%b1%d9%8a%d8%a7-1745154.html,
اين هي الحوكة والدولة والصحافة من هدا السفر.انه كارتة بمعنى الكلمة.مصيبة بدون شك.تعرفون لمادا.جنوب رفريقيا تبحت عن 80 مسافر كانوا على متن الرحلة اللتي سافرت فيها الهولندية المتوفية هناك الحاملة لفيروس هونتا.بدون شك احد سيحمل معه اافيروس،للمغرب شببه اللدي،جاء من ايطاليا حامل الفيروس،ايام كورونا. لقد،بدأ ينتشر في عدة دول ومنضمة الصحة تخفي الحقيقة  لتربح الوقت وتبحت عن مضاد حيوي رغم.لا وجود حقنة لهدا المرض القاتل.خطير جدا اكتر من كورونا,تنقل كبير لجماهير الجيش لبريتوريا,https://www.hespress.com/%d8%aa%d9%86%d9%82%d9%84-%d9%83%d8%a8%d9%8a%d8%b1-%d9%84%d8%ac%d9%85%d8%a7%d9%87%d9%8a%d8%b1-%d8%a7%d9%84%d8%ac%d9%8a%d8%b4-%d9%84%d8%a8%d8%b1%d9%8a%d8%aa%d9%88%d8%b1%d9%8a%d8%a7-1745154.html,
الجزء الاول,"""محتوى كراهية"" يحرك أمن البيضاء",https://www.hespress.com/%d9%85%d8%ad%d8%aa%d9%88%d9%89-%d9%83%d8%b1%d8%a7%d9%87%d9%8a%d8%a9-%d9%8a%d8%ad%d8%b1%d9%83-%d8%a3%d9%85%d9%86-%d8%a7%d9%84%d8%a8%d9%8a%d8%b6%d8%a7%d8%a1-1744062.html,
الجزء الثاني,"""محتوى كراهية"" يحرك أمن البيضاء",https://www.hespress.com/%d9%85%d8%ad%d8%aa%d9%88%d9%89-%d9%83%d8%b1%d8%a7%d9%87%d9%8a%d8%a9-%d9%8a%d8%ad%d8%b1%d9%83-%d8%a3%d9%85%d9%86-%d8%a7%d9%84%d8%a8%d9%8a%d8%b6%d8%a7%d8%a1-1744062.html,
لا يتم البحث عن  الافارقة الذين يعتدون على المغاربة و يفرشون في الشوارع  يحتلون الاماكن وبكل عنصرية ويتم إلتقاط المغاربة بسرعة البرق اصبحنا غرباء في بلادنا .,"""محتوى كراهية"" يحرك أمن البيضاء",https://www.hespress.com/%d9%85%d8%ad%d8%aa%d9%88%d9%89-%d9%83%d8%b1%d8%a7%d9%87%d9%8a%d8%a9-%d9%8a%d8%ad%d8%b1%d9%83-%d8%a3%d9%85%d9%86-%d8%a7%d9%84%d8%a8%d9%8a%d8%b6%d8%a7%d8%a1-1744062.html,
يُعدّ استفحال الهجرة غير القانونية دون ضوابط المحرك الرئيسي لصعود تيارات اليمين المتطرف عالميًا. فعندما تبدو الحدود مستباحة، يتآكلت ثقة الشعوب في المؤسسات، مما يمنح الحركات الشعبوية فرصة للاستثمار في مشاعر القلق الاقتصادي والهوية الثقافية. هذا الاستقطاب يهدد السلم الاجتماعي ويستبدل الحوار المعتدل براديكالية حادة.لنزع فتيل هذا التوتر، أصبحت الإجراءات الطارئة ضرورة ملحة لاستعادة سيادة القانون، وتشمل:تعزيز الرقابة الحدودية:استخدام التقنيات الذكية لضبط المنافذ بشكل صارم.تسريع الترحيل: معالجة ملفات المقيمين بشكل غير قانوني وإعادتهم فورًا لردع التجاوزات.مراكز معالجة خارجية: نقل تقييم طلبات اللجوء إلى خارج الحدود لكسر شوكة شبكات الاتجار بالبشر.إن فرض النظام وتأمين الحدود هو السبيل الوحيد لقطع الطريق على الخطابات المتطرفة وحماية النسيج المجتمعي من الانقسام.,"""محتوى كراهية"" يحرك أمن البيضاء",https://www.hespress.com/%d9%85%d8%ad%d8%aa%d9%88%d9%89-%d9%83%d8%b1%d8%a7%d9%87%d9%8a%d8%a9-%d9%8a%d8%ad%d8%b1%d9%83-%d8%a3%d9%85%d9%86-%d8%a7%d9%84%d8%a8%d9%8a%d8%b6%d8%a7%d8%a1-1744062.html,
ماذا تحب او تحترم انسان بدون هوية وبدون مال وليس سائح ولا عمل له ولا اهل ولا سكن…بل يبيع المخدرات ويسرق ويتسول ..هاته كله صفات يكرهها العالم ..والسلطات ترغم علينا احتضانهم بشرهم وسوئهم ….بالعكس هم من ينشرون الكراهية ويقولون افريقيا للسود في مسيرات بالمغرب .,"""محتوى كراهية"" يحرك أمن البيضاء",https://www.hespress.com/%d9%85%d8%ad%d8%aa%d9%88%d9%89-%d9%83%d8%b1%d8%a7%d9%87%d9%8a%d8%a9-%d9%8a%d8%ad%d8%b1%d9%83-%d8%a3%d9%85%d9%86-%d8%a7%d9%84%d8%a8%d9%8a%d8%b6%d8%a7%d8%a1-1744062.html,
ما عمرنا شفنا محاسبة الأفارقة فالمغرب لي مخرجين فيديوهات عنصرية وخطاب الكراهية والتحريض ضد المغاربة فبلادهم.,"""محتوى كراهية"" يحرك أمن البيضاء",https://www.hespress.com/%d9%85%d8%ad%d8%aa%d9%88%d9%89-%d9%83%d8%b1%d8%a7%d9%87%d9%8a%d8%a9-%d9%8a%d8%ad%d8%b1%d9%83-%d8%a3%d9%85%d9%86-%d8%a7%d9%84%d8%a8%d9%8a%d8%b6%d8%a7%d8%a1-1744062.html,
الذين يكرهون الأفارقة ويحرضون عليهم في المغرب هم أنفسهم من يحلمون بـ“الحريك” إلى أوروبا، أو ممن يدفعون أبناءهم إلى البحر ليواجهوا الموت، وتقديمهم وجبةً لسردين البحر الأبيض المتوسط المعروف بضخامته. لكنهم يتنفسون النفاق والانفصام، ويعيشون تناقضاً نفسياً وأخلاقياً مثيراً للاشمئزاز؛ يريدون الهجرة هم وأبناؤهم إلى أوروبا، أو لديهم عائلات هناك يقتاتون من حوالاتها البريدية وهداياها الموسمية، وفي الوقت نفسه يمارسون أبشع أشكال العنصرية ضد الأفارقة الذين يأتون إلى المغرب.ينسون، أو يتناسون عمداً، أن المغرب بلد إفريقي، وأن أرضه إفريقية وتاريخه وجغرافيته ومستقبله مرتبط بإفريقيا أكثر من ارتباطه بالشرق الذي أتوا منه ويقدّسونه دون أن يعترف بهم.يتعاملون مع الأوروبي وكأنه خلاصهم المقدس، بينما يحتقرون الإفريقي الذي يشاركهم القارة والواقع والتاريخ.هذا الانفصام البغيض يكشف حجم النذالة والانحدار الأخلاقي الذي وصل إليه بعض الناس؛ يحتقرون الأخ الإفريقي، لكنهم في المقابل يتوسلون الأوروبي كي يقبلهم خَدَماً عنده أو يمنحهم فرصة للعيش في بلاده. إنها عقدة احتقار الذات في أبشع صورها، حين يصبح الإنسان كارهاً لنفسه.,"""محتوى كراهية"" يحرك أمن البيضاء",https://www.hespress.com/%d9%85%d8%ad%d8%aa%d9%88%d9%89-%d9%83%d8%b1%d8%a7%d9%87%d9%8a%d8%a9-%d9%8a%d8%ad%d8%b1%d9%83-%d8%a3%d9%85%d9%86-%d8%a7%d9%84%d8%a8%d9%8a%d8%b6%d8%a7%d8%a1-1744062.html,
“محتوى كراهية ” كل من يخشى على بلاده ان يحولوها الأفارقة جنوب الصحراء الذين يهاجرون لبلدنا بطرق غير شرعية لان حدودنا غير محروسة، ينشرون الفوضى ويعتدون على المغاربة يبيعون المخدرات ونساؤهم ينجبون بدون زواج  في بلد مسلم، يعتدون يتحدون فيما بينهم للاستفزاز والتهديد و من قال لا نريدهم في بلدنا خشية على الاجيال القادمة ان تعيش في مغرب مختلف في كل شيء ليصير كنشاسا او باماكو، يعاقب حتى صاروا فيما بينهم يهددون بالبوليس اذا واجهتهم، انقلبت الآية وصارت لهم حقوقا أكثر منا،حسبنا الله ونعم الوكيل في من كان السبب، ولك الله يا وطني.,"""محتوى كراهية"" يحرك أمن البيضاء",https://www.hespress.com/%d9%85%d8%ad%d8%aa%d9%88%d9%89-%d9%83%d8%b1%d8%a7%d9%87%d9%8a%d8%a9-%d9%8a%d8%ad%d8%b1%d9%83-%d8%a3%d9%85%d9%86-%d8%a7%d9%84%d8%a8%d9%8a%d8%b6%d8%a7%d8%a1-1744062.html,
اصبح المغاربة غرباء في المغرب القنون يحمي كل شي إلا المغربي,"""محتوى كراهية"" يحرك أمن البيضاء",https://www.hespress.com/%d9%85%d8%ad%d8%aa%d9%88%d9%89-%d9%83%d8%b1%d8%a7%d9%87%d9%8a%d8%a9-%d9%8a%d8%ad%d8%b1%d9%83-%d8%a3%d9%85%d9%86-%d8%a7%d9%84%d8%a8%d9%8a%d8%b6%d8%a7%d8%a1-1744062.html,
إذا كانت هناك عدالة فاين هو اعتقال افارقه كثيرين في المغرب يخرجون ب فيديوهات علانية يهددون المغاربة في وجودهم، بان المغرب ارض الافارقة و ان عليهم الرحيل الى المشرق و القوقاز، هذا تهديد للأمن القومي لكن دون تدخل القضاء،  و اين تدخل القضاء ضد احدى السيدات اليهوديات لازالت الى الان تهدد المغاربة,"""محتوى كراهية"" يحرك أمن البيضاء",https://www.hespress.com/%d9%85%d8%ad%d8%aa%d9%88%d9%89-%d9%83%d8%b1%d8%a7%d9%87%d9%8a%d8%a9-%d9%8a%d8%ad%d8%b1%d9%83-%d8%a3%d9%85%d9%86-%d8%a7%d9%84%d8%a8%d9%8a%d8%b6%d8%a7%d8%a1-1744062.html,
لا للعنف ولا لاتحريضونعم لترحيل المهاجرين جنوب الصحراء الى دولهم,"""محتوى كراهية"" يحرك أمن البيضاء",https://www.hespress.com/%d9%85%d8%ad%d8%aa%d9%88%d9%89-%d9%83%d8%b1%d8%a7%d9%87%d9%8a%d8%a9-%d9%8a%d8%ad%d8%b1%d9%83-%d8%a3%d9%85%d9%86-%d8%a7%d9%84%d8%a8%d9%8a%d8%b6%d8%a7%d8%a1-1744062.html,
لو رأيتم عدد المغاربة في أوروبا، مقارنة بعدد الأفارقة الموجودين في المغرب، لما “طار ليكم الفريخ” بهذا الشكل الهستيري. هناك مدن كاملة في إيطاليا أصبحت أشبه بمستوطنات مغربية حقيقية، ومئات الأحياء في ضواحي المدن الفرنسية تحوّلت بدورها إلى تجمعات مغربية كثيفة، بل إن بعض المناطق لم تعد تسمع فيها إلا الدارجة المغربية أكثر من لغة البلد نفسه.والأكثر إثارة للسخرية أن نسبة كبيرة منهم لا تشتغل أصلاً، بل تعيش على المساعدات الاجتماعية التي تُقتطع شهرياً من ضرائب وعرق جبين الأوروبيين. ومع ذلك، لا ترى الأوروبي يخرج كل يوم ليبكي ويصرخ ويقيم القيامة كما يفعل بعض المصابين بعقدة الإفريقي في المغرب.ثم إنك في المغرب لا تستطيع حتى إعالة نفسك، فكيف تتحدث وكأن الدولة تقتطع من راتبك لتمنحه للأفارقة؟ أي راتب أصلاً؟ وأي ضرائب تدفعها حتى تتصرف كأنك الممول الرسمي لخزينة الدولة؟فاقد الشيء لا يعطيه. والأرض أرض الله، لمن يسكنها ويعمرها ويشتغل فيها، لا لمن يحول وجوده إلى بكاء دائم، ويتغذى على خطاب الكراهية والعنصرية، بينما هو نفسه يحلم ليل نهار بالهجرة والعيش في بلاد الآخرين.,"""محتوى كراهية"" يحرك أمن البيضاء",https://www.hespress.com/%d9%85%d8%ad%d8%aa%d9%88%d9%89-%d9%83%d8%b1%d8%a7%d9%87%d9%8a%d8%a9-%d9%8a%d8%ad%d8%b1%d9%83-%d8%a3%d9%85%d9%86-%d8%a7%d9%84%d8%a8%d9%8a%d8%b6%d8%a7%d8%a1-1744062.html,
إلى من يقول ان المغاربة كذلك في أوروبا وكأن المهاجرين غير الشرعيين ياتون من أوروبا، المهاجرون غير الشرعيبن ياتون من دول افريقية، والمغاربة المتواجدون في أوروبا هاجروا اباؤهم واجدادهم بطرق شرعية لما أوروبا كانت تبحث على اليد العاملة ومنهم من شارك في الحروب العالمية مع هذه الدول والكثير منهم  ولدوا بأوروبا لقد وصلوا إلى  الجيل الثالث،  ومن يهاجرون حاليا فليس لديهم أدنى الحقوق واذا القي القبض عليهم يرحلون، ومن بقي منهم يعيش بدون سكن وبدون أوراق ،فلا تخلصوا الأمور، فلا ثم لا للهجرة غير الشرعية، وكل ما هو غير شرعي يجب رفضه.,"""محتوى كراهية"" يحرك أمن البيضاء",https://www.hespress.com/%d9%85%d8%ad%d8%aa%d9%88%d9%89-%d9%83%d8%b1%d8%a7%d9%87%d9%8a%d8%a9-%d9%8a%d8%ad%d8%b1%d9%83-%d8%a3%d9%85%d9%86-%d8%a7%d9%84%d8%a8%d9%8a%d8%b6%d8%a7%d8%a1-1744062.html,
الأمن قافز غير مع اخوتهم المغاربة والاجرام الذي يركبونه الأفارقة مشي مشكل لأنهم مساكين مهاجرين. خصنا احنا المغاربة مقاطعهم لا من حيث السكن ولا الشغل ولا صدقة هذا هو الحل,"""محتوى كراهية"" يحرك أمن البيضاء",https://www.hespress.com/%d9%85%d8%ad%d8%aa%d9%88%d9%89-%d9%83%d8%b1%d8%a7%d9%87%d9%8a%d8%a9-%d9%8a%d8%ad%d8%b1%d9%83-%d8%a3%d9%85%d9%86-%d8%a7%d9%84%d8%a8%d9%8a%d8%b6%d8%a7%d8%a1-1744062.html,
سلام ،ستبقى المشاكل في المغرب مادام هؤلاء المهاجرين السريين القادمين من جنوب الصحراء بافريقيا ،والحل هو طردهم خارج الحدود لان اغلبهم اميون ويقومون بالشحاذة في مفترق الطرق او بيع المخدرات للمراهقين وغير ذلك من الموبقات مع فرض التأشيرة على كل وافد الى المغرب من جنوب الصحراء بافريقيا وضمانة مالية تقدر بعشرين 20 مليون سنتيم يخصم منها اي تضرر يقوم به طالب التأشيرة ،اما غير ذلك فسيذهب سدى،,"""محتوى كراهية"" يحرك أمن البيضاء",https://www.hespress.com/%d9%85%d8%ad%d8%aa%d9%88%d9%89-%d9%83%d8%b1%d8%a7%d9%87%d9%8a%d8%a9-%d9%8a%d8%ad%d8%b1%d9%83-%d8%a3%d9%85%d9%86-%d8%a7%d9%84%d8%a8%d9%8a%d8%b6%d8%a7%d8%a1-1744062.html,
يجب على الدولة ان تتدخل .  يلزم بيع اضحية للمواطن بشروط نزيهة . في اسواق منظمة بها طبيبب بيطري والتمن بالكيلو حتى لا يكون المواطن ضحية للشناقة والنصابة,تعليمات جديدة تراهن على الفصل بين تسويق الماشية والأحياء السكنية,https://www.hespress.com/%d8%aa%d8%b9%d9%84%d9%8a%d9%85%d8%a7%d8%aa-%d8%ac%d8%af%d9%8a%d8%af%d8%a9-%d8%aa%d8%b1%d8%a7%d9%87%d9%86-%d8%b9%d9%84%d9%89-%d8%a7%d9%84%d9%81%d8%b5%d9%84-%d8%a8%d9%8a%d9%86-%d8%aa%d8%b3%d9%88%d9%8a-1744186.html,
للأسف أضحية العيد سنة ويمكن الاستغناء عنه ولا إثم عليك ولكن عند اغلبية الناس فريضة من أركان الإسلام خوفا من كلام الجيران,تعليمات جديدة تراهن على الفصل بين تسويق الماشية والأحياء السكنية,https://www.hespress.com/%d8%aa%d8%b9%d9%84%d9%8a%d9%85%d8%a7%d8%aa-%d8%ac%d8%af%d9%8a%d8%af%d8%a9-%d8%aa%d8%b1%d8%a7%d9%87%d9%86-%d8%b9%d9%84%d9%89-%d8%a7%d9%84%d9%81%d8%b5%d9%84-%d8%a8%d9%8a%d9%86-%d8%aa%d8%b3%d9%88%d9%8a-1744186.html,
كان يجب إلغاء عيد الأضحى هذه السنة خصوصا مع الأسعار الملتهبة و الضغوطات الإقتصادية الكبيرة.,تعليمات جديدة تراهن على الفصل بين تسويق الماشية والأحياء السكنية,https://www.hespress.com/%d8%aa%d8%b9%d9%84%d9%8a%d9%85%d8%a7%d8%aa-%d8%ac%d8%af%d9%8a%d8%af%d8%a9-%d8%aa%d8%b1%d8%a7%d9%87%d9%86-%d8%b9%d9%84%d9%89-%d8%a7%d9%84%d9%81%d8%b5%d9%84-%d8%a8%d9%8a%d9%86-%d8%aa%d8%b3%d9%88%d9%8a-1744186.html,
واحد الصديق سولتو علاش مكيدبحش خروفو بيديه و الجزار هو للي كيدبحليه؟؟ قالي أنه مكيصليش والدبيحة ديالو مدايزاش !!!,تعليمات جديدة تراهن على الفصل بين تسويق الماشية والأحياء السكنية,https://www.hespress.com/%d8%aa%d8%b9%d9%84%d9%8a%d9%85%d8%a7%d8%aa-%d8%ac%d8%af%d9%8a%d8%af%d8%a9-%d8%aa%d8%b1%d8%a7%d9%87%d9%86-%d8%b9%d9%84%d9%89-%d8%a7%d9%84%d9%81%d8%b5%d9%84-%d8%a8%d9%8a%d9%86-%d8%aa%d8%b3%d9%88%d9%8a-1744186.html,
كون غير يعطيو رخص للكاراجات ولكن كفندق لكبش العيد فقط أكل و شرب و نوم ورعاية حتى ليلة العيد.,تعليمات جديدة تراهن على الفصل بين تسويق الماشية والأحياء السكنية,https://www.hespress.com/%d8%aa%d8%b9%d9%84%d9%8a%d9%85%d8%a7%d8%aa-%d8%ac%d8%af%d9%8a%d8%af%d8%a9-%d8%aa%d8%b1%d8%a7%d9%87%d9%86-%d8%b9%d9%84%d9%89-%d8%a7%d9%84%d9%81%d8%b5%d9%84-%d8%a8%d9%8a%d9%86-%d8%aa%d8%b3%d9%88%d9%8a-1744186.html,
انا الدي اطلبه من  المؤترين و الفنانين و المغنين ان يبتعدوا قدر المستطاع عن إظهار صور و مقاطع فيديو للاكباش التس اشتروها او للعملية الدبح و الشواء راحة و رحمة باخوانهم المسحوقينالي عندوا شي حولي يستروا و يدبحوا هو و الأسرة ديالوا بدون رياء و افتخار,تعليمات جديدة تراهن على الفصل بين تسويق الماشية والأحياء السكنية,https://www.hespress.com/%d8%aa%d8%b9%d9%84%d9%8a%d9%85%d8%a7%d8%aa-%d8%ac%d8%af%d9%8a%d8%af%d8%a9-%d8%aa%d8%b1%d8%a7%d9%87%d9%86-%d8%b9%d9%84%d9%89-%d8%a7%d9%84%d9%81%d8%b5%d9%84-%d8%a8%d9%8a%d9%86-%d8%aa%d8%b3%d9%88%d9%8a-1744186.html,
صراحة الشناقة مرضونا فعضامنا بالاسعار الخيالية ديالهم …ياريت إلغاء العيد اصبح مناسبة للفقصة والأعصاب!!!,تعليمات جديدة تراهن على الفصل بين تسويق الماشية والأحياء السكنية,https://www.hespress.com/%d8%aa%d8%b9%d9%84%d9%8a%d9%85%d8%a7%d8%aa-%d8%ac%d8%af%d9%8a%d8%af%d8%a9-%d8%aa%d8%b1%d8%a7%d9%87%d9%86-%d8%b9%d9%84%d9%89-%d8%a7%d9%84%d9%81%d8%b5%d9%84-%d8%a8%d9%8a%d9%86-%d8%aa%d8%b3%d9%88%d9%8a-1744186.html,
قرارات عالبا لا تحترم.,تعليمات جديدة تراهن على الفصل بين تسويق الماشية والأحياء السكنية,https://www.hespress.com/%d8%aa%d8%b9%d9%84%d9%8a%d9%85%d8%a7%d8%aa-%d8%ac%d8%af%d9%8a%d8%af%d8%a9-%d8%aa%d8%b1%d8%a7%d9%87%d9%86-%d8%b9%d9%84%d9%89-%d8%a7%d9%84%d9%81%d8%b5%d9%84-%d8%a8%d9%8a%d9%86-%d8%aa%d8%b3%d9%88%d9%8a-1744186.html,
هههه اصلا ماساريش واحسن حاجة منع الكراجت من بيع الاكباش..  بكل صراحة ازبال وروائح كريهة. هذه عملية في خدمة المواطن مشكورة عليها الوزارة.,تعليمات جديدة تراهن على الفصل بين تسويق الماشية والأحياء السكنية,https://www.hespress.com/%d8%aa%d8%b9%d9%84%d9%8a%d9%85%d8%a7%d8%aa-%d8%ac%d8%af%d9%8a%d8%af%d8%a9-%d8%aa%d8%b1%d8%a7%d9%87%d9%86-%d8%b9%d9%84%d9%89-%d8%a7%d9%84%d9%81%d8%b5%d9%84-%d8%a8%d9%8a%d9%86-%d8%aa%d8%b3%d9%88%d9%8a-1744186.html,
يا سعادة وزير الداخلية، الدوµل تسيّر بالقوانين والضوابط، وليس بـ”التعليمات”لأن ما يحدث اليوم في أسواق المواشي ليس مجرد فوضى عابرة، بل فوضى ممنهجة. أي مواطن يملك 10 أو 20 آف درهم يمكن أن يدخل لسوق المواسي ويشتري 10 أو عشرين رأس غنم أو أكثر، من صغار الكسابين الذين يأتون الى الاسواق من قراهم البعيدة ويستعجلون العودة الى إنشغالاتهم، ويعيد البيع في السوق نفسه. تنتقل البهيمة من يد إلى يد، عبر ثلاث أو أربع وساطات، قبل أن تصل إلى الجزار.الكساب الصغير يخسر، المستهلك يدفع ثمناً مضاعفاً، والوسيط غير المرخص يجني أرباحاً سريعة دون أي تكلفة أو مسؤولية. ثم ينتقل إلى سوق آخر ليكرر العملية، وبعد أشهر يستعين بخمسة أو عشرة معاونين لتكتمل “تشناقت” حقيقية.الحل الوحيد هو فرض شروط قانونية على كل متدخل في سلسلة تربية المواشي، من المربي إلى المجزرة:ــ سجل تجاري للمتاجرةــ رخصة مهنية للنقل. نعم، حتى نقل المواشي يجب أن يكون مشروطاً برخصة. هذا الثنائي القانوني يمكن السلطات من حصر الفاعلين الحقيقيين، وفلترة “الشناقة” تلقائياً، وتحويل السوق من غابة إلى مؤسسة تخضع للقانون، وليس للأهواء أو “التعليمات” الموسمية.,تعليمات جديدة تراهن على الفصل بين تسويق الماشية والأحياء السكنية,https://www.hespress.com/%d8%aa%d8%b9%d9%84%d9%8a%d9%85%d8%a7%d8%aa-%d8%ac%d8%af%d9%8a%d8%af%d8%a9-%d8%aa%d8%b1%d8%a7%d9%87%d9%86-%d8%b9%d9%84%d9%89-%d8%a7%d9%84%d9%81%d8%b5%d9%84-%d8%a8%d9%8a%d9%86-%d8%aa%d8%b3%d9%88%d9%8a-1744186.html,
علاش هاد التشديد وهاد الهيلمان فقط لتستفيد الجماعات المحلية من بيع حق استغلال الأسواق والأماكن المحدثة لبيع الأضاحي بأثمان باهضة ويستفيد منها أصحاب الفلوس وخبراء مثل هذه المناسبات بفرضهم أمان على كل رأس ماشية ما بين 30 و50درهم وكل يوم يعني لا ما بعتيش اليوم غادي تخلص غدا أما في الكراج قريب من المواطن محفوظ من اللصوص معفي من التعنيف والسب والشتم من الصحاح ديال السوق الله يدي الهير,تعليمات جديدة تراهن على الفصل بين تسويق الماشية والأحياء السكنية,https://www.hespress.com/%d8%aa%d8%b9%d9%84%d9%8a%d9%85%d8%a7%d8%aa-%d8%ac%d8%af%d9%8a%d8%af%d8%a9-%d8%aa%d8%b1%d8%a7%d9%87%d9%86-%d8%b9%d9%84%d9%89-%d8%a7%d9%84%d9%81%d8%b5%d9%84-%d8%a8%d9%8a%d9%86-%d8%aa%d8%b3%d9%88%d9%8a-1744186.html,
تابعفرض الشروط التي ذكرتها أعلاه هو اقتراح حل، قد يكون ناجعاً وفعالاً، وخاصة الشق المتعلق بإجبار كل من يتاجر في البهائم على أن يتوفر على السجل التجاري وعلى رخصة البيع والشراء في الأسواق.ومن الضروري أيضاً أن يتوفر الكساب بشكل إجباري على “الورقة الرمادية” (carte de traçabilité: ورقة تعريف لكل رأس ماشية، سواء كانت أبقاراً أو أغناماً). تثبت ملكيته المربي للبهائم، وكل بهيمة برقم خاص بها، وكناش تتبع بيطري.(في أوروبا ورق تلفيف اللحوم فيها (كود) يمكن معرفة اسم الكساب وحياة البهيمة وأصلها واين ذبحت وبهذا يسهل تتبع كل المراحل والايادي التي مرّت منها قبل ان تصل الى المستهلك.بمعنيى:يجب على مربي مواشٍ،  أن يتوفر على الورقة الرمادية لكل رأس غنم يمسكه في رحبة الغنم.يجب على تاجر المواشي أن تتوفر لديه رخصة المتاجرة فيها، وكذا الورقة الرمادية التي يثم التنازل عليها للتاجر من قبل من مربي المواشي أثناء شراء البهيمة.,تعليمات جديدة تراهن على الفصل بين تسويق الماشية والأحياء السكنية,https://www.hespress.com/%d8%aa%d8%b9%d9%84%d9%8a%d9%85%d8%a7%d8%aa-%d8%ac%d8%af%d9%8a%d8%af%d8%a9-%d8%aa%d8%b1%d8%a7%d9%87%d9%86-%d8%b9%d9%84%d9%89-%d8%a7%d9%84%d9%81%d8%b5%d9%84-%d8%a8%d9%8a%d9%86-%d8%aa%d8%b3%d9%88%d9%8a-1744186.html,
بالنسبة للذين يفضلون اقتناء الأكباش من محلات قرب سكناهم عليهم التعود على التحضر والخروج من العشوائية. وإذا كان ذلك بفعل الرغبة في ترك الكبش في محل الشراء الى ليلة العيد فسهل، عليهم انتظار ليلة العيد لاقتنائه او تخصيص له حيز من البيت,تعليمات جديدة تراهن على الفصل بين تسويق الماشية والأحياء السكنية,https://www.hespress.com/%d8%aa%d8%b9%d9%84%d9%8a%d9%85%d8%a7%d8%aa-%d8%ac%d8%af%d9%8a%d8%af%d8%a9-%d8%aa%d8%b1%d8%a7%d9%87%d9%86-%d8%b9%d9%84%d9%89-%d8%a7%d9%84%d9%81%d8%b5%d9%84-%d8%a8%d9%8a%d9%86-%d8%aa%d8%b3%d9%88%d9%8a-1744186.html,
مرة أخرى المغرب يقع بنفس الخطأ.,تعليمات جديدة تراهن على الفصل بين تسويق الماشية والأحياء السكنية,https://www.hespress.com/%d8%aa%d8%b9%d9%84%d9%8a%d9%85%d8%a7%d8%aa-%d8%ac%d8%af%d9%8a%d8%af%d8%a9-%d8%aa%d8%b1%d8%a7%d9%87%d9%86-%d8%b9%d9%84%d9%89-%d8%a7%d9%84%d9%81%d8%b5%d9%84-%d8%a8%d9%8a%d9%86-%d8%aa%d8%b3%d9%88%d9%8a-1744186.html,
الأهم هو البيع بالكيلو أفضل من الشراء بالرحابى على السلطات أن تحدد الثمن فى 50 درهم أو 60 درهم للكيلو وستكون بذلك قامت بعمل جبار وفى مصلحة المواطن وحتى الكساب وتقطع الطريق على الوسطاء والسماسرة والشناقا ولوبى اللحوم والمواشى هذا رأيى وأتمنى ان يكون رأيا صائبا …,تعليمات جديدة تراهن على الفصل بين تسويق الماشية والأحياء السكنية,https://www.hespress.com/%d8%aa%d8%b9%d9%84%d9%8a%d9%85%d8%a7%d8%aa-%d8%ac%d8%af%d9%8a%d8%af%d8%a9-%d8%aa%d8%b1%d8%a7%d9%87%d9%86-%d8%b9%d9%84%d9%89-%d8%a7%d9%84%d9%81%d8%b5%d9%84-%d8%a8%d9%8a%d9%86-%d8%aa%d8%b3%d9%88%d9%8a-1744186.html,
سؤال يطرحه  جميع المغاربة لماذا الحكومة  تدعم  المستوردين  أصحاب الشكارة واسعار الاغنام  مرتفعة  جدا بالمقارنة  مع أسعار ا10 السنوات  الأخيرة  المواطن الفقير أصبح غير في مقدرته شراء اضحية العيد ب3500 درهم   بسبب فوضى الاسعار ودخول  الشناقة والشلاهبية الأسواق الغير المنضمة  مع الاسف,تعليمات جديدة تراهن على الفصل بين تسويق الماشية والأحياء السكنية,https://www.hespress.com/%d8%aa%d8%b9%d9%84%d9%8a%d9%85%d8%a7%d8%aa-%d8%ac%d8%af%d9%8a%d8%af%d8%a9-%d8%aa%d8%b1%d8%a7%d9%87%d9%86-%d8%b9%d9%84%d9%89-%d8%a7%d9%84%d9%81%d8%b5%d9%84-%d8%a8%d9%8a%d9%86-%d8%aa%d8%b3%d9%88%d9%8a-1744186.html,
انا بعدا المدام عندي شرات راحتها و قالت بلاش حتى هذ العام.. ارتاحت من االشقا نهار العيد…شوية تولف تعيد بلا كبش لا عبو الريح!!! الفلوس نزيدوهوم على ميزانية  العطلة,تعليمات جديدة تراهن على الفصل بين تسويق الماشية والأحياء السكنية,https://www.hespress.com/%d8%aa%d8%b9%d9%84%d9%8a%d9%85%d8%a7%d8%aa-%d8%ac%d8%af%d9%8a%d8%af%d8%a9-%d8%aa%d8%b1%d8%a7%d9%87%d9%86-%d8%b9%d9%84%d9%89-%d8%a7%d9%84%d9%81%d8%b5%d9%84-%d8%a8%d9%8a%d9%86-%d8%aa%d8%b3%d9%88%d9%8a-1744186.html,
كنت في تركيا قبل 2 سنوات و صادفت زيارتي هناك عيد تلأضحى… و صراحة لمزأرى أي مناظر للأوساخ و الفضلات الحيوانية و لم أشاهد أي مناظر لشي الرؤوس و الفراقش في الأزقة…الواضح أن الأتراك وجدوا الحل و المرجو من السلطات المغربية البحث في التجربة التركية…,تعليمات جديدة تراهن على الفصل بين تسويق الماشية والأحياء السكنية,https://www.hespress.com/%d8%aa%d8%b9%d9%84%d9%8a%d9%85%d8%a7%d8%aa-%d8%ac%d8%af%d9%8a%d8%af%d8%a9-%d8%aa%d8%b1%d8%a7%d9%87%d9%86-%d8%b9%d9%84%d9%89-%d8%a7%d9%84%d9%81%d8%b5%d9%84-%d8%a8%d9%8a%d9%86-%d8%aa%d8%b3%d9%88%d9%8a-1744186.html,
رحم الله الفقيدين ضحايا الأفعال الصبيانية لشرذمة البوليزاريو ومن يناصره…. أرجو أن تعمل السلطات جاهدة على تفكيك كل الألغام، ليتنقل المواطن المغربي خاصة أبناء المناطق الجنوبية بكل حرية داخل وطنه العزيزإنا لله وإنا إليه راجعون,انفجار لغم يودي بحياة شخصين بآسا,https://www.hespress.com/%d8%a7%d9%86%d9%81%d8%ac%d8%a7%d8%b1-%d9%84%d8%ba%d9%85-%d9%8a%d9%88%d8%af%d9%8a-%d8%a8%d8%ad%d9%8a%d8%a7%d8%a9-%d8%b4%d8%ae%d8%b5%d9%8a%d9%86-%d8%a8%d8%a2%d8%b3%d8%a7-1745333.html,
هذه من مسؤوليات الدولة، او هكذا المفترض من الدول المسؤولة، سواء كان زرع هذه المتفجرات من طرف الدولة نفسها او اي طرف من الاطراف كيفما كان. المهم اللهم ارحم امواتنا و اموات المسلمين، اما الحساب الحق فيؤجل الى الاخرة عند العليم الحكيم.,انفجار لغم يودي بحياة شخصين بآسا,https://www.hespress.com/%d8%a7%d9%86%d9%81%d8%ac%d8%a7%d8%b1-%d9%84%d8%ba%d9%85-%d9%8a%d9%88%d8%af%d9%8a-%d8%a8%d8%ad%d9%8a%d8%a7%d8%a9-%d8%b4%d8%ae%d8%b5%d9%8a%d9%86-%d8%a8%d8%a2%d8%b3%d8%a7-1745333.html,
الى المــعــــلق2عن اي مسوءلية للدولة تتحدث؟عندما تبث لوحات تنبيه في كل مكان مكتوب عليها “خطر الموت” ثمجي انت ودخل اشتف عليها وسير دور وملي تفرقع قول لي “مسؤولية اللدولة” ؟,انفجار لغم يودي بحياة شخصين بآسا,https://www.hespress.com/%d8%a7%d9%86%d9%81%d8%ac%d8%a7%d8%b1-%d9%84%d8%ba%d9%85-%d9%8a%d9%88%d8%af%d9%8a-%d8%a8%d8%ad%d9%8a%d8%a7%d8%a9-%d8%b4%d8%ae%d8%b5%d9%8a%d9%86-%d8%a8%d8%a2%d8%b3%d8%a7-1745333.html,
إذا كانت الألغام من العدو…فلا داعي لتلك الصفقات المليارية التي تهدر في الأسلحة…وكفانا ذل بين الفتنة والحين يقتل أبناء الوطن على الحدود الجزائرية أو الحدود الصحراوية كما صار مؤخرا في مدينة السمارة ولتنفق تلك الأموال عل عيش المواطن الذي يقتات من الفتات…أما إن كانت الألغام ألغامنا فالمسؤولية مشتركة بين السلطة وأهلها من حيث التوعية ولوحات التشوير….,انفجار لغم يودي بحياة شخصين بآسا,https://www.hespress.com/%d8%a7%d9%86%d9%81%d8%ac%d8%a7%d8%b1-%d9%84%d8%ba%d9%85-%d9%8a%d9%88%d8%af%d9%8a-%d8%a8%d8%ad%d9%8a%d8%a7%d8%a9-%d8%b4%d8%ae%d8%b5%d9%8a%d9%86-%d8%a8%d8%a2%d8%b3%d8%a7-1745333.html,
بعض المعلقين يكتبون أشياء من فضاء خيالهم ، هذه الالغام قديمة منذ فترة الحرب بين القوات المسلحة الملكية و الكراغلة ومرتزقتهم الذين أرادوا بكل الطرق احتلال جنوب المغرب ، وزرع الالغام كان خطة ردعية لمواجهة ذلك الزحف لانه في تلك الحقبة بين السبعينات والثمانينات كانت البوليساريو تتلقى دعم كبير من دول كثيرة والقوات المسلحة خاضت حرب استنزاف وكان من الصعب مواجهة دول متحالفة عليك بقدرات عسكرية محدودة ، هذه لمحة تاريخيّة على سبب وجود الالغام التي حصدت ارواح كثيرة واتذكر متسابق فرنسي في رالي داكار أواخر التسعينات انفجر لغم تحت سيارته قرب تلك المنطقة وتوفي وأدى ذلك الحادث لتغيير مسار رالي باريس داكار ونقله لأمريكا الجنوبية، يعني جيران السوء هم من تسبب في وجود تلك الالغام ، لو كان عندنا جيران مسالمين لما وجدنا تلك الالغام .,انفجار لغم يودي بحياة شخصين بآسا,https://www.hespress.com/%d8%a7%d9%86%d9%81%d8%ac%d8%a7%d8%b1-%d9%84%d8%ba%d9%85-%d9%8a%d9%88%d8%af%d9%8a-%d8%a8%d8%ad%d9%8a%d8%a7%d8%a9-%d8%b4%d8%ae%d8%b5%d9%8a%d9%86-%d8%a8%d8%a2%d8%b3%d8%a7-1745333.html,
ضننت ان الصحراء كلها مغربية، وجود الألغام دليل على تواجد البوليزاريو بقوة في الصحراء.اذن حذاري.,انفجار لغم يودي بحياة شخصين بآسا,https://www.hespress.com/%d8%a7%d9%86%d9%81%d8%ac%d8%a7%d8%b1-%d9%84%d8%ba%d9%85-%d9%8a%d9%88%d8%af%d9%8a-%d8%a8%d8%ad%d9%8a%d8%a7%d8%a9-%d8%b4%d8%ae%d8%b5%d9%8a%d9%86-%d8%a8%d8%a2%d8%b3%d8%a7-1745333.html,
لماذا الحكومة والدولة لاتهتم بالوضعية المزرية للمتقاعدين ولاتريد تحسين وضعيتم على غرار مافعلت بسخاء مع كل الفءات من المزاولين ؟؟لماذا هذا التمييز ؟لماذا هذا هذا التهميش لفءة المتقاعدين المجمدة معاشاتهم منذ اكثر من ربع قرن ؟؟؟,شوكي: الحكومة تواصل التقدم في الحماية الاجتماعية والإصلاحات القطاعية,https://www.hespress.com/%d8%b4%d9%88%d9%83%d9%8a-%d8%a7%d9%84%d8%ad%d9%83%d9%88%d9%85%d8%a9-%d8%aa%d9%88%d8%a7%d8%b5%d9%84-%d8%a7%d9%84%d8%aa%d9%82%d8%af%d9%85-%d9%81%d9%8a-%d8%a7%d9%84%d8%ad%d9%85%d8%a7%d9%8a%d8%a9-%d8%a7-1744804.html,
الحمد لله حنا خدامين في تارودانت ب 400 درهم للنهارههههه,شوكي: الحكومة تواصل التقدم في الحماية الاجتماعية والإصلاحات القطاعية,https://www.hespress.com/%d8%b4%d9%88%d9%83%d9%8a-%d8%a7%d9%84%d8%ad%d9%83%d9%88%d9%85%d8%a9-%d8%aa%d9%88%d8%a7%d8%b5%d9%84-%d8%a7%d9%84%d8%aa%d9%82%d8%af%d9%85-%d9%81%d9%8a-%d8%a7%d9%84%d8%ad%d9%85%d8%a7%d9%8a%d8%a9-%d8%a7-1744804.html,
يقول الحق سبحانه ” وَلَقَدْ خَلَقْنَا الْإِنسَانَ وَنَعْلَمُ مَا تُوَسْوِسُ بِهِ نَفْسُهُ ۖ وَنَحْنُ أَقْرَبُ إِلَيْهِ مِنْ حَبْلِ الْوَرِيدِ (16) إِذْ يَتَلَقَّى الْمُتَلَقِّيَانِ عَنِ الْيَمِينِ وَعَنِ الشِّمَالِ قَعِيدٌ (17) مَّا يَلْفِظُ مِن قَوْلٍ إِلَّا لَدَيْهِ رَقِيبٌ عَتِيدٌ (18) وَجَاءَتْ سَكْرَةُ الْمَوْتِ بِالْحَقِّ ۖ ذَٰلِكَ مَا كُنتَ مِنْهُ تَحِيدُ ”قل ماشئت فإن كتاب كل واحد  لن يطوى إلا بحلول الأجل ولن يغادر كبيرة و لا صغيرة إلا أحصاها,شوكي: الحكومة تواصل التقدم في الحماية الاجتماعية والإصلاحات القطاعية,https://www.hespress.com/%d8%b4%d9%88%d9%83%d9%8a-%d8%a7%d9%84%d8%ad%d9%83%d9%88%d9%85%d8%a9-%d8%aa%d9%88%d8%a7%d8%b5%d9%84-%d8%a7%d9%84%d8%aa%d9%82%d8%af%d9%85-%d9%81%d9%8a-%d8%a7%d9%84%d8%ad%d9%85%d8%a7%d9%8a%d8%a9-%d8%a7-1744804.html,
لا أثر على ما تزعمون في أرض الواقع، إنكم تبيعون الأوهام، وتضحكون على من يصدّقونكم. لقد ملأتم جيوبكم ، وتركتم الشريحة الواسعة تعاني من ألم ضرباتكم.شعارات وبرامج مهمة رفعتموها في الانتخابات السابقة، لا أثر لما كنتم تروجون له على الميدان.وتبررون ذلك بزلزال الحوز وندرة التساقطات.,شوكي: الحكومة تواصل التقدم في الحماية الاجتماعية والإصلاحات القطاعية,https://www.hespress.com/%d8%b4%d9%88%d9%83%d9%8a-%d8%a7%d9%84%d8%ad%d9%83%d9%88%d9%85%d8%a9-%d8%aa%d9%88%d8%a7%d8%b5%d9%84-%d8%a7%d9%84%d8%aa%d9%82%d8%af%d9%85-%d9%81%d9%8a-%d8%a7%d9%84%d8%ad%d9%85%d8%a7%d9%8a%d8%a9-%d8%a7-1744804.html,
تخلصو مزيان حتا لي خدامين بقاو هي لمتقاعدين لي مرتاحين ماتيديرو والو,شوكي: الحكومة تواصل التقدم في الحماية الاجتماعية والإصلاحات القطاعية,https://www.hespress.com/%d8%b4%d9%88%d9%83%d9%8a-%d8%a7%d9%84%d8%ad%d9%83%d9%88%d9%85%d8%a9-%d8%aa%d9%88%d8%a7%d8%b5%d9%84-%d8%a7%d9%84%d8%aa%d9%82%d8%af%d9%85-%d9%81%d9%8a-%d8%a7%d9%84%d8%ad%d9%85%d8%a7%d9%8a%d8%a9-%d8%a7-1744804.html,
رايكم قصيتو الشباب من التعليم ودرتو شرط السن….وأصبح عرضة الاستغلال من طرف الفراقشية …,شوكي: الحكومة تواصل التقدم في الحماية الاجتماعية والإصلاحات القطاعية,https://www.hespress.com/%d8%b4%d9%88%d9%83%d9%8a-%d8%a7%d9%84%d8%ad%d9%83%d9%88%d9%85%d8%a9-%d8%aa%d9%88%d8%a7%d8%b5%d9%84-%d8%a7%d9%84%d8%aa%d9%82%d8%af%d9%85-%d9%81%d9%8a-%d8%a7%d9%84%d8%ad%d9%85%d8%a7%d9%8a%d8%a9-%d8%a7-1744804.html,
أنا كيبان ليا باللي هاد السيد غا معاودين ليه على هادشي الحماية الاجتماعية و حكومة اجتماعية و الحصيلة و الحصلة المهم المهم يقول المثل الشعبي لعشا لبنين ريحتو كتعطي من العاصر,شوكي: الحكومة تواصل التقدم في الحماية الاجتماعية والإصلاحات القطاعية,https://www.hespress.com/%d8%b4%d9%88%d9%83%d9%8a-%d8%a7%d9%84%d8%ad%d9%83%d9%88%d9%85%d8%a9-%d8%aa%d9%88%d8%a7%d8%b5%d9%84-%d8%a7%d9%84%d8%aa%d9%82%d8%af%d9%85-%d9%81%d9%8a-%d8%a7%d9%84%d8%ad%d9%85%d8%a7%d9%8a%d8%a9-%d8%a7-1744804.html,
وعن أي إصلاحات تتكلمون وأنتم تبررون دائما عجزكم وعدم قدرتكم على تنزيل وعودكم بأسباب سإمنا سماعها كالزلزال،  الجفاف،  الارتفاع المهول للأسعار بسبب التقلبات الدولية والحرب في الخليج ووووو والحقيقة يعرفها غالب المواطنين الذين يعانون من سبب سوء تدبيركم للشأن العام.حبدا لو كنتم صرحاء مع ضماءركم وتعترفون بفشلكم وبمسؤوليتكم بكل ما وقع من تدهور منذ توليكم مسؤولية الشأن العام.,شوكي: الحكومة تواصل التقدم في الحماية الاجتماعية والإصلاحات القطاعية,https://www.hespress.com/%d8%b4%d9%88%d9%83%d9%8a-%d8%a7%d9%84%d8%ad%d9%83%d9%88%d9%85%d8%a9-%d8%aa%d9%88%d8%a7%d8%b5%d9%84-%d8%a7%d9%84%d8%aa%d9%82%d8%af%d9%85-%d9%81%d9%8a-%d8%a7%d9%84%d8%ad%d9%85%d8%a7%d9%8a%d8%a9-%d8%a7-1744804.html,
سي محمد اشمن دولة عفاك علاش كتهضر واش سويسرا ولا سويد؟,شوكي: الحكومة تواصل التقدم في الحماية الاجتماعية والإصلاحات القطاعية,https://www.hespress.com/%d8%b4%d9%88%d9%83%d9%8a-%d8%a7%d9%84%d8%ad%d9%83%d9%88%d9%85%d8%a9-%d8%aa%d9%88%d8%a7%d8%b5%d9%84-%d8%a7%d9%84%d8%aa%d9%82%d8%af%d9%85-%d9%81%d9%8a-%d8%a7%d9%84%d8%ad%d9%85%d8%a7%d9%8a%d8%a9-%d8%a7-1744804.html,
زعما حنا عايشين في المريخ .بقات ف اللبسة والكستيم,شوكي: الحكومة تواصل التقدم في الحماية الاجتماعية والإصلاحات القطاعية,https://www.hespress.com/%d8%b4%d9%88%d9%83%d9%8a-%d8%a7%d9%84%d8%ad%d9%83%d9%88%d9%85%d8%a9-%d8%aa%d9%88%d8%a7%d8%b5%d9%84-%d8%a7%d9%84%d8%aa%d9%82%d8%af%d9%85-%d9%81%d9%8a-%d8%a7%d9%84%d8%ad%d9%85%d8%a7%d9%8a%d8%a9-%d8%a7-1744804.html,
أضم صوتي إلى صاحب التعليق**الخبر مقدس و التعليق حر**عار على كل مسؤول حكومي لم يفكر في انصاف المتقاعدين عبر الرفع من معاشاتهم.إنه تمييز مس كرامة المتقاعدين.كان على المتقاعدين التوجه بعشرات الآلاف للرباط و المكوث هناك ليل نهار الى غاية الإستجابة لمطلبهم.هناك ظلم آخر يتعلق بالدولة الإجتماعية ألا و هي غياب التغطية الصحية بالنسبة لمن فقد عمله و مرت مدة 3ثلاثة أشهر دون العثور على فرصة عمل أخرى بحيث يتم تعليق الإستفادة من التغطية الصحية.فما العمل إن مرض..؟؟؟ و هذا ما حدث لإبنة جارتنا حين نقلها مغمى عليها بسبب النزول الحاد لنسبة السكر في الدم لتقضي ليلة واحد بالمستشفى المدني بتطوان و عند الخروج فرضوا عليها أداء 220درهما مقابل التحاليل و 250 درهما مقابل ليلة في المستشفى ،لم تجد الأم بما تؤدي الفاتورة فهددوها باللجوء للسلطة.,شوكي: الحكومة تواصل التقدم في الحماية الاجتماعية والإصلاحات القطاعية,https://www.hespress.com/%d8%b4%d9%88%d9%83%d9%8a-%d8%a7%d9%84%d8%ad%d9%83%d9%88%d9%85%d8%a9-%d8%aa%d9%88%d8%a7%d8%b5%d9%84-%d8%a7%d9%84%d8%aa%d9%82%d8%af%d9%85-%d9%81%d9%8a-%d8%a7%d9%84%d8%ad%d9%85%d8%a7%d9%8a%d8%a9-%d8%a7-1744804.html,
هادي حصلة ماشي حصيلة، لم نر أي أثر لإنجازات حزبكم وحكومتكم سوى تدعيم فراقشية الخضر والفواكه والمازوت وليصانص والعقار وغيرها، وسحق الطبقة المتوسطة، وبالمناسبة سي شوكي اين وصلت التحقيقات بشأن الشكاية التي وجهها رشيد الفايق رئيس جماعة أولاد الطيب التي قدمها محاميه سي محمد حاسي إلى النيابة العامة بشأن ما وقع بمرآب السوق المممتاز مارجان طريق إيموزار بجوار ديكاطلون؟,شوكي: الحكومة تواصل التقدم في الحماية الاجتماعية والإصلاحات القطاعية,https://www.hespress.com/%d8%b4%d9%88%d9%83%d9%8a-%d8%a7%d9%84%d8%ad%d9%83%d9%88%d9%85%d8%a9-%d8%aa%d9%88%d8%a7%d8%b5%d9%84-%d8%a7%d9%84%d8%aa%d9%82%d8%af%d9%85-%d9%81%d9%8a-%d8%a7%d9%84%d8%ad%d9%85%d8%a7%d9%8a%d8%a9-%d8%a7-1744804.html,
الصناديق الاجتماعية والتقاعدية تستوجب الانخراط الوثيق الاشخاص النشيطين الذاتيين و   المؤسسات الاقتصادية المستقلة عن طريق المساهمة  تأدية واجباتهم المتعلقة بالصناديق الوطنية التقاعد والصحة وغيرها من الضرائب.ثروة البلاد كيفما كان هي المشاركة في الصناديق الاتمانية والاجتماعية من حيث الصحة والتقاعد والضراءب وغيرها وليس ما  يروج له من العقليات الشعبوية التي تعتمد على ريع الثروات الطبيعية.,شوكي: الحكومة تواصل التقدم في الحماية الاجتماعية والإصلاحات القطاعية,https://www.hespress.com/%d8%b4%d9%88%d9%83%d9%8a-%d8%a7%d9%84%d8%ad%d9%83%d9%88%d9%85%d8%a9-%d8%aa%d9%88%d8%a7%d8%b5%d9%84-%d8%a7%d9%84%d8%aa%d9%82%d8%af%d9%85-%d9%81%d9%8a-%d8%a7%d9%84%d8%ad%d9%85%d8%a7%d9%8a%d8%a9-%d8%a7-1744804.html,
مادام نشاهد في بلدنا أن العلاج والعمليات الجراحية ليست مجانا وأن المغاربة يتوسلون المحسنين من أجل العمليه أو سكانير وأدويه،ومادام نشاهد الشباب بإجازتهم وماستير ولا يجدون العمل ويفكرون الهروب للضفه الأخرى في قوارب الموت،فأعلموا أن الحكومه لا تواصل التقدم نحو إصلاح البلاد. فأعلموا أنهم يريدون الفساد أن يتفشى.,شوكي: الحكومة تواصل التقدم في الحماية الاجتماعية والإصلاحات القطاعية,https://www.hespress.com/%d8%b4%d9%88%d9%83%d9%8a-%d8%a7%d9%84%d8%ad%d9%83%d9%88%d9%85%d8%a9-%d8%aa%d9%88%d8%a7%d8%b5%d9%84-%d8%a7%d9%84%d8%aa%d9%82%d8%af%d9%85-%d9%81%d9%8a-%d8%a7%d9%84%d8%ad%d9%85%d8%a7%d9%8a%d8%a9-%d8%a7-1744804.html,
هذا ما يسمى الضحك على الدقون او التريكيل على من كتريكلو دابا؟. كم عدد المتسولين والطلابين والبطاليين؟ كيف تمت مضاعفة عددهم في السنوات الأخيرة واش هادوك آلاف المتسويلين خدامين في التغطية الإجتماعية لي حاطين فيها صحيبتكم في الحزب مديرة على سجل الإجتماعي. انتم تستحقون متابعة قضائية في شأن نشر الاكاذيبب وحصيلة كاذبة وفي شأن كل ما تلفقونه من حصيلات زائفة لا محل لها من الاعراب وفي شأن الاستهتار واستفراز شعب بكامله يعرف جيدا حصيلتكم,شوكي: الحكومة تواصل التقدم في الحماية الاجتماعية والإصلاحات القطاعية,https://www.hespress.com/%d8%b4%d9%88%d9%83%d9%8a-%d8%a7%d9%84%d8%ad%d9%83%d9%88%d9%85%d8%a9-%d8%aa%d9%88%d8%a7%d8%b5%d9%84-%d8%a7%d9%84%d8%aa%d9%82%d8%af%d9%85-%d9%81%d9%8a-%d8%a7%d9%84%d8%ad%d9%85%d8%a7%d9%8a%d8%a9-%d8%a7-1744804.html,
سي شوكي، الحكومة تواصل الإصلاحات في جميع المجالات، وسنكون دائمًا بجانبها كما كانت بجانب المواطنين في أصعب الأزمات. الوطن يحتاج إلى العمل والاستقرار وتغليب المصلحة العليا، والله يوفقكم لما فيه خير البلاد والعباد.,شوكي: الحكومة تواصل التقدم في الحماية الاجتماعية والإصلاحات القطاعية,https://www.hespress.com/%d8%b4%d9%88%d9%83%d9%8a-%d8%a7%d9%84%d8%ad%d9%83%d9%88%d9%85%d8%a9-%d8%aa%d9%88%d8%a7%d8%b5%d9%84-%d8%a7%d9%84%d8%aa%d9%82%d8%af%d9%85-%d9%81%d9%8a-%d8%a7%d9%84%d8%ad%d9%85%d8%a7%d9%8a%d8%a9-%d8%a7-1744804.html,
الشوكي إذا مر في الانتخابات القادمة  فإنه سيوجعنا مثله في ذلك ككفيله اخنوش بشوكه الذي يستلزم منا فترة نيابية من خمس سنوات لتجرع الامه و الم حزبه خلال الفترة المشرفة  على الانتهاء لان الرزق و من معهم اداقونا الويلات و الماسي.,شوكي: الحكومة تواصل التقدم في الحماية الاجتماعية والإصلاحات القطاعية,https://www.hespress.com/%d8%b4%d9%88%d9%83%d9%8a-%d8%a7%d9%84%d8%ad%d9%83%d9%88%d9%85%d8%a9-%d8%aa%d9%88%d8%a7%d8%b5%d9%84-%d8%a7%d9%84%d8%aa%d9%82%d8%af%d9%85-%d9%81%d9%8a-%d8%a7%d9%84%d8%ad%d9%85%d8%a7%d9%8a%d8%a9-%d8%a7-1744804.html,
يحق له قول ذلك لأنه لأ يعلم أي شيء  عن المتقاعد المنهك المهان بمعاش  هزيل ولا على البطالة والعوانس والغلاء والفساد واللوبيات و و و وغير ذلك.,شوكي: الحكومة تواصل التقدم في الحماية الاجتماعية والإصلاحات القطاعية,https://www.hespress.com/%d8%b4%d9%88%d9%83%d9%8a-%d8%a7%d9%84%d8%ad%d9%83%d9%88%d9%85%d8%a9-%d8%aa%d9%88%d8%a7%d8%b5%d9%84-%d8%a7%d9%84%d8%aa%d9%82%d8%af%d9%85-%d9%81%d9%8a-%d8%a7%d9%84%d8%ad%d9%85%d8%a7%d9%8a%d8%a9-%d8%a7-1744804.html,
حكومة أجتماعية ودليل غلاء الأسعار والبطالة والهجرة والفرجة على مواطن وهو يحتضر حسبي الله ونعم الوكيل,شوكي: الحكومة تواصل التقدم في الحماية الاجتماعية والإصلاحات القطاعية,https://www.hespress.com/%d8%b4%d9%88%d9%83%d9%8a-%d8%a7%d9%84%d8%ad%d9%83%d9%88%d9%85%d8%a9-%d8%aa%d9%88%d8%a7%d8%b5%d9%84-%d8%a7%d9%84%d8%aa%d9%82%d8%af%d9%85-%d9%81%d9%8a-%d8%a7%d9%84%d8%ad%d9%85%d8%a7%d9%8a%d8%a9-%d8%a7-1744804.html,
عن أي دولة اجتماعية تتكلم ياهذا؟.هذه أصبحت دولة متوحشة رأسمالبة أكثر من الولايات المتحدة الأمريكية  . اتق الله في نفسك. كفى كذبا. زعبمكم انسحب لانه فشل في كل شيء. خدم مصالحه و ربح الملايير من صفقات و اسعار غالية جدا. اكتوى بها الشعب الذي اصبح مغلوب على أمره. ضربة وراء أخرى.اخرج الى الواقع لترى الحقيقة.,شوكي: الحكومة تواصل التقدم في الحماية الاجتماعية والإصلاحات القطاعية,https://www.hespress.com/%d8%b4%d9%88%d9%83%d9%8a-%d8%a7%d9%84%d8%ad%d9%83%d9%88%d9%85%d8%a9-%d8%aa%d9%88%d8%a7%d8%b5%d9%84-%d8%a7%d9%84%d8%aa%d9%82%d8%af%d9%85-%d9%81%d9%8a-%d8%a7%d9%84%d8%ad%d9%85%d8%a7%d9%8a%d8%a9-%d8%a7-1744804.html,
فريق الكوكب تراجع مستواه كثيرا، لاعبين دون المستوى و مدرب بدون خطة,يعقوب المنصور يهزم الكوكب المراكشي,https://www.hespress.com/%d9%8a%d8%b9%d9%82%d9%88%d8%a8-%d8%a7%d9%84%d9%85%d9%86%d8%b5%d9%88%d8%b1-%d9%8a%d9%87%d8%b2%d9%85-%d8%a7%d9%84%d9%83%d9%88%d9%83%d8%a8-%d8%a7%d9%84%d9%85%d8%b1%d8%a7%d9%83%d8%b4%d9%8a-1745414.html,
فريق يعقوب المنصور يقدم عدة مقابلات ممتازة ويستحق التنويه ويلعب كرة عصرية ولا يركن لدفاع  أحسن وأفضل من عدة فرق رغم ضعف الامكانيات وغياب الجمهور,يعقوب المنصور يهزم الكوكب المراكشي,https://www.hespress.com/%d9%8a%d8%b9%d9%82%d9%88%d8%a8-%d8%a7%d9%84%d9%85%d9%86%d8%b5%d9%88%d8%b1-%d9%8a%d9%87%d8%b2%d9%85-%d8%a7%d9%84%d9%83%d9%88%d9%83%d8%a8-%d8%a7%d9%84%d9%85%d8%b1%d8%a7%d9%83%d8%b4%d9%8a-1745414.html,
فريق الكوكب لا يتوفر على لاعبين ممتازين بإمكانهم تقديم الإضافية للفريق، لاعبين يستحقون اللعب في قسم الهوات.,يعقوب المنصور يهزم الكوكب المراكشي,https://www.hespress.com/%d9%8a%d8%b9%d9%82%d9%88%d8%a8-%d8%a7%d9%84%d9%85%d9%86%d8%b5%d9%88%d8%b1-%d9%8a%d9%87%d8%b2%d9%85-%d8%a7%d9%84%d9%83%d9%88%d9%83%d8%a8-%d8%a7%d9%84%d9%85%d8%b1%d8%a7%d9%83%d8%b4%d9%8a-1745414.html,
الفريق المراكشي فريق منفوخ فيه بزاف ، انتصر على نهضة بركان فأصيب بالغرور  تسحابلو صافي قضاها,يعقوب المنصور يهزم الكوكب المراكشي,https://www.hespress.com/%d9%8a%d8%b9%d9%82%d9%88%d8%a8-%d8%a7%d9%84%d9%85%d9%86%d8%b5%d9%88%d8%b1-%d9%8a%d9%87%d8%b2%d9%85-%d8%a7%d9%84%d9%83%d9%88%d9%83%d8%a8-%d8%a7%d9%84%d9%85%d8%b1%d8%a7%d9%83%d8%b4%d9%8a-1745414.html,
ما يقع في الطرقات هي صورة حقيقية لما يوجد عليه البلد ككل من تسيب واستهتار وفوضى وفساد وانعدام الردع والمحسوبية وانعدام تطبيق القانون وغياب الصرامة في مختلف الميادين وعلى كل المستويات زيادة على اهتراء البنيات التحتية المتعلقة بالطرقات عبر مختلف المناطق وصارت غير صالحة للسير والجولات بسبب انعدام الإصلاح والإهمال و لما تمثله من خطورة فائقة في بعض المحاور الوطنية التي لم يطلها اي إصلاح مثلا فاس مراكش عبر خنيفرة ومكناس طنجة عبر سيدي قاسم وفأس الحسيمة عبر تاىونات والحسيمة  الشاون عبر باب برد ومكناس الراشدية عبر ميدلت  ومراكش ورزازات هذه المحاور تعرف خللا كبيرا رغم أهميتها البالغة,"المغرب و""حرب الطرقات"" .. مجهودات متواصلة ونتائج دون الطموحات",https://www.hespress.com/%d8%a7%d9%84%d9%85%d8%ba%d8%b1%d8%a8-%d9%88%d8%ad%d8%b1%d8%a8-%d8%a7%d9%84%d8%b7%d8%b1%d9%82%d8%a7%d8%aa-%d9%85%d8%ac%d9%87%d9%88%d8%af%d8%a7%d8%aa-%d9%85%d8%aa%d9%88%d8%a7%d8%b5%d9%84%d8%a9-1742960.html,
معضلة حوادث السير لا يمكن أن تحل إلا بالعصا، أي خارج القانون. أما الاكتغاء بفرض غرامات و بث وصلات التوعية فلن يكون كفبلا بوقف حرب الطرقات,"المغرب و""حرب الطرقات"" .. مجهودات متواصلة ونتائج دون الطموحات",https://www.hespress.com/%d8%a7%d9%84%d9%85%d8%ba%d8%b1%d8%a8-%d9%88%d8%ad%d8%b1%d8%a8-%d8%a7%d9%84%d8%b7%d8%b1%d9%82%d8%a7%d8%aa-%d9%85%d8%ac%d9%87%d9%88%d8%af%d8%a7%d8%aa-%d9%85%d8%aa%d9%88%d8%a7%d8%b5%d9%84%d8%a9-1742960.html,
الإنسان الإنسان ثم الإنسان وجب الاستثمار في البشر بالتوعية و التعليم و القانون و الضرب بيد من شوك,"المغرب و""حرب الطرقات"" .. مجهودات متواصلة ونتائج دون الطموحات",https://www.hespress.com/%d8%a7%d9%84%d9%85%d8%ba%d8%b1%d8%a8-%d9%88%d8%ad%d8%b1%d8%a8-%d8%a7%d9%84%d8%b7%d8%b1%d9%82%d8%a7%d8%aa-%d9%85%d8%ac%d9%87%d9%88%d8%af%d8%a7%d8%aa-%d9%85%d8%aa%d9%88%d8%a7%d8%b5%d9%84%d8%a9-1742960.html,
المشكل في العقليات،عدوانية ومتهورة ولاتحترم نظام السير في الطرقات….لا تسامح ولا تقديم الآخر،فقط الأنانية والعدوانية،وثقافة طلب الإعتذار منعدمة تماما الا القلة القليلة.يخطئ في حقك على الطريق ولما تنبهه على خطئه،لايتقبل الامر،ويعتبر ذلك تدخل في شؤونه،وينقلب الامر الى مشاداة،عوض ان يطلب المسامحة بحركة بسيطة تطفئ غضب الضحية.لكن يعتبرون الإعتذار ضعفا؟!لاحول ولاقوة الا بالله اصبحنا نعاني في مدينة كمراكش،اكتظاظ مروري،فوضى عارمة،تسيب واضح،أشباه بشر يفرون ويمرون بدراجاتهم وسياراتهم من اي مكان،كثرة السيارات والدراجات،اختناقات مرورية،سب وشتم هنا وهناك،تراضخ مادي او بشري بين السيارات،والسيارات والدراجات،والدراجات فيما بينهم.المتر الواحد تقطعه سالما بدون مشكل،ربح وتوفيق لك في الطريق…؟!الى درجة انني أصبحت أتنازل عن السيارة والدراجة النارية،وأقضي أغراضي على الأوتوبيس،والله،راحة نفسية من حرب الطريق،رغم التأخر والطواف الكبير عبر الاحياء السكنية،لكن يهون أمام خطورة السياقة بهاته المدينة الغول!!!!,"المغرب و""حرب الطرقات"" .. مجهودات متواصلة ونتائج دون الطموحات",https://www.hespress.com/%d8%a7%d9%84%d9%85%d8%ba%d8%b1%d8%a8-%d9%88%d8%ad%d8%b1%d8%a8-%d8%a7%d9%84%d8%b7%d8%b1%d9%82%d8%a7%d8%aa-%d9%85%d8%ac%d9%87%d9%88%d8%af%d8%a7%d8%aa-%d9%85%d8%aa%d9%88%d8%a7%d8%b5%d9%84%d8%a9-1742960.html,
الارقام المسجلة في مجال حوادث السير تعكس بكل وضوح انعدام  احترام قانون السير.فعقلية المواطن بصفة عامة المتمثلة في التهور وغياب اي حس في احترام القوانين المتعلقة في  المجالات التي يتشارك المواطنون  في محيطها  من طرقات و شوارع وعمارات سكنية…… ،  حيث ينتشر اللاوعي بضرورة احترام القوانين والضوابط التي تؤطر التعايش المشترك وبالتالي الازبال والتخريب وضحايا حرب الطرقات وووو.حتى السواد الأعظم من مغاربة المهجر يجسدون هذه الظاهرة لكونهم  رغم انهم  قلة في بلدان الاقامة يشكلون نسبة عالية  في  في الحوادث المتعلقة بالسياقة وعدم احترام مبادئ التعايش في محيطهم البيئي والبشري.,"المغرب و""حرب الطرقات"" .. مجهودات متواصلة ونتائج دون الطموحات",https://www.hespress.com/%d8%a7%d9%84%d9%85%d8%ba%d8%b1%d8%a8-%d9%88%d8%ad%d8%b1%d8%a8-%d8%a7%d9%84%d8%b7%d8%b1%d9%82%d8%a7%d8%aa-%d9%85%d8%ac%d9%87%d9%88%d8%af%d8%a7%d8%aa-%d9%85%d8%aa%d9%88%d8%a7%d8%b5%d9%84%d8%a9-1742960.html,
ما محل هاد الهيئة المسؤولة عن محاربة حوادث السير من هاد الكارثة المتلازمة سنة بعد سنة ؟؟؟ أظن أن وجودها من عدمها سواء أحسن حاجة هو إلغاؤها و الإستفادة من الميزانية ديالها في شيء أهم هو عمل قانون منع العربات أكثر من 20 سنة من السير مع عمل فترة انتقالية ديال سنتين و منع من هم في سن فوق 70 سنة من القيادة كذلك ومن يعمل أكثر من 3 حوادث تسبب إصابات جسدية للغير يمنع من القيادة طول حياته.. أما الدراجات النارية لازم نتأكدوا من السرعات ديالها كنلاحظ كاين دراجات تسبق السيارات و ما عندناش البلايك.. يعني سرعتها أكبر من المسرح به و الله أعلم..,"المغرب و""حرب الطرقات"" .. مجهودات متواصلة ونتائج دون الطموحات",https://www.hespress.com/%d8%a7%d9%84%d9%85%d8%ba%d8%b1%d8%a8-%d9%88%d8%ad%d8%b1%d8%a8-%d8%a7%d9%84%d8%b7%d8%b1%d9%82%d8%a7%d8%aa-%d9%85%d8%ac%d9%87%d9%88%d8%af%d8%a7%d8%aa-%d9%85%d8%aa%d9%88%d8%a7%d8%b5%d9%84%d8%a9-1742960.html,
اتذكرون متى بدأت الحكومة المغربية ومؤسساتها بالتوعية ومحاولة الحد من مجازر السياقة في هدا البلد؟؟؟؟؟ لقد مرت سنون والاجهزة الحكومية المختصة تحاول التوعية من اجل إنقاذ الأرواح والعمل على إنهاء او على الاقل التقليل من مجازر السياقة الخطيرة التي يقوم بها الكثير والكثير من السواق المتخلفين الاميين الذين يرتكبون جرائم قتل على الطرقات…وهدا في اعتقادي نتيجة التعليم السيء وعدم فهم خطورة السياقة المتعجرفة على سلامة السائق نفسه قبل ان تكون خطيرة على غيره…لكن دون جدوى ولحد الان فالمغرب يعاني من بلطجية السواق المتعجرفين داخل المدن وخارجها.  ! لا احترام قوانين السير ولا احترام المجال الطرقي المخصص للسيارات والعربات والدرجات النارية او حتى المارة . ففي اي طريق او شارع ترى العشوائية العبور حتى ولو كان الضوء الأحمر! الدراجة النارية على طريق الطرامواي او على طروطوار المخصص للراجلين وفي اغلب الحالات بحضور شرطي او شرطية المرور يعني فوضى ومغامرة في نفس الوقت ! وفي جميع شوارع المملكة ترى الراجلين يعبرون في مناطق غير مخصصة للعبور او تجد سيارات تحتل مساحة اي شارع وكأنها باركين وتبقى هناك أليوم بكامله…!,"المغرب و""حرب الطرقات"" .. مجهودات متواصلة ونتائج دون الطموحات",https://www.hespress.com/%d8%a7%d9%84%d9%85%d8%ba%d8%b1%d8%a8-%d9%88%d8%ad%d8%b1%d8%a8-%d8%a7%d9%84%d8%b7%d8%b1%d9%82%d8%a7%d8%aa-%d9%85%d8%ac%d9%87%d9%88%d8%af%d8%a7%d8%aa-%d9%85%d8%aa%d9%88%d8%a7%d8%b5%d9%84%d8%a9-1742960.html,
لا حل سوى الردع و الغرامات اما التحسيس فلا أحد يابه له او يعيره اي اهتمام. على رجال الامن و الدرك ان ينتشروا في كل الطرقات و يقوموا بواجبهم,"المغرب و""حرب الطرقات"" .. مجهودات متواصلة ونتائج دون الطموحات",https://www.hespress.com/%d8%a7%d9%84%d9%85%d8%ba%d8%b1%d8%a8-%d9%88%d8%ad%d8%b1%d8%a8-%d8%a7%d9%84%d8%b7%d8%b1%d9%82%d8%a7%d8%aa-%d9%85%d8%ac%d9%87%d9%88%d8%af%d8%a7%d8%aa-%d9%85%d8%aa%d9%88%d8%a7%d8%b5%d9%84%d8%a9-1742960.html,
عندما ترى نمادج من البشر تخرب ممتلكات عمومية كالملاعب مثلا، وتحدث الفوضى في أماكن عامة، فاعلم أن نمادج بشرية مشابهة لها خلف مقود السيارات أو الدراجات النارية، فأزمتنا تكمن في انعدام التربية والجهل والانحطاط الأخلاقي. من هذا المنطلق أرى أن ما ينفق على اللجنة الوطنية للوقاية من حوادث السير تبقى موارد مهمة ضائعة، إن ساهمت في شئ فهو لا يتعدى ريع واغتناء غير مشروع للقائمين عليها لا أقل ولا أكثر.,"المغرب و""حرب الطرقات"" .. مجهودات متواصلة ونتائج دون الطموحات",https://www.hespress.com/%d8%a7%d9%84%d9%85%d8%ba%d8%b1%d8%a8-%d9%88%d8%ad%d8%b1%d8%a8-%d8%a7%d9%84%d8%b7%d8%b1%d9%82%d8%a7%d8%aa-%d9%85%d8%ac%d9%87%d9%88%d8%af%d8%a7%d8%aa-%d9%85%d8%aa%d9%88%d8%a7%d8%b5%d9%84%d8%a9-1742960.html,
لماذا تعج طرقاتنا بالرادارات، آخر موديل ،منها ما هو ثابث ومنها ما هو متحرك بواسطة الشرطة والدرك، ومع ذلك نجد حوادث السير في ازدياد مستمر؟ الجواب هو أن الهدف من تلك الأجهزة ،وخاصة منها المتحركة ، ليس هو الحد من عدد حوادث السير ،بل الهدف ،كما فهمه المكلفين به، هو شيء آخر، ولذلك تجد تلك الرادارات المتحركة هي أقرب إلى الكمائن منها إلى وسائل المراقبة والردع.,"المغرب و""حرب الطرقات"" .. مجهودات متواصلة ونتائج دون الطموحات",https://www.hespress.com/%d8%a7%d9%84%d9%85%d8%ba%d8%b1%d8%a8-%d9%88%d8%ad%d8%b1%d8%a8-%d8%a7%d9%84%d8%b7%d8%b1%d9%82%d8%a7%d8%aa-%d9%85%d8%ac%d9%87%d9%88%d8%af%d8%a7%d8%aa-%d9%85%d8%aa%d9%88%d8%a7%d8%b5%d9%84%d8%a9-1742960.html,
موضوع مثير. الوضع في الطرقات هو انعكاس لحالة المرض المجتمعي. رشوة فساد . جهاز المراقبة هو فاسد,"المغرب و""حرب الطرقات"" .. مجهودات متواصلة ونتائج دون الطموحات",https://www.hespress.com/%d8%a7%d9%84%d9%85%d8%ba%d8%b1%d8%a8-%d9%88%d8%ad%d8%b1%d8%a8-%d8%a7%d9%84%d8%b7%d8%b1%d9%82%d8%a7%d8%aa-%d9%85%d8%ac%d9%87%d9%88%d8%af%d8%a7%d8%aa-%d9%85%d8%aa%d9%88%d8%a7%d8%b5%d9%84%d8%a9-1742960.html,
غليو ليصانص ينقص علينا شوية  من الطريق. لا أعمم لكن كمية هائلة من السائقين في منتهى الأنانية وما كاين غير راسي يا راسي. زيد فالمحروقات منها الدولة تدخل شي بركة ومنها ينقص علينا من فالطرق. أصلا حتى بدون حوادث راه الصداع والدخان والضيق وشلا مشاكل جاية من هاذ السيارات اللعينة,"المغرب و""حرب الطرقات"" .. مجهودات متواصلة ونتائج دون الطموحات",https://www.hespress.com/%d8%a7%d9%84%d9%85%d8%ba%d8%b1%d8%a8-%d9%88%d8%ad%d8%b1%d8%a8-%d8%a7%d9%84%d8%b7%d8%b1%d9%82%d8%a7%d8%aa-%d9%85%d8%ac%d9%87%d9%88%d8%af%d8%a7%d8%aa-%d9%85%d8%aa%d9%88%d8%a7%d8%b5%d9%84%d8%a9-1742960.html,
"الحبس سنين طويلة  لردع ,ومنع ماطر شينوا ورموكات فلمدن","المغرب و""حرب الطرقات"" .. مجهودات متواصلة ونتائج دون الطموحات",https://www.hespress.com/%d8%a7%d9%84%d9%85%d8%ba%d8%b1%d8%a8-%d9%88%d8%ad%d8%b1%d8%a8-%d8%a7%d9%84%d8%b7%d8%b1%d9%82%d8%a7%d8%aa-%d9%85%d8%ac%d9%87%d9%88%d8%af%d8%a7%d8%aa-%d9%85%d8%aa%d9%88%d8%a7%d8%b5%d9%84%d8%a9-1742960.html,
شعل الضوء الأحمر وقف الجميع لكن مول الدراجة النارية لا يقف أبدا .. لا في سطوب و لا في الضوء الأحمر و لا في ممر الراجلين.. و لما تنبهه بكلاكسون صغير و تشير إليه ياليدين ما هذا ؟ يرفع يديه في السماء و لا أدري ما يتفوه به من قول السوء ثم يزاحم حتى الذين عبروا الضوء الأخضر من الجهة الأخرى ..هذا باختصار شديد عقلية بعض السائقين المغاربة لا أدري ما نسبتهم المائموية لكن كل يوم أخالطهم في الطرقات..عقليتهم تعني أن تنبههم يُعد  تدخل سافر في شؤونهم الخاصة..و أن القانون وُصع للضعفاء مثلنا  و قليلي الجرأة  مثلنا و حتى قليلي الذكاء مثلنا..**مرض عضال يفتك بعقول المغفلين يحصد أرواحهم و أرواح البريئين الذين ذنبهم  أنهم كانوا في محيطهم لما كانوا يمارسون شر بليتهم**..,"المغرب و""حرب الطرقات"" .. مجهودات متواصلة ونتائج دون الطموحات",https://www.hespress.com/%d8%a7%d9%84%d9%85%d8%ba%d8%b1%d8%a8-%d9%88%d8%ad%d8%b1%d8%a8-%d8%a7%d9%84%d8%b7%d8%b1%d9%82%d8%a7%d8%aa-%d9%85%d8%ac%d9%87%d9%88%d8%af%d8%a7%d8%aa-%d9%85%d8%aa%d9%88%d8%a7%d8%b5%d9%84%d8%a9-1742960.html,
اين هي هذه المجهودات. لو ارادت الدولة القضاء على نصف هذه الكوارث فيكفي قانون بسيط لن يعارضه احد و لم يأثر على احد بمنع كراء الدراجات النارية. اي صاحبها الذي اشتراها فقط من له الحق في قيادتها.سنرتاح من 90% من المتهورين و المراهقين و اللصوص الذين يستعملونها.,"المغرب و""حرب الطرقات"" .. مجهودات متواصلة ونتائج دون الطموحات",https://www.hespress.com/%d8%a7%d9%84%d9%85%d8%ba%d8%b1%d8%a8-%d9%88%d8%ad%d8%b1%d8%a8-%d8%a7%d9%84%d8%b7%d8%b1%d9%82%d8%a7%d8%aa-%d9%85%d8%ac%d9%87%d9%88%d8%af%d8%a7%d8%aa-%d9%85%d8%aa%d9%88%d8%a7%d8%b5%d9%84%d8%a9-1742960.html,
بنادم اللي عايش بيناتنا و ما رباتو لا أسرة لا مدرسة، هو أخطر عدو للمغاربة.,"المغرب و""حرب الطرقات"" .. مجهودات متواصلة ونتائج دون الطموحات",https://www.hespress.com/%d8%a7%d9%84%d9%85%d8%ba%d8%b1%d8%a8-%d9%88%d8%ad%d8%b1%d8%a8-%d8%a7%d9%84%d8%b7%d8%b1%d9%82%d8%a7%d8%aa-%d9%85%d8%ac%d9%87%d9%88%d8%af%d8%a7%d8%aa-%d9%85%d8%aa%d9%88%d8%a7%d8%b5%d9%84%d8%a9-1742960.html,
المجتمع المغربي اصبحت فيه نسبة عالية من العنف في مدارسنا في مستشفيات في ملاعبنا فحوادث السير تدخل في هذا النطاق فهي نوع من العنف المجتمعي,"المغرب و""حرب الطرقات"" .. مجهودات متواصلة ونتائج دون الطموحات",https://www.hespress.com/%d8%a7%d9%84%d9%85%d8%ba%d8%b1%d8%a8-%d9%88%d8%ad%d8%b1%d8%a8-%d8%a7%d9%84%d8%b7%d8%b1%d9%82%d8%a7%d8%aa-%d9%85%d8%ac%d9%87%d9%88%d8%af%d8%a7%d8%aa-%d9%85%d8%aa%d9%88%d8%a7%d8%b5%d9%84%d8%a9-1742960.html,
في نظري ثلاثة أسباب تقف وراء على تضاعف حوادث السير:– البنية التحتية: بنية الطرقات متآكلة ولم تعد تستجيب لعدد المركبات، الذي صار كبيرا مقارنة بالسنوات الماضية.– رخصة السياقة: بعض السماسرة يتوسطون بين المتباري لرخصة السياقة، وبين المسؤولين في مراكز القرار، الشيء الذي يؤدي بالمتباري إلى الحصول على الرخصة بدون مؤهلات السياقة.– المراقبة على الطرقات: افتقار أغلب الطرقات إلى رادارات، تحفز بعض السائقين إلى القيادة بتهور.وكذلك، بعض رجال المراقبة في الطرقات، حين يتم ضبط مخالفة، يتم اختيار السائق بين الغرامة على الأوراق، أو يتم التغاضي بدفع النصف.,"المغرب و""حرب الطرقات"" .. مجهودات متواصلة ونتائج دون الطموحات",https://www.hespress.com/%d8%a7%d9%84%d9%85%d8%ba%d8%b1%d8%a8-%d9%88%d8%ad%d8%b1%d8%a8-%d8%a7%d9%84%d8%b7%d8%b1%d9%82%d8%a7%d8%aa-%d9%85%d8%ac%d9%87%d9%88%d8%af%d8%a7%d8%aa-%d9%85%d8%aa%d9%88%d8%a7%d8%b5%d9%84%d8%a9-1742960.html,
اقولها واكررها وأنا في كامل قوايا العقلية وأنا مسؤول عن كلامي لو أن الدولة تريد أن تنقص من حوادث السير لفعلت…كيف يعقل أنه مثلا في مراكش حيث المدينة معروفة بالدراجات النارية… اغلب أصحاب هذه الدراجات لا يتوفرون على التأمين والسرعة الجنونية والمرور من الاتجاه المعاكس ولا أحد يقف في الضوء الأحمر حتى رجال يحملون معهم ابناءهم ويخاطرون وكذا النساء.. لكن شرطة المرور لا تكثرت لهم كل هم الشرطة هم أصحاب السيارات والطاكسيات…,"المغرب و""حرب الطرقات"" .. مجهودات متواصلة ونتائج دون الطموحات",https://www.hespress.com/%d8%a7%d9%84%d9%85%d8%ba%d8%b1%d8%a8-%d9%88%d8%ad%d8%b1%d8%a8-%d8%a7%d9%84%d8%b7%d8%b1%d9%82%d8%a7%d8%aa-%d9%85%d8%ac%d9%87%d9%88%d8%af%d8%a7%d8%aa-%d9%85%d8%aa%d9%88%d8%a7%d8%b5%d9%84%d8%a9-1742960.html,
حيت الدولة مدارتش باش تحارب حرب الطرقات قدر مدارت باش تحلب المواطنينالمهم عندهوم درهم إدخلو ولي بغا إتقلب إتشقلب,"المغرب و""حرب الطرقات"" .. مجهودات متواصلة ونتائج دون الطموحات",https://www.hespress.com/%d8%a7%d9%84%d9%85%d8%ba%d8%b1%d8%a8-%d9%88%d8%ad%d8%b1%d8%a8-%d8%a7%d9%84%d8%b7%d8%b1%d9%82%d8%a7%d8%aa-%d9%85%d8%ac%d9%87%d9%88%d8%af%d8%a7%d8%aa-%d9%85%d8%aa%d9%88%d8%a7%d8%b5%d9%84%d8%a9-1742960.html,
عندي حل للتقليل من الحوات يجب وضع إشارات او علامات او شئ ما على سيارات الكراء لكي يصبح سائقها معروف و بالتالي نهاية التهور الدي يركبه أبناء السياقة,"المغرب و""حرب الطرقات"" .. مجهودات متواصلة ونتائج دون الطموحات",https://www.hespress.com/%d8%a7%d9%84%d9%85%d8%ba%d8%b1%d8%a8-%d9%88%d8%ad%d8%b1%d8%a8-%d8%a7%d9%84%d8%b7%d8%b1%d9%82%d8%a7%d8%aa-%d9%85%d8%ac%d9%87%d9%88%d8%af%d8%a7%d8%aa-%d9%85%d8%aa%d9%88%d8%a7%d8%b5%d9%84%d8%a9-1742960.html,
أرامكو والشركات البترولية تعرف اكبر الأرباح منذ أزيد من شهور خلت ولعل ما يطبخ وراء الكواليس من غلاء للنفط والمحروقات لربما سيصلنا أنباؤه في الأيام الاحقة…,أرامكو: العالم يجتاز أكبر صدمة طاقية,https://www.hespress.com/%d8%a3%d8%b1%d8%a7%d9%85%d9%83%d9%88-%d8%a7%d9%84%d8%b9%d8%a7%d9%84%d9%85-%d9%8a%d8%ac%d8%aa%d8%a7%d8%b2-%d8%a3%d9%83%d8%a8%d8%b1-%d8%b5%d8%af%d9%85%d8%a9-%d8%b7%d8%a7%d9%82%d9%8a%d8%a9-1745169.html,
نحن في المغرب دائما نعيش الصدمات و الغلاء سواء كانت حرب  او سلم،و كذلك كان العام ممطرا  او جفافا،الشناقة و مول المازوط يتحكمون في 40 مليون مغربي.,أرامكو: العالم يجتاز أكبر صدمة طاقية,https://www.hespress.com/%d8%a3%d8%b1%d8%a7%d9%85%d9%83%d9%88-%d8%a7%d9%84%d8%b9%d8%a7%d9%84%d9%85-%d9%8a%d8%ac%d8%aa%d8%a7%d8%b2-%d8%a3%d9%83%d8%a8%d8%b1-%d8%b5%d8%af%d9%85%d8%a9-%d8%b7%d8%a7%d9%82%d9%8a%d8%a9-1745169.html,
العالم مقبل علي تضخم شديد في الاسعار بما في دلك اسعار الغداء و المواد الاساسية لفترة ممتدة لسنتين متتاليتين يعقبه ركود اقتصادي لمدة قد تصل لثلاث سنوات,أرامكو: العالم يجتاز أكبر صدمة طاقية,https://www.hespress.com/%d8%a3%d8%b1%d8%a7%d9%85%d9%83%d9%88-%d8%a7%d9%84%d8%b9%d8%a7%d9%84%d9%85-%d9%8a%d8%ac%d8%aa%d8%a7%d8%b2-%d8%a3%d9%83%d8%a8%d8%b1-%d8%b5%d8%af%d9%85%d8%a9-%d8%b7%d8%a7%d9%82%d9%8a%d8%a9-1745169.html,
السيد البلوقب إنسان خلوق و ديبلوماسي محنك . في عهده مثل المغرب أحسن تمثيل بهولندا و كان يحظى باحترام كبير.,بلوقي: المغرب يستثمر ثراء الرصيد الحضاري في تعزيز الحضور الدولي,https://www.hespress.com/%d8%a8%d9%84%d9%88%d9%82%d9%8a-%d8%a7%d9%84%d9%85%d8%ba%d8%b1%d8%a8-%d9%8a%d8%b3%d8%aa%d8%ab%d9%85%d8%b1-%d8%ab%d8%b1%d8%a7%d8%a1-%d8%a7%d9%84%d8%b1%d8%b5%d9%8a%d8%af-%d8%a7%d9%84%d8%ad%d8%b6%d8%a7-1744719.html,
يجب تشديد العقوبات على المشاغبين  مثل هذه الافعال تمس بالمكانة التي وصل إليها المغرب في كرة القدم على الصعيد العالمي,الشغب الرياضي يوقف ثلاثة أشخاص,https://www.hespress.com/%d8%a7%d9%84%d8%b4%d8%ba%d8%a8-%d8%a7%d9%84%d8%b1%d9%8a%d8%a7%d8%b6%d9%8a-%d9%8a%d9%88%d9%82%d9%81-%d8%ab%d9%84%d8%a7%d8%ab%d8%a9-%d8%a3%d8%b4%d8%ae%d8%a7%d8%b5-1745098.html,
أنا وكل الأباء نطالب بتطبيق القانون والقصر قبل البالغين نحن عشاق الملاعب مسالمين نصطحب أبناءنا وبناتنا إلى الملاعب ونفرح بملاعبنا وبتجهيزاتها العالمية وتأتي قلة من الخارجين عن القانون يحرموننا من المتعة الرياضية والفرجة فوق الركح الأخضر يكسرون ويخربون ويسبون ويشتمون بل يأتون إلى الملاعب يتأبطون الشر يحملون الأسلحة البيضاء والفؤوس والهراوات والشماريخ الحارقة ويحسبون أنفسهم البطولة وحب الفريق هي التعرض لأنصار الفريق الخصم والتشاجر معهمعلى المخزن أن يتكلف بزعمتء الأنصار وتأطيرهم ومواكبتهم حتى يعلموا وغيرهم أن الاحتفال والفرجة وحب المستديرة هم مجتمون السبيل لخلق مشجع واع ومتصالح مع محيطه وأنصار الفريق الاخر كم من الضحايا ماتوا أو تعوقوا  وفي ذلك فلعتبروا,الشغب الرياضي يوقف ثلاثة أشخاص,https://www.hespress.com/%d8%a7%d9%84%d8%b4%d8%ba%d8%a8-%d8%a7%d9%84%d8%b1%d9%8a%d8%a7%d8%b6%d9%8a-%d9%8a%d9%88%d9%82%d9%81-%d8%ab%d9%84%d8%a7%d8%ab%d8%a9-%d8%a3%d8%b4%d8%ae%d8%a7%d8%b5-1745098.html,
حل بسيط لهادشي حل مجموعات التراس وتطبيق قانون ارهاب عليهم وصدقوني تيرانات غايتنقاو,الشغب الرياضي يوقف ثلاثة أشخاص,https://www.hespress.com/%d8%a7%d9%84%d8%b4%d8%ba%d8%a8-%d8%a7%d9%84%d8%b1%d9%8a%d8%a7%d8%b6%d9%8a-%d9%8a%d9%88%d9%82%d9%81-%d8%ab%d9%84%d8%a7%d8%ab%d8%a9-%d8%a3%d8%b4%d8%ae%d8%a7%d8%b5-1745098.html,
أين هي تلك التعليقات التي لا تتوقف عن الإساءة لجماهير الجيش الملكي؟ هل سمعتم يوماً عن أعمال عنف في شوارع الرباط تسبب فيها جمهور العسكر؟​أين هم أصحاب المواعظ الآن؟ لماذا لا يجرؤون على انتقاد الأفعال الإجرامية لمشجعي الرجاء والوداد التي تقع يومياً في شوارع الدار البيضاء؟ هل شاهدتم الفيديو الذي يظهر فيه شخص بترت رجله بسبب خطورة ذلك الهجوم الإجرامي؟,الشغب الرياضي يوقف ثلاثة أشخاص,https://www.hespress.com/%d8%a7%d9%84%d8%b4%d8%ba%d8%a8-%d8%a7%d9%84%d8%b1%d9%8a%d8%a7%d8%b6%d9%8a-%d9%8a%d9%88%d9%82%d9%81-%d8%ab%d9%84%d8%a7%d8%ab%d8%a9-%d8%a3%d8%b4%d8%ae%d8%a7%d8%b5-1745098.html,
اقسى العقوبات على الأوباش لتطهير المجتمع من هؤلاء وحل الالترات كفى من التسامح,الشغب الرياضي يوقف ثلاثة أشخاص,https://www.hespress.com/%d8%a7%d9%84%d8%b4%d8%ba%d8%a8-%d8%a7%d9%84%d8%b1%d9%8a%d8%a7%d8%b6%d9%8a-%d9%8a%d9%88%d9%82%d9%81-%d8%ab%d9%84%d8%a7%d8%ab%d8%a9-%d8%a3%d8%b4%d8%ae%d8%a7%d8%b5-1745098.html,
بصفتي ساكناً في مدينة الدار البيضاء، أصبحت الحياة لا تطاق في هذه المدينة، ولاسيما في الأحياء الشعبية. فبالإضافة إلى غزو المهاجرين من جنوب الصحراء، لم نعد نتحمل الأفعال الإجرامية لمجموعات “الألتراس” التابعة للرجاء والوداد.​بعد كل مباراة، وبعد كل تجمع، تندلع مواجهات بالأسلحة البيضاء والشهب الاصطناعية، مما يزرع الرعب في نفوس الساكنة التي لا ذنب لها في كل هذا. يجب إيجاد حل سريع، فالأوضاع الحالية لا تبشر بخير أبداً.,الشغب الرياضي يوقف ثلاثة أشخاص,https://www.hespress.com/%d8%a7%d9%84%d8%b4%d8%ba%d8%a8-%d8%a7%d9%84%d8%b1%d9%8a%d8%a7%d8%b6%d9%8a-%d9%8a%d9%88%d9%82%d9%81-%d8%ab%d9%84%d8%a7%d8%ab%d8%a9-%d8%a3%d8%b4%d8%ae%d8%a7%d8%b5-1745098.html,
"في ظل مدرسةٍ مريضة، وإعلامٍ عموميٍّ عقيم، وسياساتٍ لا تعرف سوى المقاربة الزجرية, انعدامُ الحسّ المدني لا ينشأ من فراغ؛ بل يولد من التهميش، والإقصاء، والشعور العميق بالظلم.الاعتقاد بأن الحل أمنيٌّ محض هو تجاهلٌ للواقع. فهذا الجيل المتروك يشكّل قنبلةً موقوتة.وعلى الدولة أن تتعامل مع هذه الظاهرة بجدّية، بمعالجة الأسباب لا الاكتفاء بمواجهة النتائج.وإلا فإن الأزمة ستتجاوز كثيرًا حدود الملاعب.",الشغب الرياضي يوقف ثلاثة أشخاص,https://www.hespress.com/%d8%a7%d9%84%d8%b4%d8%ba%d8%a8-%d8%a7%d9%84%d8%b1%d9%8a%d8%a7%d8%b6%d9%8a-%d9%8a%d9%88%d9%82%d9%81-%d8%ab%d9%84%d8%a7%d8%ab%d8%a9-%d8%a3%d8%b4%d8%ae%d8%a7%d8%b5-1745098.html,
العقوبات ضد اللصوص وقطاع الطرف والمغتصبين في هذه البلاد غير رادعة والان مع العقوبات البديلة سيزيد الاجرام والعنف والفوضى .العفو وتخفيف العقوبات ضد الاوباش وافراغ السجون وملئ الشوارع بها يهدد سلامة المجتمع .يجب تشديد العقوبات السجنية والقصاص والاعمال الشاقة .حقوق الانسان في كل الدول تقع الى جانب الضحايا الا في المغرب احس انها تقف جانب المجرمين .,الشغب الرياضي يوقف ثلاثة أشخاص,https://www.hespress.com/%d8%a7%d9%84%d8%b4%d8%ba%d8%a8-%d8%a7%d9%84%d8%b1%d9%8a%d8%a7%d8%b6%d9%8a-%d9%8a%d9%88%d9%82%d9%81-%d8%ab%d9%84%d8%a7%d8%ab%d8%a9-%d8%a3%d8%b4%d8%ae%d8%a7%d8%b5-1745098.html,
اتسائل لماذا لم تطبق الريادة على القطاع الخاصولماذا سيجرى امتحان السادس الابتدائي في شكلين مختلفينامتحان قطاع خاص و اخر للمدرسة العموميةوهل نحن امام  مشروع نضامين تعليميين خاص و وريادة,"""إعداديات الريادة"" تعتمد آلية إلكترونية جديدة لمراقبة حضور المتمدرسين",https://www.hespress.com/%d8%a5%d8%b9%d8%af%d8%a7%d8%af%d9%8a%d8%a7%d8%aa-%d8%a7%d9%84%d8%b1%d9%8a%d8%a7%d8%af%d8%a9-%d8%aa%d8%b9%d8%aa%d9%85%d8%af-%d8%a2%d9%84%d9%8a%d8%a9-%d8%a5%d9%84%d9%83%d8%aa%d8%b1%d9%88%d9%86%d9%8a-1743965.html,
كيف يمكن تصنيف الغياب إلى مبرر وغير مبرر  بشكل آني والتبرير لا تتوصل به الإدارة إلا بعد استئناف المتغيب لدراسته؟,"""إعداديات الريادة"" تعتمد آلية إلكترونية جديدة لمراقبة حضور المتمدرسين",https://www.hespress.com/%d8%a5%d8%b9%d8%af%d8%a7%d8%af%d9%8a%d8%a7%d8%aa-%d8%a7%d9%84%d8%b1%d9%8a%d8%a7%d8%af%d8%a9-%d8%aa%d8%b9%d8%aa%d9%85%d8%af-%d8%a2%d9%84%d9%8a%d8%a9-%d8%a5%d9%84%d9%83%d8%aa%d8%b1%d9%88%d9%86%d9%8a-1743965.html,
أنا إطار في الإدارة التربوية، و أرى أن هذا الإجراء التفصيلي مبالغ فيه جدا.على أرض الواقع: يكفي مسك الغياب يوميا من قبل الأساتذة على الورق، و مسكه اليومي من قبل الإدارة في مسار مع إجراءاتها المعهودة….و السلام.أما عن الهدر فقصة أكبر من مجرد مسك غياب….,"""إعداديات الريادة"" تعتمد آلية إلكترونية جديدة لمراقبة حضور المتمدرسين",https://www.hespress.com/%d8%a5%d8%b9%d8%af%d8%a7%d8%af%d9%8a%d8%a7%d8%aa-%d8%a7%d9%84%d8%b1%d9%8a%d8%a7%d8%af%d8%a9-%d8%aa%d8%b9%d8%aa%d9%85%d8%af-%d8%a2%d9%84%d9%8a%d8%a9-%d8%a5%d9%84%d9%83%d8%aa%d8%b1%d9%88%d9%86%d9%8a-1743965.html,
لماذا الآن ؟؟؟؟ إذا كانت الوزارة لاتزال في مرحلة “محاربة الهدر” … فهذا شبه اعتراف بفشل المشروع … السؤال المفروض طرحه هو : كيف نعالج اختلالات التطبيق (وما أكثرها) …,"""إعداديات الريادة"" تعتمد آلية إلكترونية جديدة لمراقبة حضور المتمدرسين",https://www.hespress.com/%d8%a5%d8%b9%d8%af%d8%a7%d8%af%d9%8a%d8%a7%d8%aa-%d8%a7%d9%84%d8%b1%d9%8a%d8%a7%d8%af%d8%a9-%d8%aa%d8%b9%d8%aa%d9%85%d8%af-%d8%a2%d9%84%d9%8a%d8%a9-%d8%a5%d9%84%d9%83%d8%aa%d8%b1%d9%88%d9%86%d9%8a-1743965.html,
اية ريادة والمقررات تشبه مستوى ماقبل الابتدائي؟!!أليس في هذا النهج تأخر كبير عما يصل إليه تلاميذ في القطاع الخاص ؟!!!,"""إعداديات الريادة"" تعتمد آلية إلكترونية جديدة لمراقبة حضور المتمدرسين",https://www.hespress.com/%d8%a5%d8%b9%d8%af%d8%a7%d8%af%d9%8a%d8%a7%d8%aa-%d8%a7%d9%84%d8%b1%d9%8a%d8%a7%d8%af%d8%a9-%d8%aa%d8%b9%d8%aa%d9%85%d8%af-%d8%a2%d9%84%d9%8a%d8%a9-%d8%a5%d9%84%d9%83%d8%aa%d8%b1%d9%88%d9%86%d9%8a-1743965.html,
رقمنة الغياب اليومي سيحارب الهدر المدرسي ، كيف الله اعلم، في مؤسسة بها على الاقل 700 تلميذ، و البعض يتجاوز 1400 تلميذ و حارس عام او مختص وحده ، متى و كيف سيدخل الغياب نهاية كل حصة و مكتبه لا يفرغ من استقبال الاباء و شكوى الأساتذة و طلب الوثائق ، اتمنى من السيد القيم على هذه العملية ان ينزل الى أرض الواقع و يرينا كيف تتم هذه العمليه؟ كم سهل ان تفرط في المثاليات و  النزول الى الواقع كابوس مزعج ،,"""إعداديات الريادة"" تعتمد آلية إلكترونية جديدة لمراقبة حضور المتمدرسين",https://www.hespress.com/%d8%a5%d8%b9%d8%af%d8%a7%d8%af%d9%8a%d8%a7%d8%aa-%d8%a7%d9%84%d8%b1%d9%8a%d8%a7%d8%af%d8%a9-%d8%aa%d8%b9%d8%aa%d9%85%d8%af-%d8%a2%d9%84%d9%8a%d8%a9-%d8%a5%d9%84%d9%83%d8%aa%d8%b1%d9%88%d9%86%d9%8a-1743965.html,
باستثناء التعليم الابتدائي ، سيتوقف التلاميذ عن الحضور في الاعدادي و الثانوي بالرغم من اعتماد هذه الالية لعدة اسباب اهمها :– توقف المستويات الاشهادية استعدادا للامتحانات.– اعتماد كثير من التلاميذ على الدروس الخصوصية .– اعتياد التلاميذ على التوقف قبل نهاية الموسم الدراسي وعدم اهتمام الاسر بذلك.– تصرفات بعض الاساتذة التي تدعوا التلاميذ الى التوقف وانهاء الموسم الدراسي.-….,"""إعداديات الريادة"" تعتمد آلية إلكترونية جديدة لمراقبة حضور المتمدرسين",https://www.hespress.com/%d8%a5%d8%b9%d8%af%d8%a7%d8%af%d9%8a%d8%a7%d8%aa-%d8%a7%d9%84%d8%b1%d9%8a%d8%a7%d8%af%d8%a9-%d8%aa%d8%b9%d8%aa%d9%85%d8%af-%d8%a2%d9%84%d9%8a%d8%a9-%d8%a5%d9%84%d9%83%d8%aa%d8%b1%d9%88%d9%86%d9%8a-1743965.html,
لماذا توجد مدارس الريادة في التعليم العمومي دون الخصوصي  ؟ اذا هناك ان . هذا ان ذل على شيء فإنما يذل على ضرب التعليم العمومي  و تذميره,"""إعداديات الريادة"" تعتمد آلية إلكترونية جديدة لمراقبة حضور المتمدرسين",https://www.hespress.com/%d8%a5%d8%b9%d8%af%d8%a7%d8%af%d9%8a%d8%a7%d8%aa-%d8%a7%d9%84%d8%b1%d9%8a%d8%a7%d8%af%d8%a9-%d8%aa%d8%b9%d8%aa%d9%85%d8%af-%d8%a2%d9%84%d9%8a%d8%a9-%d8%a5%d9%84%d9%83%d8%aa%d8%b1%d9%88%d9%86%d9%8a-1743965.html,
على الوزير برادة أن ينزل الى الميدان  أي إلى الاعداديات والثانويات ليرى بام عينيه  الكارثة  . عدد هائل من التلاميذ  يتسكعون بين الاجنحة والساحات الخلفية والممرات داخل المؤسسات حرموا من حصصهم الدراسية وطردوا من اقسامهم وذلك لأسباب تافهة من قبيل أن يتكلم مع زميل له داخل الفصل الدراسي.على الوزير أن يعلم أن الهدر المدرسي بسبب الحرمان من الحصص أكبر بكثير من الهدر المدرسي بسبب الغياب العادي.فقد صارت أدنى حركة يقوم بها التلميذ داخل الفصل تكلفه الاقصاء والاخراج   متبوع بعبارة  (ميدخلش عندي مزال).إلى أين سيذهب هذا التلميذ ؟؟!! . إنه  يتسكعون في أروقة المؤسسات ويعبثون بالممتلكات من قبيل الصنابير وخدش الابواب والكتابة على الجدران وتبذير المياه وقلع مفاتيح المصابيح إلى آخره من  أعمال التخريب.هذه هي الحقيقة المرة !!!,"""إعداديات الريادة"" تعتمد آلية إلكترونية جديدة لمراقبة حضور المتمدرسين",https://www.hespress.com/%d8%a5%d8%b9%d8%af%d8%a7%d8%af%d9%8a%d8%a7%d8%aa-%d8%a7%d9%84%d8%b1%d9%8a%d8%a7%d8%af%d8%a9-%d8%aa%d8%b9%d8%aa%d9%85%d8%af-%d8%a2%d9%84%d9%8a%d8%a9-%d8%a5%d9%84%d9%83%d8%aa%d8%b1%d9%88%d9%86%d9%8a-1743965.html,
إلى التعليق 9، عن أي مؤسسة تتكلم و في اي مدينة؟ هل من الممكن النحديد من فضلك؟,"""إعداديات الريادة"" تعتمد آلية إلكترونية جديدة لمراقبة حضور المتمدرسين",https://www.hespress.com/%d8%a5%d8%b9%d8%af%d8%a7%d8%af%d9%8a%d8%a7%d8%aa-%d8%a7%d9%84%d8%b1%d9%8a%d8%a7%d8%af%d8%a9-%d8%aa%d8%b9%d8%aa%d9%85%d8%af-%d8%a2%d9%84%d9%8a%d8%a9-%d8%a5%d9%84%d9%83%d8%aa%d8%b1%d9%88%d9%86%d9%8a-1743965.html,
لماذا تصر النيابة العامة على اتهام سعد لمجرد رغم ان الادلة واضحة جدا ببرائته….هناك عصابة من الفتيات يتربصن بلاعبي كرة القدم خصوصا لجرهم الى الاغتصاب….لماذا لا يرفع سعد لمجرد دعوى على الفتاة نفسها بتهمة الاغتصاب؟ الى تغتصب المرأة الرجل كذلك؟….,سعد لمجرد يمثل مجدداً أمام القضاء الفرنسي في قضية اتهام بالاغتصاب,https://www.hespress.com/%d8%b3%d8%b9%d8%af-%d9%84%d9%85%d8%ac%d8%b1%d8%af-%d9%8a%d9%85%d8%ab%d9%84-%d9%85%d8%ac%d8%af%d8%af%d8%a7%d9%8b-%d8%a3%d9%85%d8%a7%d9%85-%d8%a7%d9%84%d9%82%d8%b6%d8%a7%d8%a1-%d8%a7%d9%84%d9%81%d8%b1-1745063.html,
للأسف من تكرار هذه الأفعال… فعلا مغني رااائع..لكن للأسف… من الآن فصاعدا أنصح كل من تكون الاضواء و الشهرة مسلطة عليه اقول لهم كما قال عادل امام: كل واحد ياخد بالو من لاغاليغو!!!!,سعد لمجرد يمثل مجدداً أمام القضاء الفرنسي في قضية اتهام بالاغتصاب,https://www.hespress.com/%d8%b3%d8%b9%d8%af-%d9%84%d9%85%d8%ac%d8%b1%d8%af-%d9%8a%d9%85%d8%ab%d9%84-%d9%85%d8%ac%d8%af%d8%af%d8%a7%d9%8b-%d8%a3%d9%85%d8%a7%d9%85-%d8%a7%d9%84%d9%82%d8%b6%d8%a7%d8%a1-%d8%a7%d9%84%d9%81%d8%b1-1745063.html,
عيق هاذ الفيلم مازال مابغى يسالي؟!كل مرة اعتقل،استجوب،أفرج عنه،اتهم،برئ….؟!؟!؟فيلم حامض…..كل شخص مسؤول عن تصرفاته ومشاكله!!!رفعت الجلسة.,سعد لمجرد يمثل مجدداً أمام القضاء الفرنسي في قضية اتهام بالاغتصاب,https://www.hespress.com/%d8%b3%d8%b9%d8%af-%d9%84%d9%85%d8%ac%d8%b1%d8%af-%d9%8a%d9%85%d8%ab%d9%84-%d9%85%d8%ac%d8%af%d8%af%d8%a7%d9%8b-%d8%a3%d9%85%d8%a7%d9%85-%d8%a7%d9%84%d9%82%d8%b6%d8%a7%d8%a1-%d8%a7%d9%84%d9%81%d8%b1-1745063.html,
لا حول ولا قوة الا بالله لي دار الدنب يستاهل العقوبة السيد بعدا راه معتارفشوهتو بينا وبالدين ديالنا اش هاد التربية,سعد لمجرد يمثل مجدداً أمام القضاء الفرنسي في قضية اتهام بالاغتصاب,https://www.hespress.com/%d8%b3%d8%b9%d8%af-%d9%84%d9%85%d8%ac%d8%b1%d8%af-%d9%8a%d9%85%d8%ab%d9%84-%d9%85%d8%ac%d8%af%d8%af%d8%a7%d9%8b-%d8%a3%d9%85%d8%a7%d9%85-%d8%a7%d9%84%d9%82%d8%b6%d8%a7%d8%a1-%d8%a7%d9%84%d9%81%d8%b1-1745063.html,
القضاء الگوري لا يضلم احدا .كن من شءت او ابن من شءت .ولكن عند القضاء ما يعرفو لا باك ولا امك,سعد لمجرد يمثل مجدداً أمام القضاء الفرنسي في قضية اتهام بالاغتصاب,https://www.hespress.com/%d8%b3%d8%b9%d8%af-%d9%84%d9%85%d8%ac%d8%b1%d8%af-%d9%8a%d9%85%d8%ab%d9%84-%d9%85%d8%ac%d8%af%d8%af%d8%a7%d9%8b-%d8%a3%d9%85%d8%a7%d9%85-%d8%a7%d9%84%d9%82%d8%b6%d8%a7%d8%a1-%d8%a7%d9%84%d9%81%d8%b1-1745063.html,
انا لست مدعي عام او قاضي لكي أدين هدا الشخص او ابرءه و لكن بالعقل و المنطق هدا المعني بالأمر او الظنين له سوابق و حالات العود في المغرب و أمريكا و مرتين في فرنسا ترى هل هده هي الحقيقة او هناك شيء ما لضرب هدا المغني غي مشواره الفنيالملف في يد القضاء و له الكلمة في الفصل سواء بالادانة او البراءة و الايام كفيلة بتوضيح كل الأمور,سعد لمجرد يمثل مجدداً أمام القضاء الفرنسي في قضية اتهام بالاغتصاب,https://www.hespress.com/%d8%b3%d8%b9%d8%af-%d9%84%d9%85%d8%ac%d8%b1%d8%af-%d9%8a%d9%85%d8%ab%d9%84-%d9%85%d8%ac%d8%af%d8%af%d8%a7%d9%8b-%d8%a3%d9%85%d8%a7%d9%85-%d8%a7%d9%84%d9%82%d8%b6%d8%a7%d8%a1-%d8%a7%d9%84%d9%81%d8%b1-1745063.html,
تتعرف عليه و تذهب معه الى الفندق و تدخل معه الى غرفته بمحض ارادتها و أخيرا تتهمه بالاغتصاب ؟؟,سعد لمجرد يمثل مجدداً أمام القضاء الفرنسي في قضية اتهام بالاغتصاب,https://www.hespress.com/%d8%b3%d8%b9%d8%af-%d9%84%d9%85%d8%ac%d8%b1%d8%af-%d9%8a%d9%85%d8%ab%d9%84-%d9%85%d8%ac%d8%af%d8%af%d8%a7%d9%8b-%d8%a3%d9%85%d8%a7%d9%85-%d8%a7%d9%84%d9%82%d8%b6%d8%a7%d8%a1-%d8%a7%d9%84%d9%81%d8%b1-1745063.html,
لا يوجد أي ذليل يثبث  أكاديبهملمجرد  بريءإنهم  محتالينو يصطادون الرجال الناجحين  فقطذهبت معه برضاها  ثم إتهمتهمن يصدق هذه الخرافة .إذا ذهبت معه برضاك وتشربين معه كأسهذا يعني الكثير .هم يبحتون على الحصول على المال من أجلالتنازل عن الدعوة .,سعد لمجرد يمثل مجدداً أمام القضاء الفرنسي في قضية اتهام بالاغتصاب,https://www.hespress.com/%d8%b3%d8%b9%d8%af-%d9%84%d9%85%d8%ac%d8%b1%d8%af-%d9%8a%d9%85%d8%ab%d9%84-%d9%85%d8%ac%d8%af%d8%af%d8%a7%d9%8b-%d8%a3%d9%85%d8%a7%d9%85-%d8%a7%d9%84%d9%82%d8%b6%d8%a7%d8%a1-%d8%a7%d9%84%d9%81%d8%b1-1745063.html,
” وسبق أن وُجّهت لسعد لمجرد اتهامات مماثلة عام 2015 في المغرب وعام 2010 في الولايات المتحدة ”  لا يوجد دخان بدون نار كما يقول المثل … فليتحمّل مسؤليته,سعد لمجرد يمثل مجدداً أمام القضاء الفرنسي في قضية اتهام بالاغتصاب,https://www.hespress.com/%d8%b3%d8%b9%d8%af-%d9%84%d9%85%d8%ac%d8%b1%d8%af-%d9%8a%d9%85%d8%ab%d9%84-%d9%85%d8%ac%d8%af%d8%af%d8%a7%d9%8b-%d8%a3%d9%85%d8%a7%d9%85-%d8%a7%d9%84%d9%82%d8%b6%d8%a7%d8%a1-%d8%a7%d9%84%d9%81%d8%b1-1745063.html,
بما انه اتهم بالإغتصاب عدة مراتفيزعدة دول من بينها المغرب لايمكن ان تكون هذه التهم عبثية وانما هي تهم حقيقية وهذه حقيقته هو شخص عنيف وخصوصا تحت تاثير مواد محظورة والجميع يعرف ذلك اضن انه سيقضي مدة طويلة في السجن عاجلا ام آجلا,سعد لمجرد يمثل مجدداً أمام القضاء الفرنسي في قضية اتهام بالاغتصاب,https://www.hespress.com/%d8%b3%d8%b9%d8%af-%d9%84%d9%85%d8%ac%d8%b1%d8%af-%d9%8a%d9%85%d8%ab%d9%84-%d9%85%d8%ac%d8%af%d8%af%d8%a7%d9%8b-%d8%a3%d9%85%d8%a7%d9%85-%d8%a7%d9%84%d9%82%d8%b6%d8%a7%d8%a1-%d8%a7%d9%84%d9%81%d8%b1-1745063.html,
هذا المدعو تعيس المجرد خاتمته ستكون مظلمه ان الم لم يتوب إلى الله لقد طغا كتير وافسد كتير كل سنه أصبحنا نسمع عنه فظاءح جنسيه متيرة للغتيان ابشتين  العرب لقد لطخ صوره المغرب المصيبه انا هناك من يدافع عنه ويتهم مخابرات دول اجنبيه انها وراء التهم,سعد لمجرد يمثل مجدداً أمام القضاء الفرنسي في قضية اتهام بالاغتصاب,https://www.hespress.com/%d8%b3%d8%b9%d8%af-%d9%84%d9%85%d8%ac%d8%b1%d8%af-%d9%8a%d9%85%d8%ab%d9%84-%d9%85%d8%ac%d8%af%d8%af%d8%a7%d9%8b-%d8%a3%d9%85%d8%a7%d9%85-%d8%a7%d9%84%d9%82%d8%b6%d8%a7%d8%a1-%d8%a7%d9%84%d9%81%d8%b1-1745063.html,
طاح فبلاد القانون مكاينش باك صاحبي,سعد لمجرد يمثل مجدداً أمام القضاء الفرنسي في قضية اتهام بالاغتصاب,https://www.hespress.com/%d8%b3%d8%b9%d8%af-%d9%84%d9%85%d8%ac%d8%b1%d8%af-%d9%8a%d9%85%d8%ab%d9%84-%d9%85%d8%ac%d8%af%d8%af%d8%a7%d9%8b-%d8%a3%d9%85%d8%a7%d9%85-%d8%a7%d9%84%d9%82%d8%b6%d8%a7%d8%a1-%d8%a7%d9%84%d9%81%d8%b1-1745063.html,
الإنسان  الناجح دائماعنده من ينبح وراءهالسيد نجم كبير و جميل الشكللا يحتاج  إلى إغتصاب .,سعد لمجرد يمثل مجدداً أمام القضاء الفرنسي في قضية اتهام بالاغتصاب,https://www.hespress.com/%d8%b3%d8%b9%d8%af-%d9%84%d9%85%d8%ac%d8%b1%d8%af-%d9%8a%d9%85%d8%ab%d9%84-%d9%85%d8%ac%d8%af%d8%af%d8%a7%d9%8b-%d8%a3%d9%85%d8%a7%d9%85-%d8%a7%d9%84%d9%82%d8%b6%d8%a7%d8%a1-%d8%a7%d9%84%d9%81%d8%b1-1745063.html,
سعد المجرد وأشرف حكيمي غادي يخرجوا من فرنسا منتصرين على القضاء الفرنسي الفاسد ذنبهم الوحيد هو انهم ابناء المملكة المغربية الشريفة,سعد لمجرد يمثل مجدداً أمام القضاء الفرنسي في قضية اتهام بالاغتصاب,https://www.hespress.com/%d8%b3%d8%b9%d8%af-%d9%84%d9%85%d8%ac%d8%b1%d8%af-%d9%8a%d9%85%d8%ab%d9%84-%d9%85%d8%ac%d8%af%d8%af%d8%a7%d9%8b-%d8%a3%d9%85%d8%a7%d9%85-%d8%a7%d9%84%d9%82%d8%b6%d8%a7%d8%a1-%d8%a7%d9%84%d9%81%d8%b1-1745063.html,
يسيئ للمغاربة والمغرب . على المحكمة إنزال أقصى العقوبة على الشخص . مع حرمانه دخول تراب أوروبا,سعد لمجرد يمثل مجدداً أمام القضاء الفرنسي في قضية اتهام بالاغتصاب,https://www.hespress.com/%d8%b3%d8%b9%d8%af-%d9%84%d9%85%d8%ac%d8%b1%d8%af-%d9%8a%d9%85%d8%ab%d9%84-%d9%85%d8%ac%d8%af%d8%af%d8%a7%d9%8b-%d8%a3%d9%85%d8%a7%d9%85-%d8%a7%d9%84%d9%82%d8%b6%d8%a7%d8%a1-%d8%a7%d9%84%d9%81%d8%b1-1745063.html,
الفن أخلاق ورقي وليس غير ذلك الذي يسيء إلى سمعة الفنانين …..أول قضية في أمريكا التي لن يحط بها الرحال.,سعد لمجرد يمثل مجدداً أمام القضاء الفرنسي في قضية اتهام بالاغتصاب,https://www.hespress.com/%d8%b3%d8%b9%d8%af-%d9%84%d9%85%d8%ac%d8%b1%d8%af-%d9%8a%d9%85%d8%ab%d9%84-%d9%85%d8%ac%d8%af%d8%af%d8%a7%d9%8b-%d8%a3%d9%85%d8%a7%d9%85-%d8%a7%d9%84%d9%82%d8%b6%d8%a7%d8%a1-%d8%a7%d9%84%d9%81%d8%b1-1745063.html,
مؤامرة جزائرية مكشوفة,سعد لمجرد يمثل مجدداً أمام القضاء الفرنسي في قضية اتهام بالاغتصاب,https://www.hespress.com/%d8%b3%d8%b9%d8%af-%d9%84%d9%85%d8%ac%d8%b1%d8%af-%d9%8a%d9%85%d8%ab%d9%84-%d9%85%d8%ac%d8%af%d8%af%d8%a7%d9%8b-%d8%a3%d9%85%d8%a7%d9%85-%d8%a7%d9%84%d9%82%d8%b6%d8%a7%d8%a1-%d8%a7%d9%84%d9%81%d8%b1-1745063.html,
العديد من الشخصيات الفرنسية المشهورة في عالم السينما و الغناء و الطبخ و التنشيط التلفزي متهمون بالإغتصاب أو التحرش و يتابعون قضائيا حاليا؛ أسماء وازنة في الساحة الفرنسية.,سعد لمجرد يمثل مجدداً أمام القضاء الفرنسي في قضية اتهام بالاغتصاب,https://www.hespress.com/%d8%b3%d8%b9%d8%af-%d9%84%d9%85%d8%ac%d8%b1%d8%af-%d9%8a%d9%85%d8%ab%d9%84-%d9%85%d8%ac%d8%af%d8%af%d8%a7%d9%8b-%d8%a3%d9%85%d8%a7%d9%85-%d8%a7%d9%84%d9%82%d8%b6%d8%a7%d8%a1-%d8%a7%d9%84%d9%81%d8%b1-1745063.html,
– “وتقول إنها قبلت الذهاب معه لشرب كأس”– “لكن لمجرد يقول إن العلاقة كانت برضى الطرفين”– “وسبق أن وُجّهت لسعد لمجرد اتهامات مماثلة عام 2015 في المغرب”– “وعام 2010 في الولايات المتحدة.”– “وفي فرنسا حًكم عليه عام 2023 بالسجن ست سنوات”,سعد لمجرد يمثل مجدداً أمام القضاء الفرنسي في قضية اتهام بالاغتصاب,https://www.hespress.com/%d8%b3%d8%b9%d8%af-%d9%84%d9%85%d8%ac%d8%b1%d8%af-%d9%8a%d9%85%d8%ab%d9%84-%d9%85%d8%ac%d8%af%d8%af%d8%a7%d9%8b-%d8%a3%d9%85%d8%a7%d9%85-%d8%a7%d9%84%d9%82%d8%b6%d8%a7%d8%a1-%d8%a7%d9%84%d9%81%d8%b1-1745063.html,
في بلد الحريات وحقوق الإنسان :ذهبت معه لشقته برضاها وهي ليست قاصرا حتى يغرر بها وبكامل قواها العقلية.هل وجودهما في شقة لوحدهما والشيطان ثالثهما كان خلوة من أجل التسبيح والذكر؟,سعد لمجرد يمثل مجدداً أمام القضاء الفرنسي في قضية اتهام بالاغتصاب,https://www.hespress.com/%d8%b3%d8%b9%d8%af-%d9%84%d9%85%d8%ac%d8%b1%d8%af-%d9%8a%d9%85%d8%ab%d9%84-%d9%85%d8%ac%d8%af%d8%af%d8%a7%d9%8b-%d8%a3%d9%85%d8%a7%d9%85-%d8%a7%d9%84%d9%82%d8%b6%d8%a7%d8%a1-%d8%a7%d9%84%d9%81%d8%b1-1745063.html,
الإتهام بالإغتصابيجب أن يكون بالذليل القاطعوبالشهودوليس بالكلام .,سعد لمجرد يمثل مجدداً أمام القضاء الفرنسي في قضية اتهام بالاغتصاب,https://www.hespress.com/%d8%b3%d8%b9%d8%af-%d9%84%d9%85%d8%ac%d8%b1%d8%af-%d9%8a%d9%85%d8%ab%d9%84-%d9%85%d8%ac%d8%af%d8%af%d8%a7%d9%8b-%d8%a3%d9%85%d8%a7%d9%85-%d8%a7%d9%84%d9%82%d8%b6%d8%a7%d8%a1-%d8%a7%d9%84%d9%81%d8%b1-1745063.html,
المغرب يسير بسرعتين هناك علماء عظام يشاركون في البحوث العلمية الاختراعات كما جاء اليوم في اخبار هسبريس عن المخترع المغربي  ذ  العزوزي  وهناك من يغتصب,سعد لمجرد يمثل مجدداً أمام القضاء الفرنسي في قضية اتهام بالاغتصاب,https://www.hespress.com/%d8%b3%d8%b9%d8%af-%d9%84%d9%85%d8%ac%d8%b1%d8%af-%d9%8a%d9%85%d8%ab%d9%84-%d9%85%d8%ac%d8%af%d8%af%d8%a7%d9%8b-%d8%a3%d9%85%d8%a7%d9%85-%d8%a7%d9%84%d9%82%d8%b6%d8%a7%d8%a1-%d8%a7%d9%84%d9%81%d8%b1-1745063.html,
إجابة إلى حسن رقم 18 ” العديد من الشخصيات الفرنسية المشهورة في عالم السينما و الغناء و الطبخ و التنشيط التلفزي متهمون بالإغتصاب أو التحرش و يتابعون قضائيا حاليا؛ أسماء وازنة في الساحة الفرنسية ” عالم الفن( السينما و الغناء) وسط ماجن لا يخلو من الفسق إلا من رحم ربك أو كان ذو خُلُق و القليل القليل من هُم,سعد لمجرد يمثل مجدداً أمام القضاء الفرنسي في قضية اتهام بالاغتصاب,https://www.hespress.com/%d8%b3%d8%b9%d8%af-%d9%84%d9%85%d8%ac%d8%b1%d8%af-%d9%8a%d9%85%d8%ab%d9%84-%d9%85%d8%ac%d8%af%d8%af%d8%a7%d9%8b-%d8%a3%d9%85%d8%a7%d9%85-%d8%a7%d9%84%d9%82%d8%b6%d8%a7%d8%a1-%d8%a7%d9%84%d9%81%d8%b1-1745063.html,
صار الفن في العصر الراهن مقترنا بالمخدرات والتحرش الجنسي و الاغتصاب… أي فنان هذا الذي يحترف هذه الممنوعات؟؟؟!!!نذالة وخِسّة ووقاحة,سعد لمجرد يمثل مجدداً أمام القضاء الفرنسي في قضية اتهام بالاغتصاب,https://www.hespress.com/%d8%b3%d8%b9%d8%af-%d9%84%d9%85%d8%ac%d8%b1%d8%af-%d9%8a%d9%85%d8%ab%d9%84-%d9%85%d8%ac%d8%af%d8%af%d8%a7%d9%8b-%d8%a3%d9%85%d8%a7%d9%85-%d8%a7%d9%84%d9%82%d8%b6%d8%a7%d8%a1-%d8%a7%d9%84%d9%81%d8%b1-1745063.html,
هاد المجرد من ذرة احترام أو أخلاق أو تربية … يلزمه حكم بالإخصاء في ساحة عمومية .گاع الناس كتصاحب وتقصر وووو لكن في صمت  إلا هاد لي كل مرة مشوه عائلتو وبلادو .,سعد لمجرد يمثل مجدداً أمام القضاء الفرنسي في قضية اتهام بالاغتصاب,https://www.hespress.com/%d8%b3%d8%b9%d8%af-%d9%84%d9%85%d8%ac%d8%b1%d8%af-%d9%8a%d9%85%d8%ab%d9%84-%d9%85%d8%ac%d8%af%d8%af%d8%a7%d9%8b-%d8%a3%d9%85%d8%a7%d9%85-%d8%a7%d9%84%d9%82%d8%b6%d8%a7%d8%a1-%d8%a7%d9%84%d9%81%d8%b1-1745063.html,
فينك أ الحكونة المغربية لردع  هاد فرنسا لي باقا  مستمرة ف سياساتها الخبيثة المنحطة للنيل من المغرب و الشعب المغربي عبر عدة وسائل و قضايا مفبركة و ملفقة ! كل الوسائل مباحة ، مستوى من الإنحطاط الفرنسي لإبتزاز المغرب و لهف الصفقات و نهب خيرات و أموال الشعب المغربي !  واش كاين شي جديد ف ملفات الفرنسيين المتورطين ف أبشع الجرائم ف المغرب ؟ بحال هاداك “المستثمر” ف القاعات الرياضية ؟؟!!! فوقاش غادي نشوفو شي حملة ديال ترحيل جحافل المستوطنين الفرنسيين والفرونكو-كراغلة لي تايصولو او يجولو ف مختلف المدن المغربية بدون رخص الإقامة  ؟؟   الفنان سعد.المجرد و الأسد أشرف حكيمي كون كانو فعلا رتاكبو شي جرائم ف فرنسا كون راهم ف زنزانة ديال السجن من شحال هادي بعقوبات سجنية  ثقيلة !!!,سعد لمجرد يمثل مجدداً أمام القضاء الفرنسي في قضية اتهام بالاغتصاب,https://www.hespress.com/%d8%b3%d8%b9%d8%af-%d9%84%d9%85%d8%ac%d8%b1%d8%af-%d9%8a%d9%85%d8%ab%d9%84-%d9%85%d8%ac%d8%af%d8%af%d8%a7%d9%8b-%d8%a3%d9%85%d8%a7%d9%85-%d8%a7%d9%84%d9%82%d8%b6%d8%a7%d8%a1-%d8%a7%d9%84%d9%81%d8%b1-1745063.html,
ابتزاز كعادة الفرنسيين المشهورين بالابتزاز عبر وسائل الإعلام.,سعد لمجرد يمثل مجدداً أمام القضاء الفرنسي في قضية اتهام بالاغتصاب,https://www.hespress.com/%d8%b3%d8%b9%d8%af-%d9%84%d9%85%d8%ac%d8%b1%d8%af-%d9%8a%d9%85%d8%ab%d9%84-%d9%85%d8%ac%d8%af%d8%af%d8%a7%d9%8b-%d8%a3%d9%85%d8%a7%d9%85-%d8%a7%d9%84%d9%82%d8%b6%d8%a7%d8%a1-%d8%a7%d9%84%d9%81%d8%b1-1745063.html,
زعما هادي لي كتهم سعد المجرد و الاخرى لي كتهم حكيمي زعما واعرات بزاف,سعد لمجرد يمثل مجدداً أمام القضاء الفرنسي في قضية اتهام بالاغتصاب,https://www.hespress.com/%d8%b3%d8%b9%d8%af-%d9%84%d9%85%d8%ac%d8%b1%d8%af-%d9%8a%d9%85%d8%ab%d9%84-%d9%85%d8%ac%d8%af%d8%af%d8%a7%d9%8b-%d8%a3%d9%85%d8%a7%d9%85-%d8%a7%d9%84%d9%82%d8%b6%d8%a7%d8%a1-%d8%a7%d9%84%d9%81%d8%b1-1745063.html,
الغناء عبارة عن فن و ادا لم يكن مرفوقا باخلاق و مبادء فسوف يصبج عبارة عن عبث و قلة مبادء لدلك هدا الشخص انفصل عن الفن تماما,سعد لمجرد يمثل مجدداً أمام القضاء الفرنسي في قضية اتهام بالاغتصاب,https://www.hespress.com/%d8%b3%d8%b9%d8%af-%d9%84%d9%85%d8%ac%d8%b1%d8%af-%d9%8a%d9%85%d8%ab%d9%84-%d9%85%d8%ac%d8%af%d8%af%d8%a7%d9%8b-%d8%a3%d9%85%d8%a7%d9%85-%d8%a7%d9%84%d9%82%d8%b6%d8%a7%d8%a1-%d8%a7%d9%84%d9%81%d8%b1-1745063.html,
"انا كمغربي لا اتضامن مع امثال هاد  البشر مثله مثل داك المصري ظارق رمضان او حتى الممثل الفرنسي جرار دبرديو كلهم سوى سوى يعتبرون النساء كاداة جنسية اتمنى ان تنزل عليه المحطمة باشد حكم, الي ما ربوهش والديه القانون سيربيه",سعد لمجرد يمثل مجدداً أمام القضاء الفرنسي في قضية اتهام بالاغتصاب,https://www.hespress.com/%d8%b3%d8%b9%d8%af-%d9%84%d9%85%d8%ac%d8%b1%d8%af-%d9%8a%d9%85%d8%ab%d9%84-%d9%85%d8%ac%d8%af%d8%af%d8%a7%d9%8b-%d8%a3%d9%85%d8%a7%d9%85-%d8%a7%d9%84%d9%82%d8%b6%d8%a7%d8%a1-%d8%a7%d9%84%d9%81%d8%b1-1745063.html,
لستُ  لا  مع براءة  هذا المطرب و لا  مع  إدانته ،  لكن منطقياً  و موضوعياً  لا  أفهم  اتهامه  باغتصاب  فتاة  أو  بالأحرى……. ،  رافقته  برِضاها  إلى  علبة  ليلية  فَعَلا فيها  ما فَعَلَا  ،  و بعد ذلك  إلى  غرفة  أغلقا  فيها  على  نفسيهما ،  و بعد ذلك  تخرج هذه  الفتاة ، و تدّعي  أنه  اغتصبها….!!!!…. لماذا  دخلت  معه  أصلاً إلى  الغرفة  برضاها ،  و أغلقا  على نفسيهما  بعد  سهرة  بادخة ،  هل من  أجل القيام  بالتهجد ؟؟؟!!..  في  نظري يمكن  متابعتهما  بالفساد ، لكن  ليس  بالإغتصاب…… شخصياً  أظن  أن بعض  خصومه مَن  لهم حسابات  معه  أو  منافسيه  في  المهنة العفنة ،  هم  وراء  هذه  المكائد ، مُستغلِّين  ميُوعة  مفهوم  الإغتصاب في  القانون  الفرنسي  و الغربي  عامة  للإطاحة به ،  و سهَّل  لهم ذلك ،  استهتاره  و طيشه…….,سعد لمجرد يمثل مجدداً أمام القضاء الفرنسي في قضية اتهام بالاغتصاب,https://www.hespress.com/%d8%b3%d8%b9%d8%af-%d9%84%d9%85%d8%ac%d8%b1%d8%af-%d9%8a%d9%85%d8%ab%d9%84-%d9%85%d8%ac%d8%af%d8%af%d8%a7%d9%8b-%d8%a3%d9%85%d8%a7%d9%85-%d8%a7%d9%84%d9%82%d8%b6%d8%a7%d8%a1-%d8%a7%d9%84%d9%81%d8%b1-1745063.html,
يستحق العقوبة لكونه أهان عائلته والعائلة المغربية.,سعد لمجرد يمثل مجدداً أمام القضاء الفرنسي في قضية اتهام بالاغتصاب,https://www.hespress.com/%d8%b3%d8%b9%d8%af-%d9%84%d9%85%d8%ac%d8%b1%d8%af-%d9%8a%d9%85%d8%ab%d9%84-%d9%85%d8%ac%d8%af%d8%af%d8%a7%d9%8b-%d8%a3%d9%85%d8%a7%d9%85-%d8%a7%d9%84%d9%82%d8%b6%d8%a7%d8%a1-%d8%a7%d9%84%d9%81%d8%b1-1745063.html,
من خلال المنشور يتبين أن هذا الرجل اسم على مسمى. فهو مجرد فعلا من الأخلاق الحميدة. لا يمكن أن يكون بريئا من جميع التهم الموجهة إليه من 2010و 2015  و 2018 . و هذا في علم الاجرام يؤخذ به. لأن من يرتكب جرما يعتاد على تكراره. و لهذا السبب بينت السجون لكي يستريح المجتمع من أفعالهم المتكررة. من قتل للمرة الأولى يقتل مرات متتالية حتى يسجن. و من يعتدي جنسيا يستمر في فعلته حتى يسجن. و من يسرق مرة يمتهن السرقة حتى يسجن. و من اعتاد على بيع المخدرات لا يمكن أن يقلع عن هذه العادة حتى يسجن.  تلك هي طبيعة البشر منذ الأزل و الله أعلم,سعد لمجرد يمثل مجدداً أمام القضاء الفرنسي في قضية اتهام بالاغتصاب,https://www.hespress.com/%d8%b3%d8%b9%d8%af-%d9%84%d9%85%d8%ac%d8%b1%d8%af-%d9%8a%d9%85%d8%ab%d9%84-%d9%85%d8%ac%d8%af%d8%af%d8%a7%d9%8b-%d8%a3%d9%85%d8%a7%d9%85-%d8%a7%d9%84%d9%82%d8%b6%d8%a7%d8%a1-%d8%a7%d9%84%d9%81%d8%b1-1745063.html,
لبعض المتدخلين هناك معلومة ربما لا تعرفونها: القضاء الفرنسي يتابع حتى الزوج اذا مارس على زوجته علاقة جنسية بغير رضاها ورفعت ضده قضية اغتصابفي المحكمة! فما ادراك بمغني له قبل هذه القضية قضية أخرى عندما كان موجودا بالولايات المتحدة. فمن لم يربيه والديه فسيجد يوما من سيتكلف بتربيته. ونحن نعرف الآن إن هذه القضية هي التي دفعته للزواج ثم ان يصبح أبا ويعيد كل حساباته حتى لايكرر ما عاناه من هذه الفضيحة. سبحان الله من تهييء سهرة العمر بأكبر مسرح بباريس وهو في قمة المجد بكل العالم العربي الى زنزانة بالسجن ومتابعة قضائية ومصاريف بمءات الملايين لحكم لازال لم تتضح معالمه.,سعد لمجرد يمثل مجدداً أمام القضاء الفرنسي في قضية اتهام بالاغتصاب,https://www.hespress.com/%d8%b3%d8%b9%d8%af-%d9%84%d9%85%d8%ac%d8%b1%d8%af-%d9%8a%d9%85%d8%ab%d9%84-%d9%85%d8%ac%d8%af%d8%af%d8%a7%d9%8b-%d8%a3%d9%85%d8%a7%d9%85-%d8%a7%d9%84%d9%82%d8%b6%d8%a7%d8%a1-%d8%a7%d9%84%d9%81%d8%b1-1745063.html,
اعتقد ان هدا البشر وليس انسان مريض نفسيا مهوس بالاغتصابات كما انه يتعطى للمخدرات والكحول وهو ما يجعله ان يغتصب فعندما كان في سجن بامريكا كان يغتصب وفي هده الحالة ينتقم من البنات ليغتصبهم ولا نعرف انه مثالي,سعد لمجرد يمثل مجدداً أمام القضاء الفرنسي في قضية اتهام بالاغتصاب,https://www.hespress.com/%d8%b3%d8%b9%d8%af-%d9%84%d9%85%d8%ac%d8%b1%d8%af-%d9%8a%d9%85%d8%ab%d9%84-%d9%85%d8%ac%d8%af%d8%af%d8%a7%d9%8b-%d8%a3%d9%85%d8%a7%d9%85-%d8%a7%d9%84%d9%82%d8%b6%d8%a7%d8%a1-%d8%a7%d9%84%d9%81%d8%b1-1745063.html,
مع الأسف له سوابق في الاغتصاب ،وقد ثبث انه في ليلة الاغتصاب الأخير كان في حالة سكر بعد التحاليل التي قامت بها الشرطة في تلك الليلة الكارثية التي اكد فيها المجرد ان الفتاة مارست معه برضاها،أنا أتمنا ان يقول القضاء كلمة حق ،إذا اذنب فليعاقب،،وثقتنا في القضاء ،والله أبين الحق,سعد لمجرد يمثل مجدداً أمام القضاء الفرنسي في قضية اتهام بالاغتصاب,https://www.hespress.com/%d8%b3%d8%b9%d8%af-%d9%84%d9%85%d8%ac%d8%b1%d8%af-%d9%8a%d9%85%d8%ab%d9%84-%d9%85%d8%ac%d8%af%d8%af%d8%a7%d9%8b-%d8%a3%d9%85%d8%a7%d9%85-%d8%a7%d9%84%d9%82%d8%b6%d8%a7%d8%a1-%d8%a7%d9%84%d9%81%d8%b1-1745063.html,
يحاكم في دولة الحق و القانون كسائر البشر كل حسب المنسوب اليه محاحكم فرنسا يمر عبرها رؤساء الدولة فما بالك بمواطن عادي.الي فرط يكرط معناه المدنب يأخد جزاءه فنعم العدالة.,سعد لمجرد يمثل مجدداً أمام القضاء الفرنسي في قضية اتهام بالاغتصاب,https://www.hespress.com/%d8%b3%d8%b9%d8%af-%d9%84%d9%85%d8%ac%d8%b1%d8%af-%d9%8a%d9%85%d8%ab%d9%84-%d9%85%d8%ac%d8%af%d8%af%d8%a7%d9%8b-%d8%a3%d9%85%d8%a7%d9%85-%d8%a7%d9%84%d9%82%d8%b6%d8%a7%d8%a1-%d8%a7%d9%84%d9%81%d8%b1-1745063.html,
ما ساشارك به ليس تحاملا على هذا الشخص. اذ من المستحيل ان يمثل امام القضاء لعدة مرات  في تهم مختلفة وهو بريء…شخصيا  لا اعرفه الا من خلال جريدة هسبريس  وكنت اعتقد قبل ذلك انه لبناني او سوري. ومن جهة اخرى   هو فقط  مطرب لجيله ولمحبيه ولا يرقى – في نظري – الى مرتبة الفنان او الايقونة او المطرب  كما عهدناه في ام كلثوم او صباح فخري او عبد الوهاب    وغيرهم كثير…ولا مجال اطلاقا للمقارنة.  ومعذرة  للراي الآخر.,سعد لمجرد يمثل مجدداً أمام القضاء الفرنسي في قضية اتهام بالاغتصاب,https://www.hespress.com/%d8%b3%d8%b9%d8%af-%d9%84%d9%85%d8%ac%d8%b1%d8%af-%d9%8a%d9%85%d8%ab%d9%84-%d9%85%d8%ac%d8%af%d8%af%d8%a7%d9%8b-%d8%a3%d9%85%d8%a7%d9%85-%d8%a7%d9%84%d9%82%d8%b6%d8%a7%d8%a1-%d8%a7%d9%84%d9%81%d8%b1-1745063.html,
الى المسمى الي الحسينلو كان النجاح يُقاس بمجرد الشهرة أو تكديس الأموال، لكان هتلر أعظم الناجحين بخلوده في كتب التاريخ، ولكان بابلو إسكوبار رمزاً يُحتذى به بثرائه الفاحش؛ لكن الواقع أن التاريخ لفظهما كأمثلة للشر والدمار.,سعد لمجرد يمثل مجدداً أمام القضاء الفرنسي في قضية اتهام بالاغتصاب,https://www.hespress.com/%d8%b3%d8%b9%d8%af-%d9%84%d9%85%d8%ac%d8%b1%d8%af-%d9%8a%d9%85%d8%ab%d9%84-%d9%85%d8%ac%d8%af%d8%af%d8%a7%d9%8b-%d8%a3%d9%85%d8%a7%d9%85-%d8%a7%d9%84%d9%82%d8%b6%d8%a7%d8%a1-%d8%a7%d9%84%d9%81%d8%b1-1745063.html,
La femme doit etre proteger au maximum car la vie d’une femme est tres difficile. Un homme a fait une experience il s’est déguisé en femme une journee elle en peut plus . Il a ete suivi partout vraiment chapeu à ces femmes et courage,سعد لمجرد يمثل مجدداً أمام القضاء الفرنسي في قضية اتهام بالاغتصاب,https://www.hespress.com/%d8%b3%d8%b9%d8%af-%d9%84%d9%85%d8%ac%d8%b1%d8%af-%d9%8a%d9%85%d8%ab%d9%84-%d9%85%d8%ac%d8%af%d8%af%d8%a7%d9%8b-%d8%a3%d9%85%d8%a7%d9%85-%d8%a7%d9%84%d9%82%d8%b6%d8%a7%d8%a1-%d8%a7%d9%84%d9%81%d8%b1-1745063.html,
سميرة الحدوشي مصممة القفطان المغربية مالطراز الرفيع .حافظت على اصالته المغربية طوال ثلاثة عقود .من الصعب تعويضها حاليا .الكثير من الرموز الفنية والنساء ذات الشهرة افتخرت بتصاميمها الراقية من اثواب وخياطة وتطريز ..راقية . سميرة نموذج للإصابة المغربية العريقة .رحمة الله عليها واسكنها فسيح جناته .وانا لله وانا اليه راجعون .,وفاة مصممة الأزياء سميرة الحدوشي,https://www.hespress.com/%d9%88%d9%81%d8%a7%d8%a9-%d8%a7%d9%84%d9%85%d8%b5%d9%85%d9%85%d8%a9-%d8%a7%d9%84%d9%85%d8%ba%d8%b1%d8%a8%d9%8a%d8%a9-%d8%b3%d9%85%d9%8a%d8%b1%d8%a9-%d8%a7%d9%84%d8%ad%d8%af%d9%88%d8%b4%d9%8a-1744580.html,
بسم الله الرحمن الرحيم.  اللهم اغفر وارحم وانت خير الراحمين جميع المسلمين والمسلمات الأحياء منهم والأموات.   اللهم اغفر لها وأرحمها وأعف عنها وأكرم نزلها ووسع مدخلها,وفاة مصممة الأزياء سميرة الحدوشي,https://www.hespress.com/%d9%88%d9%81%d8%a7%d8%a9-%d8%a7%d9%84%d9%85%d8%b5%d9%85%d9%85%d8%a9-%d8%a7%d9%84%d9%85%d8%ba%d8%b1%d8%a8%d9%8a%d8%a9-%d8%b3%d9%85%d9%8a%d8%b1%d8%a9-%d8%a7%d9%84%d8%ad%d8%af%d9%88%d8%b4%d9%8a-1744580.html,
ARRAHMA WA LMAGHFIRAYA RAB.NOUS SOMMES A DIEU ET A LUI NOUS RETOURNONS.,وفاة مصممة الأزياء سميرة الحدوشي,https://www.hespress.com/%d9%88%d9%81%d8%a7%d8%a9-%d8%a7%d9%84%d9%85%d8%b5%d9%85%d9%85%d8%a9-%d8%a7%d9%84%d9%85%d8%ba%d8%b1%d8%a8%d9%8a%d8%a9-%d8%b3%d9%85%d9%8a%d8%b1%d8%a9-%d8%a7%d9%84%d8%ad%d8%af%d9%88%d8%b4%d9%8a-1744580.html,
سبحان الله ، تزامنت وفاتها مع النسخة الأخيرة للقفطان المغربي والتي نظمت بمدينة مراكش يوم السبت الماضي ، صراحة تركت المرحومة بصمتها الإبداعية على هذا الموروث الحضاري المغربي ، رحمها الله رحمة واسعة وألهم ذويها وافر الصبر والسلوان ، إنا لله وإنا إليه راجعون …,وفاة مصممة الأزياء سميرة الحدوشي,https://www.hespress.com/%d9%88%d9%81%d8%a7%d8%a9-%d8%a7%d9%84%d9%85%d8%b5%d9%85%d9%85%d8%a9-%d8%a7%d9%84%d9%85%d8%ba%d8%b1%d8%a8%d9%8a%d8%a9-%d8%b3%d9%85%d9%8a%d8%b1%d8%a9-%d8%a7%d9%84%d8%ad%d8%af%d9%88%d8%b4%d9%8a-1744580.html,
إن لله وإن إليه اللهم إن كانت محسنة فزد في احسانها وإن كانت موسيئة فتجاوز عن سيئاتها وتقبيلها بعفوك ولا بعدلك,وفاة مصممة الأزياء سميرة الحدوشي,https://www.hespress.com/%d9%88%d9%81%d8%a7%d8%a9-%d8%a7%d9%84%d9%85%d8%b5%d9%85%d9%85%d8%a9-%d8%a7%d9%84%d9%85%d8%ba%d8%b1%d8%a8%d9%8a%d8%a9-%d8%b3%d9%85%d9%8a%d8%b1%d8%a9-%d8%a7%d9%84%d8%ad%d8%af%d9%88%d8%b4%d9%8a-1744580.html,
رحمها الله وغفر لها  لا تدري نفس باي ارض تموت اللهم ارحمها كانت مبدعة فنانة بمعنى الكلمة  عاشت في هدوئ ورحلت في هدوئ,وفاة مصممة الأزياء سميرة الحدوشي,https://www.hespress.com/%d9%88%d9%81%d8%a7%d8%a9-%d8%a7%d9%84%d9%85%d8%b5%d9%85%d9%85%d8%a9-%d8%a7%d9%84%d9%85%d8%ba%d8%b1%d8%a8%d9%8a%d8%a9-%d8%b3%d9%85%d9%8a%d8%b1%d8%a9-%d8%a7%d9%84%d8%ad%d8%af%d9%88%d8%b4%d9%8a-1744580.html,
بدأوا يرحلون وبدأ قطار الرحيل انطلاقه بسرعة… كلنا راحلون، وكلنا ممتطون قطار الموت….  نعيمة سميح، عبد الهادي بلخياط، عبد الوهاب الدكالي ، علي الفاسي .. الموت أجل وكتاب…” كل نفس ذائقة الموت، وإنما توفون أجوركم يوم القيامة ”رحم الله الجميع .. إنا لله وإنا إليه راجعون,وفاة مصممة الأزياء سميرة الحدوشي,https://www.hespress.com/%d9%88%d9%81%d8%a7%d8%a9-%d8%a7%d9%84%d9%85%d8%b5%d9%85%d9%85%d8%a9-%d8%a7%d9%84%d9%85%d8%ba%d8%b1%d8%a8%d9%8a%d8%a9-%d8%b3%d9%85%d9%8a%d8%b1%d8%a9-%d8%a7%d9%84%d8%ad%d8%af%d9%88%d8%b4%d9%8a-1744580.html,
سبحان الله. البارحة في عرض القفطان في 2m تذكرتها هي ومبدعات أخريات وكذلك المصمم المغربي روميو وتساءلت ماسر غيابهم عن هذه النسخة . واليوم اقرأ نعيها. غفر الله لها وثبتها عند السؤال,وفاة مصممة الأزياء سميرة الحدوشي,https://www.hespress.com/%d9%88%d9%81%d8%a7%d8%a9-%d8%a7%d9%84%d9%85%d8%b5%d9%85%d9%85%d8%a9-%d8%a7%d9%84%d9%85%d8%ba%d8%b1%d8%a8%d9%8a%d8%a9-%d8%b3%d9%85%d9%8a%d8%b1%d8%a9-%d8%a7%d9%84%d8%ad%d8%af%d9%88%d8%b4%d9%8a-1744580.html,
إن لله وإن إليه راجعون اللهم ارحمها واغفر لها واجعل قبرها روضه من رياض الجنه ،جاء في ختام المقالوبرحيل سميرة الحدوشي، تُطوى صفحة من صفحات الإبداع النسائي المغربي ، لا سيدي الكاتب صفحة الإبداع والتميز والتألق المغربي لا يموت يموت الناس إن توفت هاته اللبوءة يوجد بالمغرب لبؤات قادرين على حمل مشعل الإبداع والتميز والتألق المغربي ، ومن هذا المنبر نقول للكراغلة لا تفرحوا فالمغرب له رجاله ونساؤه الذي لم ولن يتركوكم تسرفوا تراثنا ومطبخنا ولباسنا وتاريخنا,وفاة مصممة الأزياء سميرة الحدوشي,https://www.hespress.com/%d9%88%d9%81%d8%a7%d8%a9-%d8%a7%d9%84%d9%85%d8%b5%d9%85%d9%85%d8%a9-%d8%a7%d9%84%d9%85%d8%ba%d8%b1%d8%a8%d9%8a%d8%a9-%d8%b3%d9%85%d9%8a%d8%b1%d8%a9-%d8%a7%d9%84%d8%ad%d8%af%d9%88%d8%b4%d9%8a-1744580.html,
الله يرحمها مسكينة لله ما اعطى ولله ما اخذاللهم ارحمها برحمتك الواسعة و اجعله في مقام صدق عنده مع النبيين والصديقين والشهداء والصالحين و حسن أولئك رفيقا,وفاة مصممة الأزياء سميرة الحدوشي,https://www.hespress.com/%d9%88%d9%81%d8%a7%d8%a9-%d8%a7%d9%84%d9%85%d8%b5%d9%85%d9%85%d8%a9-%d8%a7%d9%84%d9%85%d8%ba%d8%b1%d8%a8%d9%8a%d8%a9-%d8%b3%d9%85%d9%8a%d8%b1%d8%a9-%d8%a7%d9%84%d8%ad%d8%af%d9%88%d8%b4%d9%8a-1744580.html,
الموت فرض علينا ولكن ماذا فعلنا اتجاه ربنا من  اقامة الصلاة في وقتها صيام زكاة صدقات فعل الخيرات مساعدة الفقراء هذا ما يينفعنا في اخرتنا غير هذا لاشيء لنتعض جميعا اللهم ارزقنا البصيرة,وفاة مصممة الأزياء سميرة الحدوشي,https://www.hespress.com/%d9%88%d9%81%d8%a7%d8%a9-%d8%a7%d9%84%d9%85%d8%b5%d9%85%d9%85%d8%a9-%d8%a7%d9%84%d9%85%d8%ba%d8%b1%d8%a8%d9%8a%d8%a9-%d8%b3%d9%85%d9%8a%d8%b1%d8%a9-%d8%a7%d9%84%d8%ad%d8%af%d9%88%d8%b4%d9%8a-1744580.html,
انا لله وإنا إليه راجعون.رحمها الله واسكنها فسيح جناته والهم أهلها الصبر والسلوان,وفاة مصممة الأزياء سميرة الحدوشي,https://www.hespress.com/%d9%88%d9%81%d8%a7%d8%a9-%d8%a7%d9%84%d9%85%d8%b5%d9%85%d9%85%d8%a9-%d8%a7%d9%84%d9%85%d8%ba%d8%b1%d8%a8%d9%8a%d8%a9-%d8%b3%d9%85%d9%8a%d8%b1%d8%a9-%d8%a7%d9%84%d8%ad%d8%af%d9%88%d8%b4%d9%8a-1744580.html,
إنا لله وإنا إليه راجعون.,وفاة مصممة الأزياء سميرة الحدوشي,https://www.hespress.com/%d9%88%d9%81%d8%a7%d8%a9-%d8%a7%d9%84%d9%85%d8%b5%d9%85%d9%85%d8%a9-%d8%a7%d9%84%d9%85%d8%ba%d8%b1%d8%a8%d9%8a%d8%a9-%d8%b3%d9%85%d9%8a%d8%b1%d8%a9-%d8%a7%d9%84%d8%ad%d8%af%d9%88%d8%b4%d9%8a-1744580.html,
للذين يحبون التعليق عن طاعات الناس وعلاقتهم بربهم عوض الترحم عليهم: أنصحكم أن تنظروا إلى علاقتكم بربكم، هذا أولى من الطعن في من مات من المسلمين. أنظروا إلى حالكم أما هؤلاء فقد أفضوا إلى ما قدّموا.,وفاة مصممة الأزياء سميرة الحدوشي,https://www.hespress.com/%d9%88%d9%81%d8%a7%d8%a9-%d8%a7%d9%84%d9%85%d8%b5%d9%85%d9%85%d8%a9-%d8%a7%d9%84%d9%85%d8%ba%d8%b1%d8%a8%d9%8a%d8%a9-%d8%b3%d9%85%d9%8a%d8%b1%d8%a9-%d8%a7%d9%84%d8%ad%d8%af%d9%88%d8%b4%d9%8a-1744580.html,
حفظه الله بما يحفظ الذكر الحكيمنحبك يا رايس,الملك محمد السادس يتكفل بعملية جراحية دقيقة لشابة مغربية مريضة,https://www.hespress.com/%d8%a7%d9%84%d9%85%d9%84%d9%83-%d9%85%d8%ad%d9%85%d8%af-%d8%a7%d9%84%d8%b3%d8%a7%d8%af%d8%b3-%d9%8a%d8%aa%d9%83%d9%81%d9%84-%d8%a8%d8%ad%d8%a7%d9%84%d8%a9-%d9%81%d8%aa%d8%a7%d8%a9-%d8%aa%d8%ad%d8%aa-1745295.html,
ملك المغرب ملك كل المغاربة ،اب حنون اطال الله في عمره وسدد خطاه وشافاه وعفاه ان شاء الله من داء .وعاش الملك,الملك محمد السادس يتكفل بعملية جراحية دقيقة لشابة مغربية مريضة,https://www.hespress.com/%d8%a7%d9%84%d9%85%d9%84%d9%83-%d9%85%d8%ad%d9%85%d8%af-%d8%a7%d9%84%d8%b3%d8%a7%d8%af%d8%b3-%d9%8a%d8%aa%d9%83%d9%81%d9%84-%d8%a8%d8%ad%d8%a7%d9%84%d8%a9-%d9%81%d8%aa%d8%a7%d8%a9-%d8%aa%d8%ad%d8%aa-1745295.html,
إنه ملك من الملوك العظماء حفظكه الله من كل سوء وشر يأرحمة الراحمين يا ربي العالمين سبحانك ربي العزة عما يصفون وسلام على المرسلين والحمد لله رب العالمين,الملك محمد السادس يتكفل بعملية جراحية دقيقة لشابة مغربية مريضة,https://www.hespress.com/%d8%a7%d9%84%d9%85%d9%84%d9%83-%d9%85%d8%ad%d9%85%d8%af-%d8%a7%d9%84%d8%b3%d8%a7%d8%af%d8%b3-%d9%8a%d8%aa%d9%83%d9%81%d9%84-%d8%a8%d8%ad%d8%a7%d9%84%d8%a9-%d9%81%d8%aa%d8%a7%d8%a9-%d8%aa%d8%ad%d8%aa-1745295.html,
عندما ينصت الراعي لرعيته.نصر الله الله الملك على من عاداه,الملك محمد السادس يتكفل بعملية جراحية دقيقة لشابة مغربية مريضة,https://www.hespress.com/%d8%a7%d9%84%d9%85%d9%84%d9%83-%d9%85%d8%ad%d9%85%d8%af-%d8%a7%d9%84%d8%b3%d8%a7%d8%af%d8%b3-%d9%8a%d8%aa%d9%83%d9%81%d9%84-%d8%a8%d8%ad%d8%a7%d9%84%d8%a9-%d9%81%d8%aa%d8%a7%d8%a9-%d8%aa%d8%ad%d8%aa-1745295.html,
حفظك الله ورعاك يا أبونا الحنون كل ما ناداك احد مواطنيك في عملية و علاج مستعصي الاّ وجدك رؤوفاً به لعلّ ينعم الله عليه بطول عمر و حياة جديدةشفاك الله و عفاك سيدي و ملكيو شفى الله البنت انه على كل شيء قدير,الملك محمد السادس يتكفل بعملية جراحية دقيقة لشابة مغربية مريضة,https://www.hespress.com/%d8%a7%d9%84%d9%85%d9%84%d9%83-%d9%85%d8%ad%d9%85%d8%af-%d8%a7%d9%84%d8%b3%d8%a7%d8%af%d8%b3-%d9%8a%d8%aa%d9%83%d9%81%d9%84-%d8%a8%d8%ad%d8%a7%d9%84%d8%a9-%d9%81%d8%aa%d8%a7%d8%a9-%d8%aa%d8%ad%d8%aa-1745295.html,
النصر والتمكين لصاحب الجلالة، حفظه الله في ذريته وشعره,الملك محمد السادس يتكفل بعملية جراحية دقيقة لشابة مغربية مريضة,https://www.hespress.com/%d8%a7%d9%84%d9%85%d9%84%d9%83-%d9%85%d8%ad%d9%85%d8%af-%d8%a7%d9%84%d8%b3%d8%a7%d8%af%d8%b3-%d9%8a%d8%aa%d9%83%d9%81%d9%84-%d8%a8%d8%ad%d8%a7%d9%84%d8%a9-%d9%81%d8%aa%d8%a7%d8%a9-%d8%aa%d8%ad%d8%aa-1745295.html,
شكرا جزيلا على هذه البادرة الطيبة,الملك محمد السادس يتكفل بعملية جراحية دقيقة لشابة مغربية مريضة,https://www.hespress.com/%d8%a7%d9%84%d9%85%d9%84%d9%83-%d9%85%d8%ad%d9%85%d8%af-%d8%a7%d9%84%d8%b3%d8%a7%d8%af%d8%b3-%d9%8a%d8%aa%d9%83%d9%81%d9%84-%d8%a8%d8%ad%d8%a7%d9%84%d8%a9-%d9%81%d8%aa%d8%a7%d8%a9-%d8%aa%d8%ad%d8%aa-1745295.html,
جزا الله ملكنا الحبيب خير الجزاء ومتعه بصحة وعافية، فكما أحب أن تشفى الفتاة المسكينة فيا رب بارك له في صحته وعمره والله في عون العبد مادام العبد في عون أخيه,الملك محمد السادس يتكفل بعملية جراحية دقيقة لشابة مغربية مريضة,https://www.hespress.com/%d8%a7%d9%84%d9%85%d9%84%d9%83-%d9%85%d8%ad%d9%85%d8%af-%d8%a7%d9%84%d8%b3%d8%a7%d8%af%d8%b3-%d9%8a%d8%aa%d9%83%d9%81%d9%84-%d8%a8%d8%ad%d8%a7%d9%84%d8%a9-%d9%81%d8%aa%d8%a7%d8%a9-%d8%aa%d8%ad%d8%aa-1745295.html,
لا يمكن لجلال الملك محمد السادس نصره الله ان يتجاهل مثل هذا النداء من واحدة من رعيته ، اللهم اشف هذه الفتاة شفاء لا يغادر سقما وارزق ملكنا الصحة والعافية والسلامة .,الملك محمد السادس يتكفل بعملية جراحية دقيقة لشابة مغربية مريضة,https://www.hespress.com/%d8%a7%d9%84%d9%85%d9%84%d9%83-%d9%85%d8%ad%d9%85%d8%af-%d8%a7%d9%84%d8%b3%d8%a7%d8%af%d8%b3-%d9%8a%d8%aa%d9%83%d9%81%d9%84-%d8%a8%d8%ad%d8%a7%d9%84%d8%a9-%d9%81%d8%aa%d8%a7%d8%a9-%d8%aa%d8%ad%d8%aa-1745295.html,
مثل هذه النداءات لا نسمع بها عندنا في فرنسا مطلقا لأن الدولة تتكفل بالتطبيب مطلقا من ألفه إلى يائه، وعندنا في المغرب فساد كبير في مجال التطبيب. فكيف إذا لم يصل صدى هذه البنت الى ملك البلاد محمد السادس حفظه الله. شفاه الله تعالى والله المستعان,الملك محمد السادس يتكفل بعملية جراحية دقيقة لشابة مغربية مريضة,https://www.hespress.com/%d8%a7%d9%84%d9%85%d9%84%d9%83-%d9%85%d8%ad%d9%85%d8%af-%d8%a7%d9%84%d8%b3%d8%a7%d8%af%d8%b3-%d9%8a%d8%aa%d9%83%d9%81%d9%84-%d8%a8%d8%ad%d8%a7%d9%84%d8%a9-%d9%81%d8%aa%d8%a7%d8%a9-%d8%aa%d8%ad%d8%aa-1745295.html,
كان عندي يقين ان صاحب الجلالة  الملك محمد السادس سيتدخل شخصيا لانقاد  هذ الفتاة،  من هذ المنبر تنتمنى لها الشفاء العاجل و دعائي الخالص من القلب لملكنا الغالي بالصحة و العافية و ان يبارك له في عمره و يحفظ لنا أميرنا صاحب السمو ولي العهد مولاي الحسن و سائر الاسرة الملكية الشريفة,الملك محمد السادس يتكفل بعملية جراحية دقيقة لشابة مغربية مريضة,https://www.hespress.com/%d8%a7%d9%84%d9%85%d9%84%d9%83-%d9%85%d8%ad%d9%85%d8%af-%d8%a7%d9%84%d8%b3%d8%a7%d8%af%d8%b3-%d9%8a%d8%aa%d9%83%d9%81%d9%84-%d8%a8%d8%ad%d8%a7%d9%84%d8%a9-%d9%81%d8%aa%d8%a7%d8%a9-%d8%aa%d8%ad%d8%aa-1745295.html,
كل الشكر والامتنان لملكنا الحبيب على هذه المبادرة الإنسانية الله يطول في عمره ويجعلها في ميزان حسناته,الملك محمد السادس يتكفل بعملية جراحية دقيقة لشابة مغربية مريضة,https://www.hespress.com/%d8%a7%d9%84%d9%85%d9%84%d9%83-%d9%85%d8%ad%d9%85%d8%af-%d8%a7%d9%84%d8%b3%d8%a7%d8%af%d8%b3-%d9%8a%d8%aa%d9%83%d9%81%d9%84-%d8%a8%d8%ad%d8%a7%d9%84%d8%a9-%d9%81%d8%aa%d8%a7%d8%a9-%d8%aa%d8%ad%d8%aa-1745295.html,
تحضيراً لنقلها إلى خارج أرض الوطن لإجراء عملية دقيقة على مستوى الرئة…………شكرا للملك محمد السادس  وللأطباء الفرنسيين لي هيديرو لها لوبيراسيون,الملك محمد السادس يتكفل بعملية جراحية دقيقة لشابة مغربية مريضة,https://www.hespress.com/%d8%a7%d9%84%d9%85%d9%84%d9%83-%d9%85%d8%ad%d9%85%d8%af-%d8%a7%d9%84%d8%b3%d8%a7%d8%af%d8%b3-%d9%8a%d8%aa%d9%83%d9%81%d9%84-%d8%a8%d8%ad%d8%a7%d9%84%d8%a9-%d9%81%d8%aa%d8%a7%d8%a9-%d8%aa%d8%ad%d8%aa-1745295.html,
حفظكم الله ورعاكم وسدد خطاكم ودمتم لنا فخرا واعتزازا  .وشعارنا الدائم الله الوطن الملك,الملك محمد السادس يتكفل بعملية جراحية دقيقة لشابة مغربية مريضة,https://www.hespress.com/%d8%a7%d9%84%d9%85%d9%84%d9%83-%d9%85%d8%ad%d9%85%d8%af-%d8%a7%d9%84%d8%b3%d8%a7%d8%af%d8%b3-%d9%8a%d8%aa%d9%83%d9%81%d9%84-%d8%a8%d8%ad%d8%a7%d9%84%d8%a9-%d9%81%d8%aa%d8%a7%d8%a9-%d8%aa%d8%ad%d8%aa-1745295.html,
أطال الله في عمرك ومتعك بالصحة والعافية وطول العمر إن شاء الله  ودمتم في أمانه وحفظه ورعايته.  امين يارب العالمين والصلاة والسلام على أشرف الأنبياء والمرسلين سيدنا محمد صلى الله عليه وسلم.,الملك محمد السادس يتكفل بعملية جراحية دقيقة لشابة مغربية مريضة,https://www.hespress.com/%d8%a7%d9%84%d9%85%d9%84%d9%83-%d9%85%d8%ad%d9%85%d8%af-%d8%a7%d9%84%d8%b3%d8%a7%d8%af%d8%b3-%d9%8a%d8%aa%d9%83%d9%81%d9%84-%d8%a8%d8%ad%d8%a7%d9%84%d8%a9-%d9%81%d8%aa%d8%a7%d8%a9-%d8%aa%d8%ad%d8%aa-1745295.html,
حفظ الله صاحب الجلالة الملك محمد السادس نصره الله ويجعلها الله  فى حسناته,الملك محمد السادس يتكفل بعملية جراحية دقيقة لشابة مغربية مريضة,https://www.hespress.com/%d8%a7%d9%84%d9%85%d9%84%d9%83-%d9%85%d8%ad%d9%85%d8%af-%d8%a7%d9%84%d8%b3%d8%a7%d8%af%d8%b3-%d9%8a%d8%aa%d9%83%d9%81%d9%84-%d8%a8%d8%ad%d8%a7%d9%84%d8%a9-%d9%81%d8%aa%d8%a7%d8%a9-%d8%aa%d8%ad%d8%aa-1745295.html,
اللهم أدخلها في ميزان حسناتك، عاش الملك,الملك محمد السادس يتكفل بعملية جراحية دقيقة لشابة مغربية مريضة,https://www.hespress.com/%d8%a7%d9%84%d9%85%d9%84%d9%83-%d9%85%d8%ad%d9%85%d8%af-%d8%a7%d9%84%d8%b3%d8%a7%d8%af%d8%b3-%d9%8a%d8%aa%d9%83%d9%81%d9%84-%d8%a8%d8%ad%d8%a7%d9%84%d8%a9-%d9%81%d8%aa%d8%a7%d8%a9-%d8%aa%d8%ad%d8%aa-1745295.html,
مسكينة ، بقات فيا بزاف ، الله يشافيها ، و يحفظ ملكنا العزيز الغالي  .,الملك محمد السادس يتكفل بعملية جراحية دقيقة لشابة مغربية مريضة,https://www.hespress.com/%d8%a7%d9%84%d9%85%d9%84%d9%83-%d9%85%d8%ad%d9%85%d8%af-%d8%a7%d9%84%d8%b3%d8%a7%d8%af%d8%b3-%d9%8a%d8%aa%d9%83%d9%81%d9%84-%d8%a8%d8%ad%d8%a7%d9%84%d8%a9-%d9%81%d8%aa%d8%a7%d8%a9-%d8%aa%d8%ad%d8%aa-1745295.html,
حفظ الله ملكنا الهمام وبارك في عمره,الملك محمد السادس يتكفل بعملية جراحية دقيقة لشابة مغربية مريضة,https://www.hespress.com/%d8%a7%d9%84%d9%85%d9%84%d9%83-%d9%85%d8%ad%d9%85%d8%af-%d8%a7%d9%84%d8%b3%d8%a7%d8%af%d8%b3-%d9%8a%d8%aa%d9%83%d9%81%d9%84-%d8%a8%d8%ad%d8%a7%d9%84%d8%a9-%d9%81%d8%aa%d8%a7%d8%a9-%d8%aa%d8%ad%d8%aa-1745295.html,
شعرت بالفرح لهذه الالتفات الملكية الله يشافي ملكنا المحبوب,الملك محمد السادس يتكفل بعملية جراحية دقيقة لشابة مغربية مريضة,https://www.hespress.com/%d8%a7%d9%84%d9%85%d9%84%d9%83-%d9%85%d8%ad%d9%85%d8%af-%d8%a7%d9%84%d8%b3%d8%a7%d8%af%d8%b3-%d9%8a%d8%aa%d9%83%d9%81%d9%84-%d8%a8%d8%ad%d8%a7%d9%84%d8%a9-%d9%81%d8%aa%d8%a7%d8%a9-%d8%aa%d8%ad%d8%aa-1745295.html,
سدد الله خطاك و حفظك با مولاي امير المومنين .  اختي بها نفس المرض مند سنتين و هي الان طريحة الفراش و تعيش بالتنفس الاصطناعي مدى الحياة. اللهم اشفيها و اسفي جميع  مرضى المسلمين.اللهم احفظ ملكنا و اشفه و متعه بالصحة و العافية,الملك محمد السادس يتكفل بعملية جراحية دقيقة لشابة مغربية مريضة,https://www.hespress.com/%d8%a7%d9%84%d9%85%d9%84%d9%83-%d9%85%d8%ad%d9%85%d8%af-%d8%a7%d9%84%d8%b3%d8%a7%d8%af%d8%b3-%d9%8a%d8%aa%d9%83%d9%81%d9%84-%d8%a8%d8%ad%d8%a7%d9%84%d8%a9-%d9%81%d8%aa%d8%a7%d8%a9-%d8%aa%d8%ad%d8%aa-1745295.html,
حفضك الله ورعاك آللهم نصر ملكنا محمد السادس وحفظه من كل سوء وشافيه من كل داء ياشافي اللهم امين يارب العالمين,الملك محمد السادس يتكفل بعملية جراحية دقيقة لشابة مغربية مريضة,https://www.hespress.com/%d8%a7%d9%84%d9%85%d9%84%d9%83-%d9%85%d8%ad%d9%85%d8%af-%d8%a7%d9%84%d8%b3%d8%a7%d8%af%d8%b3-%d9%8a%d8%aa%d9%83%d9%81%d9%84-%d8%a8%d8%ad%d8%a7%d9%84%d8%a9-%d9%81%d8%aa%d8%a7%d8%a9-%d8%aa%d8%ad%d8%aa-1745295.html,
يعجز اللسان عن التعبير  حفض الله جلالة الملك محمد السادس,الملك محمد السادس يتكفل بعملية جراحية دقيقة لشابة مغربية مريضة,https://www.hespress.com/%d8%a7%d9%84%d9%85%d9%84%d9%83-%d9%85%d8%ad%d9%85%d8%af-%d8%a7%d9%84%d8%b3%d8%a7%d8%af%d8%b3-%d9%8a%d8%aa%d9%83%d9%81%d9%84-%d8%a8%d8%ad%d8%a7%d9%84%d8%a9-%d9%81%d8%aa%d8%a7%d8%a9-%d8%aa%d8%ad%d8%aa-1745295.html,
حفضك الله يا ملكنا العزيز يا ربث او  كان بعض السياسين يعطفون على هدا الشعب,الملك محمد السادس يتكفل بعملية جراحية دقيقة لشابة مغربية مريضة,https://www.hespress.com/%d8%a7%d9%84%d9%85%d9%84%d9%83-%d9%85%d8%ad%d9%85%d8%af-%d8%a7%d9%84%d8%b3%d8%a7%d8%af%d8%b3-%d9%8a%d8%aa%d9%83%d9%81%d9%84-%d8%a8%d8%ad%d8%a7%d9%84%d8%a9-%d9%81%d8%aa%d8%a7%d8%a9-%d8%aa%d8%ad%d8%aa-1745295.html,
جزاكم الله جلالة الملك و البسكم ثوب الصحة والعافية.هناك الكثير من مثل هذه الحالات تعاني في صمت ولم يصل صوتها الى الملك، فاللهم اشف مرضانا ومرضى المسلمين.واتمنى من بلدي ان لا يحتاج فيه مواطن اللجوء للملك من اجل الاستشفاء.,الملك محمد السادس يتكفل بعملية جراحية دقيقة لشابة مغربية مريضة,https://www.hespress.com/%d8%a7%d9%84%d9%85%d9%84%d9%83-%d9%85%d8%ad%d9%85%d8%af-%d8%a7%d9%84%d8%b3%d8%a7%d8%af%d8%b3-%d9%8a%d8%aa%d9%83%d9%81%d9%84-%d8%a8%d8%ad%d8%a7%d9%84%d8%a9-%d9%81%d8%aa%d8%a7%d8%a9-%d8%aa%d8%ad%d8%aa-1745295.html,
احسن حاجة سمعناها الله ينصر سيدنا ابجعله من اهل الجنة,الملك محمد السادس يتكفل بعملية جراحية دقيقة لشابة مغربية مريضة,https://www.hespress.com/%d8%a7%d9%84%d9%85%d9%84%d9%83-%d9%85%d8%ad%d9%85%d8%af-%d8%a7%d9%84%d8%b3%d8%a7%d8%af%d8%b3-%d9%8a%d8%aa%d9%83%d9%81%d9%84-%d8%a8%d8%ad%d8%a7%d9%84%d8%a9-%d9%81%d8%aa%d8%a7%d8%a9-%d8%aa%d8%ad%d8%aa-1745295.html,
الله يحفظ سيدنا ويشافيه ويعافيهويحفظو لينا و للأمة المغربية  والعربية والاسلامية يا ربيويحفظ سائر افراد الاسرة العلوية الشريفة: صمام الأمن والأمان والاستقرار والازدهار لهذا الوطن العظيم.,الملك محمد السادس يتكفل بعملية جراحية دقيقة لشابة مغربية مريضة,https://www.hespress.com/%d8%a7%d9%84%d9%85%d9%84%d9%83-%d9%85%d8%ad%d9%85%d8%af-%d8%a7%d9%84%d8%b3%d8%a7%d8%af%d8%b3-%d9%8a%d8%aa%d9%83%d9%81%d9%84-%d8%a8%d8%ad%d8%a7%d9%84%d8%a9-%d9%81%d8%aa%d8%a7%d8%a9-%d8%aa%d8%ad%d8%aa-1745295.html,
نتقدم بخالص الشكر والامتنان لصاحب الجلالة الملك محمد السادس نصره الله، على هذه المبادرة الإنسانية النبيلة والالتفاتة المولوية الكريمة تجاه المريض والمحتاج، وهي ليست بغريبة عن جلالته الذي ما فتئ يولي عناية خاصة للحالات الإنسانية، خصوصاً الاستثنائية منها وذات التكاليف الباهظة.,الملك محمد السادس يتكفل بعملية جراحية دقيقة لشابة مغربية مريضة,https://www.hespress.com/%d8%a7%d9%84%d9%85%d9%84%d9%83-%d9%85%d8%ad%d9%85%d8%af-%d8%a7%d9%84%d8%b3%d8%a7%d8%af%d8%b3-%d9%8a%d8%aa%d9%83%d9%81%d9%84-%d8%a8%d8%ad%d8%a7%d9%84%d8%a9-%d9%81%d8%aa%d8%a7%d8%a9-%d8%aa%d8%ad%d8%aa-1745295.html,
كل الشكر والامتنان لملكنا  على هذه المبادرة الإنسانية الله يطول في عمره ويجعلها في ميزان حسناتهALLAH-ALWATAN-ALMALIK,الملك محمد السادس يتكفل بعملية جراحية دقيقة لشابة مغربية مريضة,https://www.hespress.com/%d8%a7%d9%84%d9%85%d9%84%d9%83-%d9%85%d8%ad%d9%85%d8%af-%d8%a7%d9%84%d8%b3%d8%a7%d8%af%d8%b3-%d9%8a%d8%aa%d9%83%d9%81%d9%84-%d8%a8%d8%ad%d8%a7%d9%84%d8%a9-%d9%81%d8%aa%d8%a7%d8%a9-%d8%aa%d8%ad%d8%aa-1745295.html,
ان الله لا يضيع من أحسن عملااللهم اشفيه  و شافها واشف جميع مرضانا ومرضى المسلمين,الملك محمد السادس يتكفل بعملية جراحية دقيقة لشابة مغربية مريضة,https://www.hespress.com/%d8%a7%d9%84%d9%85%d9%84%d9%83-%d9%85%d8%ad%d9%85%d8%af-%d8%a7%d9%84%d8%b3%d8%a7%d8%af%d8%b3-%d9%8a%d8%aa%d9%83%d9%81%d9%84-%d8%a8%d8%ad%d8%a7%d9%84%d8%a9-%d9%81%d8%aa%d8%a7%d8%a9-%d8%aa%d8%ad%d8%aa-1745295.html,
الله ميكنش شحال فرحت. يااااارب شافيها و شافي ملكنا وعطيه العز والنصر,الملك محمد السادس يتكفل بعملية جراحية دقيقة لشابة مغربية مريضة,https://www.hespress.com/%d8%a7%d9%84%d9%85%d9%84%d9%83-%d9%85%d8%ad%d9%85%d8%af-%d8%a7%d9%84%d8%b3%d8%a7%d8%af%d8%b3-%d9%8a%d8%aa%d9%83%d9%81%d9%84-%d8%a8%d8%ad%d8%a7%d9%84%d8%a9-%d9%81%d8%aa%d8%a7%d8%a9-%d8%aa%d8%ad%d8%aa-1745295.html,
الحمد لله على نعمة الملكية…..اللهم انصر ملكنا وشافيه وأبعد عنه أولاد الحرام……,الملك محمد السادس يتكفل بعملية جراحية دقيقة لشابة مغربية مريضة,https://www.hespress.com/%d8%a7%d9%84%d9%85%d9%84%d9%83-%d9%85%d8%ad%d9%85%d8%af-%d8%a7%d9%84%d8%b3%d8%a7%d8%af%d8%b3-%d9%8a%d8%aa%d9%83%d9%81%d9%84-%d8%a8%d8%ad%d8%a7%d9%84%d8%a9-%d9%81%d8%aa%d8%a7%d8%a9-%d8%aa%d8%ad%d8%aa-1745295.html,
حفظك الله يا أعز مالك الله ايشفيك ويحفظك من كل شر يارب العالمين,الملك محمد السادس يتكفل بعملية جراحية دقيقة لشابة مغربية مريضة,https://www.hespress.com/%d8%a7%d9%84%d9%85%d9%84%d9%83-%d9%85%d8%ad%d9%85%d8%af-%d8%a7%d9%84%d8%b3%d8%a7%d8%af%d8%b3-%d9%8a%d8%aa%d9%83%d9%81%d9%84-%d8%a8%d8%ad%d8%a7%d9%84%d8%a9-%d9%81%d8%aa%d8%a7%d8%a9-%d8%aa%d8%ad%d8%aa-1745295.html,
الله يطول في عمر سيدي. جزاكم الله خيرا، وايدكم وحفظكمالسلام عليكم ورحمة الله وبركاته,الملك محمد السادس يتكفل بعملية جراحية دقيقة لشابة مغربية مريضة,https://www.hespress.com/%d8%a7%d9%84%d9%85%d9%84%d9%83-%d9%85%d8%ad%d9%85%d8%af-%d8%a7%d9%84%d8%b3%d8%a7%d8%af%d8%b3-%d9%8a%d8%aa%d9%83%d9%81%d9%84-%d8%a8%d8%ad%d8%a7%d9%84%d8%a9-%d9%81%d8%aa%d8%a7%d8%a9-%d8%aa%d8%ad%d8%aa-1745295.html,
حفظ الله ملكنا الحبيب الله الوطن الملك,الملك محمد السادس يتكفل بعملية جراحية دقيقة لشابة مغربية مريضة,https://www.hespress.com/%d8%a7%d9%84%d9%85%d9%84%d9%83-%d9%85%d8%ad%d9%85%d8%af-%d8%a7%d9%84%d8%b3%d8%a7%d8%af%d8%b3-%d9%8a%d8%aa%d9%83%d9%81%d9%84-%d8%a8%d8%ad%d8%a7%d9%84%d8%a9-%d9%81%d8%aa%d8%a7%d8%a9-%d8%aa%d8%ad%d8%aa-1745295.html,
شفاك الله وعفاك واطال الله في عمرك ملكنا وحبيبنا الغالي نسأل الله أن يتقبلها في ميزان حسناتك,الملك محمد السادس يتكفل بعملية جراحية دقيقة لشابة مغربية مريضة,https://www.hespress.com/%d8%a7%d9%84%d9%85%d9%84%d9%83-%d9%85%d8%ad%d9%85%d8%af-%d8%a7%d9%84%d8%b3%d8%a7%d8%af%d8%b3-%d9%8a%d8%aa%d9%83%d9%81%d9%84-%d8%a8%d8%ad%d8%a7%d9%84%d8%a9-%d9%81%d8%aa%d8%a7%d8%a9-%d8%aa%d8%ad%d8%aa-1745295.html,
أحسن خبر سمعتو اليوم الله الوطن الملك,الملك محمد السادس يتكفل بعملية جراحية دقيقة لشابة مغربية مريضة,https://www.hespress.com/%d8%a7%d9%84%d9%85%d9%84%d9%83-%d9%85%d8%ad%d9%85%d8%af-%d8%a7%d9%84%d8%b3%d8%a7%d8%af%d8%b3-%d9%8a%d8%aa%d9%83%d9%81%d9%84-%d8%a8%d8%ad%d8%a7%d9%84%d8%a9-%d9%81%d8%aa%d8%a7%d8%a9-%d8%aa%d8%ad%d8%aa-1745295.html,
الله يبارك فعمر سيدي ويشافيه ويشافي جميع مرضى المسلمين .,الملك محمد السادس يتكفل بعملية جراحية دقيقة لشابة مغربية مريضة,https://www.hespress.com/%d8%a7%d9%84%d9%85%d9%84%d9%83-%d9%85%d8%ad%d9%85%d8%af-%d8%a7%d9%84%d8%b3%d8%a7%d8%af%d8%b3-%d9%8a%d8%aa%d9%83%d9%81%d9%84-%d8%a8%d8%ad%d8%a7%d9%84%d8%a9-%d9%81%d8%aa%d8%a7%d8%a9-%d8%aa%d8%ad%d8%aa-1745295.html,
الخير يوجد هند ملكا ولا يجد عند الحكومة ادا اردتم شيء فقصدوا باب الملك في بلدنا الحبيب الله تعطانا ملكا وحاكما ورؤوف بي شعبه ادعوا له بالصحة والعافية وطول العمر وان يحفظ له واي عهد الامير مولاي الحسن الله اكبر كبير والحمد الله كثيرًا باب ملكنا لا تخيب ولا ترد,الملك محمد السادس يتكفل بعملية جراحية دقيقة لشابة مغربية مريضة,https://www.hespress.com/%d8%a7%d9%84%d9%85%d9%84%d9%83-%d9%85%d8%ad%d9%85%d8%af-%d8%a7%d9%84%d8%b3%d8%a7%d8%af%d8%b3-%d9%8a%d8%aa%d9%83%d9%81%d9%84-%d8%a8%d8%ad%d8%a7%d9%84%d8%a9-%d9%81%d8%aa%d8%a7%d8%a9-%d8%aa%d8%ad%d8%aa-1745295.html,
اللهم دم الصحة و السلامة و العز و النصر و التمكين و الافراح و المسرات و التوفيق و التفوق باستمرار على ملكنا المفدى يارب العالمين و احفظه بما حفظت به الذكر الحكيم و كن له ولي و الحافظ و المعين اينما حل و ارتحل الرائد بجميع المقاييس في خدمة المغاربة المغرب بالسراء و الضراء دون ملل او كلل و بنكران الذات.,الملك محمد السادس يتكفل بعملية جراحية دقيقة لشابة مغربية مريضة,https://www.hespress.com/%d8%a7%d9%84%d9%85%d9%84%d9%83-%d9%85%d8%ad%d9%85%d8%af-%d8%a7%d9%84%d8%b3%d8%a7%d8%af%d8%b3-%d9%8a%d8%aa%d9%83%d9%81%d9%84-%d8%a8%d8%ad%d8%a7%d9%84%d8%a9-%d9%81%d8%aa%d8%a7%d8%a9-%d8%aa%d8%ad%d8%aa-1745295.html,
اية منظومة صحية هذه التي تعجز عن التكفل بعلاج مواطن كامل المواطنة من المسؤول عن خراب المنظومة الصحية الوطنية ؟ مستشفياتنا اصبحت خوردة وبقايا مستشفيات!!,الملك محمد السادس يتكفل بعملية جراحية دقيقة لشابة مغربية مريضة,https://www.hespress.com/%d8%a7%d9%84%d9%85%d9%84%d9%83-%d9%85%d8%ad%d9%85%d8%af-%d8%a7%d9%84%d8%b3%d8%a7%d8%af%d8%b3-%d9%8a%d8%aa%d9%83%d9%81%d9%84-%d8%a8%d8%ad%d8%a7%d9%84%d8%a9-%d9%81%d8%aa%d8%a7%d8%a9-%d8%aa%d8%ad%d8%aa-1745295.html,
اللهم احفظ الملك محمد السادس  من كل شر,الملك محمد السادس يتكفل بعملية جراحية دقيقة لشابة مغربية مريضة,https://www.hespress.com/%d8%a7%d9%84%d9%85%d9%84%d9%83-%d9%85%d8%ad%d9%85%d8%af-%d8%a7%d9%84%d8%b3%d8%a7%d8%af%d8%b3-%d9%8a%d8%aa%d9%83%d9%81%d9%84-%d8%a8%d8%ad%d8%a7%d9%84%d8%a9-%d9%81%d8%aa%d8%a7%d8%a9-%d8%aa%d8%ad%d8%aa-1745295.html,
لقد استنجدت الفتاة المسكينة بيد رحيمة تنقذها و لم يدر بخلدها أن اليد الممدودة التي كانت تسألها و التي ستنقذها  هي يد عاهل البلاد جلالة الملك محمد السادس حفظه  الله و رعاه ..,الملك محمد السادس يتكفل بعملية جراحية دقيقة لشابة مغربية مريضة,https://www.hespress.com/%d8%a7%d9%84%d9%85%d9%84%d9%83-%d9%85%d8%ad%d9%85%d8%af-%d8%a7%d9%84%d8%b3%d8%a7%d8%af%d8%b3-%d9%8a%d8%aa%d9%83%d9%81%d9%84-%d8%a8%d8%ad%d8%a7%d9%84%d8%a9-%d9%81%d8%aa%d8%a7%d8%a9-%d8%aa%d8%ad%d8%aa-1745295.html,
شكرا جلالة الملك، ربنا ييسر امرك و أمر جميع المحسنين,الملك محمد السادس يتكفل بعملية جراحية دقيقة لشابة مغربية مريضة,https://www.hespress.com/%d8%a7%d9%84%d9%85%d9%84%d9%83-%d9%85%d8%ad%d9%85%d8%af-%d8%a7%d9%84%d8%b3%d8%a7%d8%af%d8%b3-%d9%8a%d8%aa%d9%83%d9%81%d9%84-%d8%a8%d8%ad%d8%a7%d9%84%d8%a9-%d9%81%d8%aa%d8%a7%d8%a9-%d8%aa%d8%ad%d8%aa-1745295.html,
نعم سيدي و مولاي محمد السادس حفظه الله والأسرة الملكية الشريفة .اللهم احفظ ملك البلاد .عاش الملك,الملك محمد السادس يتكفل بعملية جراحية دقيقة لشابة مغربية مريضة,https://www.hespress.com/%d8%a7%d9%84%d9%85%d9%84%d9%83-%d9%85%d8%ad%d9%85%d8%af-%d8%a7%d9%84%d8%b3%d8%a7%d8%af%d8%b3-%d9%8a%d8%aa%d9%83%d9%81%d9%84-%d8%a8%d8%ad%d8%a7%d9%84%d8%a9-%d9%81%d8%aa%d8%a7%d8%a9-%d8%aa%d8%ad%d8%aa-1745295.html,
الاب لا يمكن ان يتخلى عن ابنائه الاب الحنون حفضه الله,الملك محمد السادس يتكفل بعملية جراحية دقيقة لشابة مغربية مريضة,https://www.hespress.com/%d8%a7%d9%84%d9%85%d9%84%d9%83-%d9%85%d8%ad%d9%85%d8%af-%d8%a7%d9%84%d8%b3%d8%a7%d8%af%d8%b3-%d9%8a%d8%aa%d9%83%d9%81%d9%84-%d8%a8%d8%ad%d8%a7%d9%84%d8%a9-%d9%81%d8%aa%d8%a7%d8%a9-%d8%aa%d8%ad%d8%aa-1745295.html,
أطال الله في عمرملكنا الحبيب العطوف الإنساني الأبوي وتقبل الله منه خير الأعمال وحفظه من كل مكروه اللهم شافيه وعافيه يارب العالمين اللهم كن له طبيباً واشف هذه الشابة التي أنهكها المرض اللهم عافيها وأخرج من جسمها كل مرض ومن بدنه كل علة ياشافي ويا من يقول للشيء كن فيكون .آميييييييييييين.,الملك محمد السادس يتكفل بعملية جراحية دقيقة لشابة مغربية مريضة,https://www.hespress.com/%d8%a7%d9%84%d9%85%d9%84%d9%83-%d9%85%d8%ad%d9%85%d8%af-%d8%a7%d9%84%d8%b3%d8%a7%d8%af%d8%b3-%d9%8a%d8%aa%d9%83%d9%81%d9%84-%d8%a8%d8%ad%d8%a7%d9%84%d8%a9-%d9%81%d8%aa%d8%a7%d8%a9-%d8%aa%d8%ad%d8%aa-1745295.html,
شكرا جلالة الملك …أدام الله نصركم و ألهمكم الصحة و طول العمر,الملك محمد السادس يتكفل بعملية جراحية دقيقة لشابة مغربية مريضة,https://www.hespress.com/%d8%a7%d9%84%d9%85%d9%84%d9%83-%d9%85%d8%ad%d9%85%d8%af-%d8%a7%d9%84%d8%b3%d8%a7%d8%af%d8%b3-%d9%8a%d8%aa%d9%83%d9%81%d9%84-%d8%a8%d8%ad%d8%a7%d9%84%d8%a9-%d9%81%d8%aa%d8%a7%d8%a9-%d8%aa%d8%ad%d8%aa-1745295.html,
أطال الله عمر ملكنا و سدد خطاه. التفاتة جميلة جداا,الملك محمد السادس يتكفل بعملية جراحية دقيقة لشابة مغربية مريضة,https://www.hespress.com/%d8%a7%d9%84%d9%85%d9%84%d9%83-%d9%85%d8%ad%d9%85%d8%af-%d8%a7%d9%84%d8%b3%d8%a7%d8%af%d8%b3-%d9%8a%d8%aa%d9%83%d9%81%d9%84-%d8%a8%d8%ad%d8%a7%d9%84%d8%a9-%d9%81%d8%aa%d8%a7%d8%a9-%d8%aa%d8%ad%d8%aa-1745295.html,
الله يبارك ف عمر سيدي محمد السادس المنصور بالله ويحفظ ولي عهده الأمير مولاي الحسن غمولاي رشيد وباقي افراد الأسرة الملكية المغربية الشريفة والشعب المغربي الأبي من طنجة إلى لگويرة إنه سميع مجيب,الملك محمد السادس يتكفل بعملية جراحية دقيقة لشابة مغربية مريضة,https://www.hespress.com/%d8%a7%d9%84%d9%85%d9%84%d9%83-%d9%85%d8%ad%d9%85%d8%af-%d8%a7%d9%84%d8%b3%d8%a7%d8%af%d8%b3-%d9%8a%d8%aa%d9%83%d9%81%d9%84-%d8%a8%d8%ad%d8%a7%d9%84%d8%a9-%d9%81%d8%aa%d8%a7%d8%a9-%d8%aa%d8%ad%d8%aa-1745295.html,
"Notre adorable Roi, layhfdo❤️❤️❤️❤️",الملك محمد السادس يتكفل بعملية جراحية دقيقة لشابة مغربية مريضة,https://www.hespress.com/%d8%a7%d9%84%d9%85%d9%84%d9%83-%d9%85%d8%ad%d9%85%d8%af-%d8%a7%d9%84%d8%b3%d8%a7%d8%af%d8%b3-%d9%8a%d8%aa%d9%83%d9%81%d9%84-%d8%a8%d8%ad%d8%a7%d9%84%d8%a9-%d9%81%d8%aa%d8%a7%d8%a9-%d8%aa%d8%ad%d8%aa-1745295.html,
ذلك هو الفوز العظيم صدق الله العظيم,الملك محمد السادس يتكفل بعملية جراحية دقيقة لشابة مغربية مريضة,https://www.hespress.com/%d8%a7%d9%84%d9%85%d9%84%d9%83-%d9%85%d8%ad%d9%85%d8%af-%d8%a7%d9%84%d8%b3%d8%a7%d8%af%d8%b3-%d9%8a%d8%aa%d9%83%d9%81%d9%84-%d8%a8%d8%ad%d8%a7%d9%84%d8%a9-%d9%81%d8%aa%d8%a7%d8%a9-%d8%aa%d8%ad%d8%aa-1745295.html,
الله ينصر سيدنا ا يشافيه شفاءا لا يغادر سقما,الملك محمد السادس يتكفل بعملية جراحية دقيقة لشابة مغربية مريضة,https://www.hespress.com/%d8%a7%d9%84%d9%85%d9%84%d9%83-%d9%85%d8%ad%d9%85%d8%af-%d8%a7%d9%84%d8%b3%d8%a7%d8%af%d8%b3-%d9%8a%d8%aa%d9%83%d9%81%d9%84-%d8%a8%d8%ad%d8%a7%d9%84%d8%a9-%d9%81%d8%aa%d8%a7%d8%a9-%d8%aa%d8%ad%d8%aa-1745295.html,
الله يبارك في عمر سيدي  الله يعطيك صححتك  وطول لعمر ويخليك لنا  تاج فوق رسنا ياربي العالمين  الله الوطن الملك الله يعطيك ما تمني ياربي العالمين  واحفط الاسرة العلوية واحفظ مولانا سيدي  الحسن ياربي العالمين ملكنا محمد السادس  اب الروحي  للمغاربة  والصحراء مغربية ونفتخر كمغاربة,الملك محمد السادس يتكفل بعملية جراحية دقيقة لشابة مغربية مريضة,https://www.hespress.com/%d8%a7%d9%84%d9%85%d9%84%d9%83-%d9%85%d8%ad%d9%85%d8%af-%d8%a7%d9%84%d8%b3%d8%a7%d8%af%d8%b3-%d9%8a%d8%aa%d9%83%d9%81%d9%84-%d8%a8%d8%ad%d8%a7%d9%84%d8%a9-%d9%81%d8%aa%d8%a7%d8%a9-%d8%aa%d8%ad%d8%aa-1745295.html,
عاش الملك حبيبناااا الغالي .الله يشفيه  وويحفضو لينا.  هكذا تكون الرجال.والله اانااا نحبه كثيرا .بناتي بكو فرحاااا بهاذا الخبر الجميل والمفرح,الملك محمد السادس يتكفل بعملية جراحية دقيقة لشابة مغربية مريضة,https://www.hespress.com/%d8%a7%d9%84%d9%85%d9%84%d9%83-%d9%85%d8%ad%d9%85%d8%af-%d8%a7%d9%84%d8%b3%d8%a7%d8%af%d8%b3-%d9%8a%d8%aa%d9%83%d9%81%d9%84-%d8%a8%d8%ad%d8%a7%d9%84%d8%a9-%d9%81%d8%aa%d8%a7%d8%a9-%d8%aa%d8%ad%d8%aa-1745295.html,
حفظكم الله ملكنا الغالي وسدد خطاكم.لفتة إنسانية ليست بغريبة على السدة العالية بالله.,الملك محمد السادس يتكفل بعملية جراحية دقيقة لشابة مغربية مريضة,https://www.hespress.com/%d8%a7%d9%84%d9%85%d9%84%d9%83-%d9%85%d8%ad%d9%85%d8%af-%d8%a7%d9%84%d8%b3%d8%a7%d8%af%d8%b3-%d9%8a%d8%aa%d9%83%d9%81%d9%84-%d8%a8%d8%ad%d8%a7%d9%84%d8%a9-%d9%81%d8%aa%d8%a7%d8%a9-%d8%aa%d8%ad%d8%aa-1745295.html,
الله يبارك في عمر سيدي ربي يشافيك و يعافيك سادعو لك في عرفات بادن الله تعالى,الملك محمد السادس يتكفل بعملية جراحية دقيقة لشابة مغربية مريضة,https://www.hespress.com/%d8%a7%d9%84%d9%85%d9%84%d9%83-%d9%85%d8%ad%d9%85%d8%af-%d8%a7%d9%84%d8%b3%d8%a7%d8%af%d8%b3-%d9%8a%d8%aa%d9%83%d9%81%d9%84-%d8%a8%d8%ad%d8%a7%d9%84%d8%a9-%d9%81%d8%aa%d8%a7%d8%a9-%d8%aa%d8%ad%d8%aa-1745295.html,
الله يشافيها يا رب و يعافيها ويجعل هاذا العمل في ميزان حسناته,الملك محمد السادس يتكفل بعملية جراحية دقيقة لشابة مغربية مريضة,https://www.hespress.com/%d8%a7%d9%84%d9%85%d9%84%d9%83-%d9%85%d8%ad%d9%85%d8%af-%d8%a7%d9%84%d8%b3%d8%a7%d8%af%d8%b3-%d9%8a%d8%aa%d9%83%d9%81%d9%84-%d8%a8%d8%ad%d8%a7%d9%84%d8%a9-%d9%81%d8%aa%d8%a7%d8%a9-%d8%aa%d8%ad%d8%aa-1745295.html,
الحمد لله والشكر لله  الرحمن الرحيم على أن استجاب الملك وتكفل بهاته البنت التي نطلب لها الشفاء العاجل من رب العالمين،، لكن هناك الكثير من المرضى بالمغرب اللذين لم يسعفهم الحظ في إيصال رسالتهم إلى الملك،، نتمنى إيجاد حل لجميع مرضانا في القريب العاجل إن شاء الله،،,الملك محمد السادس يتكفل بعملية جراحية دقيقة لشابة مغربية مريضة,https://www.hespress.com/%d8%a7%d9%84%d9%85%d9%84%d9%83-%d9%85%d8%ad%d9%85%d8%af-%d8%a7%d9%84%d8%b3%d8%a7%d8%af%d8%b3-%d9%8a%d8%aa%d9%83%d9%81%d9%84-%d8%a8%d8%ad%d8%a7%d9%84%d8%a9-%d9%81%d8%aa%d8%a7%d8%a9-%d8%aa%d8%ad%d8%aa-1745295.html,
اللهــــــــم احفظه بما حفظت به الذكــــــر الحكيم,الملك محمد السادس يتكفل بعملية جراحية دقيقة لشابة مغربية مريضة,https://www.hespress.com/%d8%a7%d9%84%d9%85%d9%84%d9%83-%d9%85%d8%ad%d9%85%d8%af-%d8%a7%d9%84%d8%b3%d8%a7%d8%af%d8%b3-%d9%8a%d8%aa%d9%83%d9%81%d9%84-%d8%a8%d8%ad%d8%a7%d9%84%d8%a9-%d9%81%d8%aa%d8%a7%d8%a9-%d8%aa%d8%ad%d8%aa-1745295.html,
قلت لكم أن المغاربة لهم روح التضامن و على رأسهم جلالة الملك . هذه هي شيم المغاربة.  إن الله لا يضيع أجر من أحسن عملا.,الملك محمد السادس يتكفل بعملية جراحية دقيقة لشابة مغربية مريضة,https://www.hespress.com/%d8%a7%d9%84%d9%85%d9%84%d9%83-%d9%85%d8%ad%d9%85%d8%af-%d8%a7%d9%84%d8%b3%d8%a7%d8%af%d8%b3-%d9%8a%d8%aa%d9%83%d9%81%d9%84-%d8%a8%d8%ad%d8%a7%d9%84%d8%a9-%d9%81%d8%aa%d8%a7%d8%a9-%d8%aa%d8%ad%d8%aa-1745295.html,
الحمد لله الذي بفضله تتم النعم…الملك تجده في كثير من الأحيان يقوم بدور وجب ان تقوم به بعض الوزارات…نداء هذه الشابة كان من الأجدر ان يتحرك وزير الصحة للقيام بهذه المهمة الانسانية، لماذا ننتظر الملك؟ ليعلم الجميع انه مهما لم ولن نرضى عن بعض الأشياء في بلدنا الحبيب نقول دائما عاش الملك، ليس خوفا او تملقا كما يضن البعض ولكن حبا وتشبتا بالملكية في المغرب الى ان يرث الله الأرض ومن عليها,الملك محمد السادس يتكفل بعملية جراحية دقيقة لشابة مغربية مريضة,https://www.hespress.com/%d8%a7%d9%84%d9%85%d9%84%d9%83-%d9%85%d8%ad%d9%85%d8%af-%d8%a7%d9%84%d8%b3%d8%a7%d8%af%d8%b3-%d9%8a%d8%aa%d9%83%d9%81%d9%84-%d8%a8%d8%ad%d8%a7%d9%84%d8%a9-%d9%81%d8%aa%d8%a7%d8%a9-%d8%aa%d8%ad%d8%aa-1745295.html,
الحمد لله و الشكر لله . الله يحفظ ملك البلاد جلالة الملك محمد السادس نصره الله .,الملك محمد السادس يتكفل بعملية جراحية دقيقة لشابة مغربية مريضة,https://www.hespress.com/%d8%a7%d9%84%d9%85%d9%84%d9%83-%d9%85%d8%ad%d9%85%d8%af-%d8%a7%d9%84%d8%b3%d8%a7%d8%af%d8%b3-%d9%8a%d8%aa%d9%83%d9%81%d9%84-%d8%a8%d8%ad%d8%a7%d9%84%d8%a9-%d9%81%d8%aa%d8%a7%d8%a9-%d8%aa%d8%ad%d8%aa-1745295.html,
الله اشافي هاد لبنية، واحفظ ملكنا الحبيب وطول لينا في عمره,الملك محمد السادس يتكفل بعملية جراحية دقيقة لشابة مغربية مريضة,https://www.hespress.com/%d8%a7%d9%84%d9%85%d9%84%d9%83-%d9%85%d8%ad%d9%85%d8%af-%d8%a7%d9%84%d8%b3%d8%a7%d8%af%d8%b3-%d9%8a%d8%aa%d9%83%d9%81%d9%84-%d8%a8%d8%ad%d8%a7%d9%84%d8%a9-%d9%81%d8%aa%d8%a7%d8%a9-%d8%aa%d8%ad%d8%aa-1745295.html,
جزاه الله خير ولكنهل تم توفير  العلاج اللازم لنوع من الناس في المغرب. لمثل هذه الحالات الطارئة,الملك محمد السادس يتكفل بعملية جراحية دقيقة لشابة مغربية مريضة,https://www.hespress.com/%d8%a7%d9%84%d9%85%d9%84%d9%83-%d9%85%d8%ad%d9%85%d8%af-%d8%a7%d9%84%d8%b3%d8%a7%d8%af%d8%b3-%d9%8a%d8%aa%d9%83%d9%81%d9%84-%d8%a8%d8%ad%d8%a7%d9%84%d8%a9-%d9%81%d8%aa%d8%a7%d8%a9-%d8%aa%d8%ad%d8%aa-1745295.html,
هذه الالتفاتة الملكية الكريمة هي رسالة أمل متجددة، تؤكد أن أبناء هذا الوطن ليسوا وحدهم في مواجهة المرض والمحن. تكفل جلالة الملك بعلاج هذه المريضة يترجم بجلاء مفهوم ‘الملك القريب من هموم شعبه’، وهي مكرمة تنضاف إلى سجل حافل من المبادرات الإنسانية التي تزرع الفرح في قلوب الأسر المغربية. حفظ الله ملكنا بما حفظ به الذكر الحكيم.,الملك محمد السادس يتكفل بعملية جراحية دقيقة لشابة مغربية مريضة,https://www.hespress.com/%d8%a7%d9%84%d9%85%d9%84%d9%83-%d9%85%d8%ad%d9%85%d8%af-%d8%a7%d9%84%d8%b3%d8%a7%d8%af%d8%b3-%d9%8a%d8%aa%d9%83%d9%81%d9%84-%d8%a8%d8%ad%d8%a7%d9%84%d8%a9-%d9%81%d8%aa%d8%a7%d8%a9-%d8%aa%d8%ad%d8%aa-1745295.html,
شكرا هسبريس من القلب لانكم صوت مسموع ورقم واحد بالنسبة لي عافاكم ولو حالة وحدة في الشهر هكداسيكون الاتر اجتماعي انساني محضوشكرا صاحب الجلالة لك منا كل الحب والاحترام بلا بيك راه هاد الوطن والو,الملك محمد السادس يتكفل بعملية جراحية دقيقة لشابة مغربية مريضة,https://www.hespress.com/%d8%a7%d9%84%d9%85%d9%84%d9%83-%d9%85%d8%ad%d9%85%d8%af-%d8%a7%d9%84%d8%b3%d8%a7%d8%af%d8%b3-%d9%8a%d8%aa%d9%83%d9%81%d9%84-%d8%a8%d8%ad%d8%a7%d9%84%d8%a9-%d9%81%d8%aa%d8%a7%d8%a9-%d8%aa%d8%ad%d8%aa-1745295.html,
ليس بغريب على ملكنا العزيز.أطال الله في عمره.❤️,الملك محمد السادس يتكفل بعملية جراحية دقيقة لشابة مغربية مريضة,https://www.hespress.com/%d8%a7%d9%84%d9%85%d9%84%d9%83-%d9%85%d8%ad%d9%85%d8%af-%d8%a7%d9%84%d8%b3%d8%a7%d8%af%d8%b3-%d9%8a%d8%aa%d9%83%d9%81%d9%84-%d8%a8%d8%ad%d8%a7%d9%84%d8%a9-%d9%81%d8%aa%d8%a7%d8%a9-%d8%aa%d8%ad%d8%aa-1745295.html,
حفظه الله وبرك في عمره .نصر الله الله على من عاداه,الملك محمد السادس يتكفل بعملية جراحية دقيقة لشابة مغربية مريضة,https://www.hespress.com/%d8%a7%d9%84%d9%85%d9%84%d9%83-%d9%85%d8%ad%d9%85%d8%af-%d8%a7%d9%84%d8%b3%d8%a7%d8%af%d8%b3-%d9%8a%d8%aa%d9%83%d9%81%d9%84-%d8%a8%d8%ad%d8%a7%d9%84%d8%a9-%d9%81%d8%aa%d8%a7%d8%a9-%d8%aa%d8%ad%d8%aa-1745295.html,
انا شاهدت فيديو الفتاة المريضة و قطعت قلبي. شكرا لكم صاحب الجلالة على استجابتكم و زادكم الله خيرا و شفاكم و حفظكم من كل مكروه,الملك محمد السادس يتكفل بعملية جراحية دقيقة لشابة مغربية مريضة,https://www.hespress.com/%d8%a7%d9%84%d9%85%d9%84%d9%83-%d9%85%d8%ad%d9%85%d8%af-%d8%a7%d9%84%d8%b3%d8%a7%d8%af%d8%b3-%d9%8a%d8%aa%d9%83%d9%81%d9%84-%d8%a8%d8%ad%d8%a7%d9%84%d8%a9-%d9%81%d8%aa%d8%a7%d8%a9-%d8%aa%d8%ad%d8%aa-1745295.html,
ينظر لرعاياه كأبناء له.حفظه الله من كل مكروه وعافاه وشافاه وأدام له النصر والتمكين,الملك محمد السادس يتكفل بعملية جراحية دقيقة لشابة مغربية مريضة,https://www.hespress.com/%d8%a7%d9%84%d9%85%d9%84%d9%83-%d9%85%d8%ad%d9%85%d8%af-%d8%a7%d9%84%d8%b3%d8%a7%d8%af%d8%b3-%d9%8a%d8%aa%d9%83%d9%81%d9%84-%d8%a8%d8%ad%d8%a7%d9%84%d8%a9-%d9%81%d8%aa%d8%a7%d8%a9-%d8%aa%d8%ad%d8%aa-1745295.html,
دام عزكم سيدي محمد إلى الأبد الله يشفيكم ويعافيكم وينصركم نصرا عزيزا شكرا والله يرحم الوالدين,الملك محمد السادس يتكفل بعملية جراحية دقيقة لشابة مغربية مريضة,https://www.hespress.com/%d8%a7%d9%84%d9%85%d9%84%d9%83-%d9%85%d8%ad%d9%85%d8%af-%d8%a7%d9%84%d8%b3%d8%a7%d8%af%d8%b3-%d9%8a%d8%aa%d9%83%d9%81%d9%84-%d8%a8%d8%ad%d8%a7%d9%84%d8%a9-%d9%81%d8%aa%d8%a7%d8%a9-%d8%aa%d8%ad%d8%aa-1745295.html,
بارك الله في ملكنا الحبيب.ولاكن نطرح السؤال هل لا يوجد اختصاصيين ولا مصحات  في هاد الميدان في المغرب  وإدا كان هناك عدة مرضى في المغرب مادا يفعلون إدا  أصيب بهاد المرض مادا ينتضرهم ان الله وأن إليه راجعون,الملك محمد السادس يتكفل بعملية جراحية دقيقة لشابة مغربية مريضة,https://www.hespress.com/%d8%a7%d9%84%d9%85%d9%84%d9%83-%d9%85%d8%ad%d9%85%d8%af-%d8%a7%d9%84%d8%b3%d8%a7%d8%af%d8%b3-%d9%8a%d8%aa%d9%83%d9%81%d9%84-%d8%a8%d8%ad%d8%a7%d9%84%d8%a9-%d9%81%d8%aa%d8%a7%d8%a9-%d8%aa%d8%ad%d8%aa-1745295.html,
شكرا جزيلا لصاحب الجلالة الملك العظيم  و الأب الحنون لكل المغاربة على وقوفه الى جانب هذه الشابة المسكينة التي رقت إليها قلوب جميع المغاربة اللهم احفظ لنا ملكنا و انعم عليه بالصحة و العافية واجعل عمله هذا في ميزان حسناته,الملك محمد السادس يتكفل بعملية جراحية دقيقة لشابة مغربية مريضة,https://www.hespress.com/%d8%a7%d9%84%d9%85%d9%84%d9%83-%d9%85%d8%ad%d9%85%d8%af-%d8%a7%d9%84%d8%b3%d8%a7%d8%af%d8%b3-%d9%8a%d8%aa%d9%83%d9%81%d9%84-%d8%a8%d8%ad%d8%a7%d9%84%d8%a9-%d9%81%d8%aa%d8%a7%d8%a9-%d8%aa%d8%ad%d8%aa-1745295.html,
يكفيني فخرا و عزا انني مغربي و الله يكثر من امثالك و يطيل في عمرك امين يارب العالمين .,الملك محمد السادس يتكفل بعملية جراحية دقيقة لشابة مغربية مريضة,https://www.hespress.com/%d8%a7%d9%84%d9%85%d9%84%d9%83-%d9%85%d8%ad%d9%85%d8%af-%d8%a7%d9%84%d8%b3%d8%a7%d8%af%d8%b3-%d9%8a%d8%aa%d9%83%d9%81%d9%84-%d8%a8%d8%ad%d8%a7%d9%84%d8%a9-%d9%81%d8%aa%d8%a7%d8%a9-%d8%aa%d8%ad%d8%aa-1745295.html,
هذا يجب أن يكون متوفرا لجميع المغاربة وخصوصاً الطبقة الهشة,الملك محمد السادس يتكفل بعملية جراحية دقيقة لشابة مغربية مريضة,https://www.hespress.com/%d8%a7%d9%84%d9%85%d9%84%d9%83-%d9%85%d8%ad%d9%85%d8%af-%d8%a7%d9%84%d8%b3%d8%a7%d8%af%d8%b3-%d9%8a%d8%aa%d9%83%d9%81%d9%84-%d8%a8%d8%ad%d8%a7%d9%84%d8%a9-%d9%81%d8%aa%d8%a7%d8%a9-%d8%aa%d8%ad%d8%aa-1745295.html,
الله يرحم ليك اميمتك والله يشفيك لينا.,الملك محمد السادس يتكفل بعملية جراحية دقيقة لشابة مغربية مريضة,https://www.hespress.com/%d8%a7%d9%84%d9%85%d9%84%d9%83-%d9%85%d8%ad%d9%85%d8%af-%d8%a7%d9%84%d8%b3%d8%a7%d8%af%d8%b3-%d9%8a%d8%aa%d9%83%d9%81%d9%84-%d8%a8%d8%ad%d8%a7%d9%84%d8%a9-%d9%81%d8%aa%d8%a7%d8%a9-%d8%aa%d8%ad%d8%aa-1745295.html,
من انقد نفسها كأنه أ نقد العالم كله.جزاك الله خيرا في الدنيا والآخرة يا أمير المؤمنين,الملك محمد السادس يتكفل بعملية جراحية دقيقة لشابة مغربية مريضة,https://www.hespress.com/%d8%a7%d9%84%d9%85%d9%84%d9%83-%d9%85%d8%ad%d9%85%d8%af-%d8%a7%d9%84%d8%b3%d8%a7%d8%af%d8%b3-%d9%8a%d8%aa%d9%83%d9%81%d9%84-%d8%a8%d8%ad%d8%a7%d9%84%d8%a9-%d9%81%d8%aa%d8%a7%d8%a9-%d8%aa%d8%ad%d8%aa-1745295.html,
اللهم لك الحمد اللهم لك الحمد اللهم لك الحمد والله دعوة من قلبي والدموع تنزل اثناء مشاهدة فيديو هده الفتاة ودعوة الله ان يرمي الرحمة في قلب أحد من عباده لك الحمد يا الله سبحانك ما ارحمك,الملك محمد السادس يتكفل بعملية جراحية دقيقة لشابة مغربية مريضة,https://www.hespress.com/%d8%a7%d9%84%d9%85%d9%84%d9%83-%d9%85%d8%ad%d9%85%d8%af-%d8%a7%d9%84%d8%b3%d8%a7%d8%af%d8%b3-%d9%8a%d8%aa%d9%83%d9%81%d9%84-%d8%a8%d8%ad%d8%a7%d9%84%d8%a9-%d9%81%d8%aa%d8%a7%d8%a9-%d8%aa%d8%ad%d8%aa-1745295.html,
حفظ الله جلالة الملك محمد السادس ذخرا للبلاد و العباد,الملك محمد السادس يتكفل بعملية جراحية دقيقة لشابة مغربية مريضة,https://www.hespress.com/%d8%a7%d9%84%d9%85%d9%84%d9%83-%d9%85%d8%ad%d9%85%d8%af-%d8%a7%d9%84%d8%b3%d8%a7%d8%af%d8%b3-%d9%8a%d8%aa%d9%83%d9%81%d9%84-%d8%a8%d8%ad%d8%a7%d9%84%d8%a9-%d9%81%d8%aa%d8%a7%d8%a9-%d8%aa%d8%ad%d8%aa-1745295.html,
ملكنا الحبيب . الله لا يخطيك علينا . الحمد لله الصوت وصل,الملك محمد السادس يتكفل بعملية جراحية دقيقة لشابة مغربية مريضة,https://www.hespress.com/%d8%a7%d9%84%d9%85%d9%84%d9%83-%d9%85%d8%ad%d9%85%d8%af-%d8%a7%d9%84%d8%b3%d8%a7%d8%af%d8%b3-%d9%8a%d8%aa%d9%83%d9%81%d9%84-%d8%a8%d8%ad%d8%a7%d9%84%d8%a9-%d9%81%d8%aa%d8%a7%d8%a9-%d8%aa%d8%ad%d8%aa-1745295.html,
القضاء ضروري  من اجل العدالة  من المصحات الى المستشفيات ومتابعة  كل من تسولت نفسه  للاهمال والجشع المادي المفرط دون انسانية  اخلاقية  او القيم الدينية والخوف من العقاب الالهي,القضاء يباشر محاكمة مصحة خاصة,https://www.hespress.com/%d8%a7%d9%84%d9%82%d8%b6%d8%a7%d8%a1-%d9%8a%d8%a8%d8%a7%d8%b4%d8%b1-%d9%85%d8%ad%d8%a7%d9%83%d9%85%d8%a9-%d9%85%d8%b5%d8%ad%d8%a9-%d8%ae%d8%a7%d8%b5%d8%a9-1745116.html,
والله كون كانو المغاربة رجال نيت يديرو ليه مقاطعة شاملة .. ونخليو ليهم الحولي فيديهم باش العام الجاي يستفدو من الدرس وما يبقاوش ينخر جيوب المغاربة,ضعف الإقبال على أضاحي العيد يربك “الكسابة” والأسعار تواصل الارتفاع,https://www.hespress.com/%d8%b6%d8%b9%d9%81-%d8%a7%d9%84%d8%a5%d9%82%d8%a8%d8%a7%d9%84-%d8%b9%d9%84%d9%89-%d8%a3%d8%b6%d8%a7%d8%ad%d9%8a-%d8%a7%d9%84%d8%b9%d9%8a%d8%af-%d9%8a%d8%b1%d8%a8%d9%83-%d8%a7%d9%84%d9%83-1745095.html,
ورد عن أحد الكسابة:” موضحا أن المواطن “يعد همه هو شراء الكبش وفقط؛ بل أصبح يبحث عن الجودة …”الله با ودي المواطن هذا العام كاعما مسوق ليكم، راه وصلات ليه العظم نشوفوا بعدا غير حريرة هورمووووز فين وصلات !!!,ضعف الإقبال على أضاحي العيد يربك “الكسابة” والأسعار تواصل الارتفاع,https://www.hespress.com/%d8%b6%d8%b9%d9%81-%d8%a7%d9%84%d8%a5%d9%82%d8%a8%d8%a7%d9%84-%d8%b9%d9%84%d9%89-%d8%a3%d8%b6%d8%a7%d8%ad%d9%8a-%d8%a7%d9%84%d8%b9%d9%8a%d8%af-%d9%8a%d8%b1%d8%a8%d9%83-%d8%a7%d9%84%d9%83-1745095.html,
حسب الحكومة العرض يفوق الطلب بكثير و لذلك انهيار الاسعار مسألة وقت.ما زاد الطين بلة هو الوسطاء الذين دخلوا على الخط و اشتروا الاكباش بثمن غالي و يحاولون تسويقها مع ارباح كبيرة.اذا صبر المغاربة سيقع لهؤلاء ما وقع لشناقة زيت الزيتون ، في الاخير سينهار الثمن خاصة مع توفر الكلأ هذه السنة و انخفاض العلف .,ضعف الإقبال على أضاحي العيد يربك “الكسابة” والأسعار تواصل الارتفاع,https://www.hespress.com/%d8%b6%d8%b9%d9%81-%d8%a7%d9%84%d8%a5%d9%82%d8%a8%d8%a7%d9%84-%d8%b9%d9%84%d9%89-%d8%a3%d8%b6%d8%a7%d8%ad%d9%8a-%d8%a7%d9%84%d8%b9%d9%8a%d8%af-%d9%8a%d8%b1%d8%a8%d9%83-%d8%a7%d9%84%d9%83-1745095.html,
حان الوقت  لإعادة تربية الانتهازيين والسماسرة  بجملة واحدة (خليه ايبعبع) .فالحل بين ايدينا لا بيد غيرنا.  أقسمت ان لا اشتريه وان لا اورط نفسي في ذبيحة من أجل اللحم . لأننا لا نتصدق بالثلث لمن يدعى السنة  ولا يقوم بها.,ضعف الإقبال على أضاحي العيد يربك “الكسابة” والأسعار تواصل الارتفاع,https://www.hespress.com/%d8%b6%d8%b9%d9%81-%d8%a7%d9%84%d8%a5%d9%82%d8%a8%d8%a7%d9%84-%d8%b9%d9%84%d9%89-%d8%a3%d8%b6%d8%a7%d8%ad%d9%8a-%d8%a7%d9%84%d8%b9%d9%8a%d8%af-%d9%8a%d8%b1%d8%a8%d9%83-%d8%a7%d9%84%d9%83-1745095.html,
السلام عليكم..وللاسف الشديد افرغ عيد الاضحى من محتواه الديني… واصبح فقط مناسبة لقنص جيوب المواطنين ….قروض من اجل الاضحيه وقروض من اجل رمضان وقروض من اجل عبد الفطر….نتمنى من صاحب الجلالة أن يرفع الحرج عن المغاربة وللسنة الثانية والثالثة على التوالي. عاش الملك,ضعف الإقبال على أضاحي العيد يربك “الكسابة” والأسعار تواصل الارتفاع,https://www.hespress.com/%d8%b6%d8%b9%d9%81-%d8%a7%d9%84%d8%a5%d9%82%d8%a8%d8%a7%d9%84-%d8%b9%d9%84%d9%89-%d8%a3%d8%b6%d8%a7%d8%ad%d9%8a-%d8%a7%d9%84%d8%b9%d9%8a%d8%af-%d9%8a%d8%b1%d8%a8%d9%83-%d8%a7%d9%84%d9%83-1745095.html,
لا حدث،خليه يبعبع…………….,ضعف الإقبال على أضاحي العيد يربك “الكسابة” والأسعار تواصل الارتفاع,https://www.hespress.com/%d8%b6%d8%b9%d9%81-%d8%a7%d9%84%d8%a5%d9%82%d8%a8%d8%a7%d9%84-%d8%b9%d9%84%d9%89-%d8%a3%d8%b6%d8%a7%d8%ad%d9%8a-%d8%a7%d9%84%d8%b9%d9%8a%d8%af-%d9%8a%d8%b1%d8%a8%d9%83-%d8%a7%d9%84%d9%83-1745095.html,
بكل وضوح وصراحة يجب على الدولة التحرك لقطع الطريق عن السماسرة والشناقة وخلق جمعيات للمربي المواشي وفرض اتمنة معقولة تلبي طلبات المواطن البسيط,ضعف الإقبال على أضاحي العيد يربك “الكسابة” والأسعار تواصل الارتفاع,https://www.hespress.com/%d8%b6%d8%b9%d9%81-%d8%a7%d9%84%d8%a5%d9%82%d8%a8%d8%a7%d9%84-%d8%b9%d9%84%d9%89-%d8%a3%d8%b6%d8%a7%d8%ad%d9%8a-%d8%a7%d9%84%d8%b9%d9%8a%d8%af-%d9%8a%d8%b1%d8%a8%d9%83-%d8%a7%d9%84%d9%83-1745095.html,
الكسابة مازال عندهم  حسابات مع جيوب المشتري ويريد تغطية خساءره بعد الغاء العيد السنة الماضية سترون بعد العيد جميع الكسابة بسيارات فاخرة  مستغلبن  سذاجة المواطنين وتمسكهم بالسنة والدين ليغعلو في جيوبهم مايشاؤون,ضعف الإقبال على أضاحي العيد يربك “الكسابة” والأسعار تواصل الارتفاع,https://www.hespress.com/%d8%b6%d8%b9%d9%81-%d8%a7%d9%84%d8%a5%d9%82%d8%a8%d8%a7%d9%84-%d8%b9%d9%84%d9%89-%d8%a3%d8%b6%d8%a7%d8%ad%d9%8a-%d8%a7%d9%84%d8%b9%d9%8a%d8%af-%d9%8a%d8%b1%d8%a8%d9%83-%d8%a7%d9%84%d9%83-1745095.html,
من قال لا توجد أسرة مغربية لا تشتري الأضحية هناك العديد غير قادر وهناك فئة لا مبالية وهناك فئة ادا كان السوق في المتناول يشترون في حالة الغلاء هناك الجزار ونتمنى الخير للجميع الفلاح والمشتري,ضعف الإقبال على أضاحي العيد يربك “الكسابة” والأسعار تواصل الارتفاع,https://www.hespress.com/%d8%b6%d8%b9%d9%81-%d8%a7%d9%84%d8%a5%d9%82%d8%a8%d8%a7%d9%84-%d8%b9%d9%84%d9%89-%d8%a3%d8%b6%d8%a7%d8%ad%d9%8a-%d8%a7%d9%84%d8%b9%d9%8a%d8%af-%d9%8a%d8%b1%d8%a8%d9%83-%d8%a7%d9%84%d9%83-1745095.html,
خاليه يبابع واش المواطن ملقيش حتى باش يشرى مطيشة والبطاطا عساك باش يشرى الحولى باربعة الالف درهم هاذا راه الحماق ديال هادوا الكسابة والشناقة ديالهم الله يعمل شى تاويل الخير,ضعف الإقبال على أضاحي العيد يربك “الكسابة” والأسعار تواصل الارتفاع,https://www.hespress.com/%d8%b6%d8%b9%d9%81-%d8%a7%d9%84%d8%a5%d9%82%d8%a8%d8%a7%d9%84-%d8%b9%d9%84%d9%89-%d8%a3%d8%b6%d8%a7%d8%ad%d9%8a-%d8%a7%d9%84%d8%b9%d9%8a%d8%af-%d9%8a%d8%b1%d8%a8%d9%83-%d8%a7%d9%84%d9%83-1745095.html,
رغم ان هذا المسؤول يقر ان هناك غلاء غير نبرر، وانه لا يعرف سبب هذا الغلاء.. فهو ينتظر من المغاربة ان يرضخوا لانه لا يمكن ان لا يشتروا الاضحية، كيف ذلك و لماذا لا يمكن ان يبقوا بدون كبش؟ انتم من يشوش و تصريحاتكم هي اللتي تدفع المغاربة عن العزوف فعلا.. وليس خليه يبعبع.... كثير من المغاربة يقاطعون حتى الميسورين والمتدينين منهم.. ليس لغلاء الاضحية، لكن لكي لا يساهموا في ترسيخ هذا الابتزاز الدنيئ الخسيس، الدخيل على مجتمعهم ولا ينتمي لاي عرف ولا دين.... والاسلام وشعيرته برآء من هذا.. ابتزاز المسلمين بشعائر الدين !لاحول ولاقوة الا بالله، وحسبنا الله ونعم الوكيل,ضعف الإقبال على أضاحي العيد يربك “الكسابة” والأسعار تواصل الارتفاع,https://www.hespress.com/%d8%b6%d8%b9%d9%81-%d8%a7%d9%84%d8%a5%d9%82%d8%a8%d8%a7%d9%84-%d8%b9%d9%84%d9%89-%d8%a3%d8%b6%d8%a7%d8%ad%d9%8a-%d8%a7%d9%84%d8%b9%d9%8a%d8%af-%d9%8a%d8%b1%d8%a8%d9%83-%d8%a7%d9%84%d9%83-1745095.html,
المقاطعة ثم المقاطعة ثم المقاطعة، لتعم الفاءدة، الى متى سنتفيق!!!,ضعف الإقبال على أضاحي العيد يربك “الكسابة” والأسعار تواصل الارتفاع,https://www.hespress.com/%d8%b6%d8%b9%d9%81-%d8%a7%d9%84%d8%a5%d9%82%d8%a8%d8%a7%d9%84-%d8%b9%d9%84%d9%89-%d8%a3%d8%b6%d8%a7%d8%ad%d9%8a-%d8%a7%d9%84%d8%b9%d9%8a%d8%af-%d9%8a%d8%b1%d8%a8%d9%83-%d8%a7%d9%84%d9%83-1745095.html,
خلييييييه يبعبعععععععععع حتى تنهار أسعاره ردا على ابتزاز فراقشية و شناقة قطاع الفلاحة و تربية المواشي,ضعف الإقبال على أضاحي العيد يربك “الكسابة” والأسعار تواصل الارتفاع,https://www.hespress.com/%d8%b6%d8%b9%d9%81-%d8%a7%d9%84%d8%a5%d9%82%d8%a8%d8%a7%d9%84-%d8%b9%d9%84%d9%89-%d8%a3%d8%b6%d8%a7%d8%ad%d9%8a-%d8%a7%d9%84%d8%b9%d9%8a%d8%af-%d9%8a%d8%b1%d8%a8%d9%83-%d8%a7%d9%84%d9%83-1745095.html,
الكاتب الجهوي لتجار اللحوم الحمراء بالجملة بجهة الدار البيضاء- سطات  ادعى ان لا توجد أسرة مغربية يمكنها أن تستغني عن شراء الأضحية . بل بالعكس كثير من الأسر وانا أحدهم استغنينا عن الاضحية . واكتفينا بشراء بعض الكيلوهات من اللحم والحمد لله ان هدانا إلى المقاطعة,ضعف الإقبال على أضاحي العيد يربك “الكسابة” والأسعار تواصل الارتفاع,https://www.hespress.com/%d8%b6%d8%b9%d9%81-%d8%a7%d9%84%d8%a5%d9%82%d8%a8%d8%a7%d9%84-%d8%b9%d9%84%d9%89-%d8%a3%d8%b6%d8%a7%d8%ad%d9%8a-%d8%a7%d9%84%d8%b9%d9%8a%d8%af-%d9%8a%d8%b1%d8%a8%d9%83-%d8%a7%d9%84%d9%83-1745095.html,
هل نحن مرغمون، بالطبع لا .الحد الأقصى لثمن الاضحية يجب الا يتجاوز، 2000 درهم لان المواطن البسيط ليست له القدرة المادية .في ظل موجة الغلاء المهيمنة .,ضعف الإقبال على أضاحي العيد يربك “الكسابة” والأسعار تواصل الارتفاع,https://www.hespress.com/%d8%b6%d8%b9%d9%81-%d8%a7%d9%84%d8%a5%d9%82%d8%a8%d8%a7%d9%84-%d8%b9%d9%84%d9%89-%d8%a3%d8%b6%d8%a7%d8%ad%d9%8a-%d8%a7%d9%84%d8%b9%d9%8a%d8%af-%d9%8a%d8%b1%d8%a8%d9%83-%d8%a7%d9%84%d9%83-1745095.html,
الشناقة والسماسرة بجشعهم للأسف الشديد حولوا المناسبة الدينية أو شعيرة عيد الأضحى إلى فزاعة غير مرغوب فيها وغير مرحب بها تحولت الفرحة إلى عبء وهم وشر يحزن أكثر ما يفرح..,ضعف الإقبال على أضاحي العيد يربك “الكسابة” والأسعار تواصل الارتفاع,https://www.hespress.com/%d8%b6%d8%b9%d9%81-%d8%a7%d9%84%d8%a5%d9%82%d8%a8%d8%a7%d9%84-%d8%b9%d9%84%d9%89-%d8%a3%d8%b6%d8%a7%d8%ad%d9%8a-%d8%a7%d9%84%d8%b9%d9%8a%d8%af-%d9%8a%d8%b1%d8%a8%d9%83-%d8%a7%d9%84%d9%83-1745095.html,
ارتفاع الاسعار لا يتماشى مع ضعف الاقبال ، الطبيعي ان تنخفض الاسعار لان المواطن لن يشتري اذا استمرت الاوضاع كما هي,ضعف الإقبال على أضاحي العيد يربك “الكسابة” والأسعار تواصل الارتفاع,https://www.hespress.com/%d8%b6%d8%b9%d9%81-%d8%a7%d9%84%d8%a5%d9%82%d8%a8%d8%a7%d9%84-%d8%b9%d9%84%d9%89-%d8%a3%d8%b6%d8%a7%d8%ad%d9%8a-%d8%a7%d9%84%d8%b9%d9%8a%d8%af-%d9%8a%d8%b1%d8%a8%d9%83-%d8%a7%d9%84%d9%83-1745095.html,
اتفق مع ابن تومرت في دعوته لمقاطعة شراء الاضحيات. الأمر كله رهين الاستطاعة و ما دام الشناقة و الكسابة لم يراعوا ان الموسم كان ممطر و ياخدون الدعم من الدولة فان الصواب هو إلا يذهب احد لشراء الأضحية و سيحصل للشناقة تماما كما حصل لاصحاب الزيتون الذين اختمر المحصول بين أيديهم لدرجة ان بعضهم يدعوا الناس لجني الزيتون مجانا من الحقولشنو غادي يحصل لو ان كل واحد اشترى له كيلوا لحم قبل العيد او كيلو سمك و ترك الشناقة حاصلين في الأكباش؟ النتيجة هي انه غداة العيد سوف تنزل اثمنة لحم الخروف و الأبقار و سوف ياخد الشناقة درسا لن ينسوه أبداعفاكم قاطعوا القطعان,ضعف الإقبال على أضاحي العيد يربك “الكسابة” والأسعار تواصل الارتفاع,https://www.hespress.com/%d8%b6%d8%b9%d9%81-%d8%a7%d9%84%d8%a5%d9%82%d8%a8%d8%a7%d9%84-%d8%b9%d9%84%d9%89-%d8%a3%d8%b6%d8%a7%d8%ad%d9%8a-%d8%a7%d9%84%d8%b9%d9%8a%d8%af-%d9%8a%d8%b1%d8%a8%d9%83-%d8%a7%d9%84%d9%83-1745095.html,
الحمد لله وفرة القطيع في بلادنا أكثر من المتوقع لا داعي للاستيراد. ولكن كثرة الشناقة والمضاربين والبعض من الكسابة الذين هم سبب الغلاء جعلوا الكثير من المواطنين سيقاطعون الأضحية هذا العام.,ضعف الإقبال على أضاحي العيد يربك “الكسابة” والأسعار تواصل الارتفاع,https://www.hespress.com/%d8%b6%d8%b9%d9%81-%d8%a7%d9%84%d8%a5%d9%82%d8%a8%d8%a7%d9%84-%d8%b9%d9%84%d9%89-%d8%a3%d8%b6%d8%a7%d8%ad%d9%8a-%d8%a7%d9%84%d8%b9%d9%8a%d8%af-%d9%8a%d8%b1%d8%a8%d9%83-%d8%a7%d9%84%d9%83-1745095.html,
عجيب امر عدد كبير من المغاربة. رغم قلة الامكانيات يصرون على شراء الأضحية رغم أنها سنة مؤكدة ليست من أركان الإسلام. من قام بها فهو ماجور و من يريد لا يقوم بها لا حرج عليه. هناك من لا يقوم حتى بالفراؤض الواجبة و لا يصلي اصلا و يتكلم عن السنة. هذا مقياس لتحضير الشعوب و الأمم. من أراد أن يشتري كبشا و له القدرة بصحتو و الل معندوش و لا مبغاش هو حر. و السلام,ضعف الإقبال على أضاحي العيد يربك “الكسابة” والأسعار تواصل الارتفاع,https://www.hespress.com/%d8%b6%d8%b9%d9%81-%d8%a7%d9%84%d8%a5%d9%82%d8%a8%d8%a7%d9%84-%d8%b9%d9%84%d9%89-%d8%a3%d8%b6%d8%a7%d8%ad%d9%8a-%d8%a7%d9%84%d8%b9%d9%8a%d8%af-%d9%8a%d8%b1%d8%a8%d9%83-%d8%a7%d9%84%d9%83-1745095.html,
والله ماشاغلي بالي بالعيد . هو سنة مؤكدة لمن استطاع اليه سبيلا. الاسبوع الاخير من العيد نمشي للسوق .لقيت الثمن جد مناسب وكل شاة تستحق ثمنها ناخد الاضحية ونبينا عليه السلام. كان الثمن مبالغ فيه وكاين النصب والعافية شاعلة . غنخرج بحالي وناحد 500 درهم مخلطة مابين الثقلية وشوية اللحم وراس غنمي. وندوز دوك اليومين مع الاولاد ونخرجهم وماينصب علينا حد. ان الله يحب المؤمن القوي وليس الضعيف لي تابع الشهوات وخالق الفتنة والغلاء,ضعف الإقبال على أضاحي العيد يربك “الكسابة” والأسعار تواصل الارتفاع,https://www.hespress.com/%d8%b6%d8%b9%d9%81-%d8%a7%d9%84%d8%a5%d9%82%d8%a8%d8%a7%d9%84-%d8%b9%d9%84%d9%89-%d8%a3%d8%b6%d8%a7%d8%ad%d9%8a-%d8%a7%d9%84%d8%b9%d9%8a%d8%af-%d9%8a%d8%b1%d8%a8%d9%83-%d8%a7%d9%84%d9%83-1745095.html,
"لأنه لا توجد أسرة مغربية يمكنها أن تستغني عن شراء الأضحية , ههههه غير عول هو مجرد عادة لا علاقة له بأي عبادة و لا يمكن التقرب الى الله بحولي و تنسى الأصل و هو العمل الصالح. فالاضحية ليست عملا صالحا. اللذين آمنوا وعملوا الصالحات.",ضعف الإقبال على أضاحي العيد يربك “الكسابة” والأسعار تواصل الارتفاع,https://www.hespress.com/%d8%b6%d8%b9%d9%81-%d8%a7%d9%84%d8%a5%d9%82%d8%a8%d8%a7%d9%84-%d8%b9%d9%84%d9%89-%d8%a3%d8%b6%d8%a7%d8%ad%d9%8a-%d8%a7%d9%84%d8%b9%d9%8a%d8%af-%d9%8a%d8%b1%d8%a8%d9%83-%d8%a7%d9%84%d9%83-1745095.html,
خليه يبعبع لن اشتريه حتى يصبح ثمنه لا يتجاوز 2000 درهم,ضعف الإقبال على أضاحي العيد يربك “الكسابة” والأسعار تواصل الارتفاع,https://www.hespress.com/%d8%b6%d8%b9%d9%81-%d8%a7%d9%84%d8%a5%d9%82%d8%a8%d8%a7%d9%84-%d8%b9%d9%84%d9%89-%d8%a3%d8%b6%d8%a7%d8%ad%d9%8a-%d8%a7%d9%84%d8%b9%d9%8a%d8%af-%d9%8a%d8%b1%d8%a8%d9%83-%d8%a7%d9%84%d9%83-1745095.html,
مغاربة رجال تبارك الله  عطو العربون فالحولا ديال  الاسواق الكبرى باقي محطوش التمن  شراو الحوت فالبحر  مادا يعني هادا,ضعف الإقبال على أضاحي العيد يربك “الكسابة” والأسعار تواصل الارتفاع,https://www.hespress.com/%d8%b6%d8%b9%d9%81-%d8%a7%d9%84%d8%a5%d9%82%d8%a8%d8%a7%d9%84-%d8%b9%d9%84%d9%89-%d8%a3%d8%b6%d8%a7%d8%ad%d9%8a-%d8%a7%d9%84%d8%b9%d9%8a%d8%af-%d9%8a%d8%b1%d8%a8%d9%83-%d8%a7%d9%84%d9%83-1745095.html,
ذنوب المغاربة على الشناقا و الكسابة و المسؤولين لي تيتفرجو و ساكتين ولينا ف غابة القوي ياكل الضعيف,ضعف الإقبال على أضاحي العيد يربك “الكسابة” والأسعار تواصل الارتفاع,https://www.hespress.com/%d8%b6%d8%b9%d9%81-%d8%a7%d9%84%d8%a5%d9%82%d8%a8%d8%a7%d9%84-%d8%b9%d9%84%d9%89-%d8%a3%d8%b6%d8%a7%d8%ad%d9%8a-%d8%a7%d9%84%d8%b9%d9%8a%d8%af-%d9%8a%d8%b1%d8%a8%d9%83-%d8%a7%d9%84%d9%83-1745095.html,
الحل الوحيد هو المقاطعة حتى تطبيق أسعار معقولة في متناول الطبقة الضعيفة والمتوسطة، حتى ولو اقتضى الحال  عدم دبح الأضحية  ، استفدتم من الدعم للاستيراد والأعلاف من أموال المغاربة والأعشاب متوفرة بفظل الله ،  وتريدون تطبيق الأسعار والاثمنة على مزاجكم والربح على مأساة المواطنين,ضعف الإقبال على أضاحي العيد يربك “الكسابة” والأسعار تواصل الارتفاع,https://www.hespress.com/%d8%b6%d8%b9%d9%81-%d8%a7%d9%84%d8%a5%d9%82%d8%a8%d8%a7%d9%84-%d8%b9%d9%84%d9%89-%d8%a3%d8%b6%d8%a7%d8%ad%d9%8a-%d8%a7%d9%84%d8%b9%d9%8a%d8%af-%d9%8a%d8%b1%d8%a8%d9%83-%d8%a7%d9%84%d9%83-1745095.html,
خويا يمكن للاسر ان تستغني عن الاضحية علاش لا ادا كان الدين يقول لا يكلف الله نفسا الا وسعها علاش نشري خولي اصلا تمنو الحقيقي هو 1600/2000 درهم ونشريه ب 5000 درهم هدا راه منكر وظلم لا يسمح به الله وندير الخاطر للكساب اللي لا يراعي الدين زالخوف من الله خليه عندك اخويا بلاش من هاد الحولي,ضعف الإقبال على أضاحي العيد يربك “الكسابة” والأسعار تواصل الارتفاع,https://www.hespress.com/%d8%b6%d8%b9%d9%81-%d8%a7%d9%84%d8%a5%d9%82%d8%a8%d8%a7%d9%84-%d8%b9%d9%84%d9%89-%d8%a3%d8%b6%d8%a7%d8%ad%d9%8a-%d8%a7%d9%84%d8%b9%d9%8a%d8%af-%d9%8a%d8%b1%d8%a8%d9%83-%d8%a7%d9%84%d9%83-1745095.html,
العيد سنة ويمكن الاستغناء عنه لغلائه ولا إثم عليك حتى ولو الكبش بالف درهم ولقد تبث أن أبى بكر وعمر بن الخطاب كان لا يضحيان مخافة ان بظن الناس ان الأضحية واجبة,ضعف الإقبال على أضاحي العيد يربك “الكسابة” والأسعار تواصل الارتفاع,https://www.hespress.com/%d8%b6%d8%b9%d9%81-%d8%a7%d9%84%d8%a5%d9%82%d8%a8%d8%a7%d9%84-%d8%b9%d9%84%d9%89-%d8%a3%d8%b6%d8%a7%d8%ad%d9%8a-%d8%a7%d9%84%d8%b9%d9%8a%d8%af-%d9%8a%d8%b1%d8%a8%d9%83-%d8%a7%d9%84%d9%83-1745095.html,
وشدد المتحدث ذاته على أن “مروجي الشائعات وحملات خليه “يْبَعْبَعْ” يشوشون فقط على المغاربة؛ لأنه لا توجد أسرة مغربية يمكنها أن تستغني عن شراء الأضحية”.سأعلق على هذا التصريح فقط، ورسالة لهذا المؤول، المغاربة لم يعد لهم مشكل في انهم يستغون على اضاحي العيط فقط لأنهم يوجهون شجع الكسابة وسرقة (الشناقة),ضعف الإقبال على أضاحي العيد يربك “الكسابة” والأسعار تواصل الارتفاع,https://www.hespress.com/%d8%b6%d8%b9%d9%81-%d8%a7%d9%84%d8%a5%d9%82%d8%a8%d8%a7%d9%84-%d8%b9%d9%84%d9%89-%d8%a3%d8%b6%d8%a7%d8%ad%d9%8a-%d8%a7%d9%84%d8%b9%d9%8a%d8%af-%d9%8a%d8%b1%d8%a8%d9%83-%d8%a7%d9%84%d9%83-1745095.html,
رغم توفر الامكانيات المادية الحمد لله عائلتي لم تقم بشراء العيد اكثر من سبع سنوات لان اي شيء ارتفع ثمنه بشكل خرافي من حس المواطنة و المسؤولية يجب مقاطعة هذ المنتوج,ضعف الإقبال على أضاحي العيد يربك “الكسابة” والأسعار تواصل الارتفاع,https://www.hespress.com/%d8%b6%d8%b9%d9%81-%d8%a7%d9%84%d8%a5%d9%82%d8%a8%d8%a7%d9%84-%d8%b9%d9%84%d9%89-%d8%a3%d8%b6%d8%a7%d8%ad%d9%8a-%d8%a7%d9%84%d8%b9%d9%8a%d8%af-%d9%8a%d8%b1%d8%a8%d9%83-%d8%a7%d9%84%d9%83-1745095.html,
حملة وطنية تحت شعار خليه يبعبع انتشرت في جميع المدن المغربية  وذلك  في مصلحة الطبقة  الفقيرة  هنا تطرح السؤال  ولم نتلقى  أي جواب لماذا تم منح الدعم للمستوؤدين أصحاب الشكارة  والاسعار   في ارتفاع متزايد   اللحوم الحمراء  الاغنام  الأبقار   زد كذلك  فوضى الاسعار  في الاسعار  بدخول  الشناقة  حيث (الحولي)  يباع 3 مرات عد يوصل  لعند الضحية   اذا أين هو دور الحكومة  البرلمان  الأحزاب  الصمت المطلق,ضعف الإقبال على أضاحي العيد يربك “الكسابة” والأسعار تواصل الارتفاع,https://www.hespress.com/%d8%b6%d8%b9%d9%81-%d8%a7%d9%84%d8%a5%d9%82%d8%a8%d8%a7%d9%84-%d8%b9%d9%84%d9%89-%d8%a3%d8%b6%d8%a7%d8%ad%d9%8a-%d8%a7%d9%84%d8%b9%d9%8a%d8%af-%d9%8a%d8%b1%d8%a8%d9%83-%d8%a7%d9%84%d9%83-1745095.html,
في العالم العربي، وفي أفريقيا، وفي العالم الإسلامي، تعتبر الأغنام الجزائرية أفضل أنواع الأضاحي عالية الجودة لعيد الأضحى.,ضعف الإقبال على أضاحي العيد يربك “الكسابة” والأسعار تواصل الارتفاع,https://www.hespress.com/%d8%b6%d8%b9%d9%81-%d8%a7%d9%84%d8%a5%d9%82%d8%a8%d8%a7%d9%84-%d8%b9%d9%84%d9%89-%d8%a3%d8%b6%d8%a7%d8%ad%d9%8a-%d8%a7%d9%84%d8%b9%d9%8a%d8%af-%d9%8a%d8%b1%d8%a8%d9%83-%d8%a7%d9%84%d9%83-1745095.html,
نحسبوها عليميا بدرهم بدرهم انا رب اسرة عندي طفلة غدي نوض نشري حولي بي 5000 درهم ديك 5000  درهم غدي نشري لبنتي شي طابليط ونشري لمرتي شي هدية ديال الفضة ولي بقا غدي نسافرو بيه نوض انا نعطي 5000 درهم لواحد سمسار باش ناكل اللحم لمدة 48 ساعة هذ الكسابة واقيلا بدا اهرب عليهم القطار ومعارفينش إتأقلمو معى هذ العصر شتي بهذ الاثمنة لي باغين تبيعو بيها حتى لي عندو الامكانبات مستحيل اشارك في هذ المهزلة,ضعف الإقبال على أضاحي العيد يربك “الكسابة” والأسعار تواصل الارتفاع,https://www.hespress.com/%d8%b6%d8%b9%d9%81-%d8%a7%d9%84%d8%a5%d9%82%d8%a8%d8%a7%d9%84-%d8%b9%d9%84%d9%89-%d8%a3%d8%b6%d8%a7%d8%ad%d9%8a-%d8%a7%d9%84%d8%b9%d9%8a%d8%af-%d9%8a%d8%b1%d8%a8%d9%83-%d8%a7%d9%84%d9%83-1745095.html,
الجزائر هي الدولة الوحيدة بين الدول العربية والأفريقية والإسلامية القادرة على توفير خروف لكل عائلة حتى لو تم الاحتفال بعيد الأضحى كل شهر.ما ينطبق على عيد الأضحى ينطبق كذلك على كأس العالم.,ضعف الإقبال على أضاحي العيد يربك “الكسابة” والأسعار تواصل الارتفاع,https://www.hespress.com/%d8%b6%d8%b9%d9%81-%d8%a7%d9%84%d8%a5%d9%82%d8%a8%d8%a7%d9%84-%d8%b9%d9%84%d9%89-%d8%a3%d8%b6%d8%a7%d8%ad%d9%8a-%d8%a7%d9%84%d8%b9%d9%8a%d8%af-%d9%8a%d8%b1%d8%a8%d9%83-%d8%a7%d9%84%d9%83-1745095.html,
سوف ينزل الثمن في اليوم الاخير من العيد لان العرض سيصبح اكتر من الطلب,ضعف الإقبال على أضاحي العيد يربك “الكسابة” والأسعار تواصل الارتفاع,https://www.hespress.com/%d8%b6%d8%b9%d9%81-%d8%a7%d9%84%d8%a5%d9%82%d8%a8%d8%a7%d9%84-%d8%b9%d9%84%d9%89-%d8%a3%d8%b6%d8%a7%d8%ad%d9%8a-%d8%a7%d9%84%d8%b9%d9%8a%d8%af-%d9%8a%d8%b1%d8%a8%d9%83-%d8%a7%d9%84%d9%83-1745095.html,
الجزائر هي الدولة الوحيدة بين الدول العربية والأفريقية والإسلامية القادرة على توفير خروف لكل عائلة حتى لو تم الاحتفال بعيد الأضحى كل شهر. وما ينطبق على عيد الأضحى ينطبق كذلك على تنظيم كأس العالم.,ضعف الإقبال على أضاحي العيد يربك “الكسابة” والأسعار تواصل الارتفاع,https://www.hespress.com/%d8%b6%d8%b9%d9%81-%d8%a7%d9%84%d8%a5%d9%82%d8%a8%d8%a7%d9%84-%d8%b9%d9%84%d9%89-%d8%a3%d8%b6%d8%a7%d8%ad%d9%8a-%d8%a7%d9%84%d8%b9%d9%8a%d8%af-%d9%8a%d8%b1%d8%a8%d9%83-%d8%a7%d9%84%d9%83-1745095.html,
الى السيد الجوابري. اعد انني لن اشتري الخروف . و نزيدك خليه يبعبع.  الخير جاء من عند الله و الشناقة شاعلين العافية ….. خليه يبعبع,ضعف الإقبال على أضاحي العيد يربك “الكسابة” والأسعار تواصل الارتفاع,https://www.hespress.com/%d8%b6%d8%b9%d9%81-%d8%a7%d9%84%d8%a5%d9%82%d8%a8%d8%a7%d9%84-%d8%b9%d9%84%d9%89-%d8%a3%d8%b6%d8%a7%d8%ad%d9%8a-%d8%a7%d9%84%d8%b9%d9%8a%d8%af-%d9%8a%d8%b1%d8%a8%d9%83-%d8%a7%d9%84%d9%83-1745095.html,
خليه ابعبع ، هاد العام غادي ندير بناقص، 5000 درهم الحولي ، غادي نشري بيها الحوت والدجاج وشوية اللحم وندوز بها شهر ديال كاس العالم مخير وفرحان ونصلي ونصدق منها . هاد الشناقة والانتهازيين كون كانو فعلا مسلمين گاع ميستغلو الفقراء,ضعف الإقبال على أضاحي العيد يربك “الكسابة” والأسعار تواصل الارتفاع,https://www.hespress.com/%d8%b6%d8%b9%d9%81-%d8%a7%d9%84%d8%a5%d9%82%d8%a8%d8%a7%d9%84-%d8%b9%d9%84%d9%89-%d8%a3%d8%b6%d8%a7%d8%ad%d9%8a-%d8%a7%d9%84%d8%b9%d9%8a%d8%af-%d9%8a%d8%b1%d8%a8%d9%83-%d8%a7%d9%84%d9%83-1745095.html,
التفسير واضح، الكساب يبيع للفراقشي الذي هو يبيع لفراقشي اخر الذي هو كذلك يبيع لفراقشي اخر في مدينة كبرى فكيف لا يمكن الثمن ان لا يرتفع ؟ اما الاستيراد فهو قاءم منذ مدة ولم يحل المشكل. الحل الوحيد الذي يمكن أن يخرجنا من هذه الفوضى يوجد بيد المستهلك الذي بدأ يعي هذا الريع المتسلط امام اعين حكومة اصحابها ذوو ثراء فاحش جعلهم لا يحسون بألم المواطن البءيس. فالمقاطعة هي الحل الوحيد للدفاع عن حقوق المستهلك.,ضعف الإقبال على أضاحي العيد يربك “الكسابة” والأسعار تواصل الارتفاع,https://www.hespress.com/%d8%b6%d8%b9%d9%81-%d8%a7%d9%84%d8%a5%d9%82%d8%a8%d8%a7%d9%84-%d8%b9%d9%84%d9%89-%d8%a3%d8%b6%d8%a7%d8%ad%d9%8a-%d8%a7%d9%84%d8%b9%d9%8a%d8%af-%d9%8a%d8%b1%d8%a8%d9%83-%d8%a7%d9%84%d9%83-1745095.html,
"من المتوقع أن تنهار الأسعار بسبب أن هناك الآلف من الناس  لن يشترو لأضحية هده السنة لسبب من لأسباب . الله يكون في عوان الجميع , و الله يرزقنا من فضله و رحمته",ضعف الإقبال على أضاحي العيد يربك “الكسابة” والأسعار تواصل الارتفاع,https://www.hespress.com/%d8%b6%d8%b9%d9%81-%d8%a7%d9%84%d8%a5%d9%82%d8%a8%d8%a7%d9%84-%d8%b9%d9%84%d9%89-%d8%a3%d8%b6%d8%a7%d8%ad%d9%8a-%d8%a7%d9%84%d8%b9%d9%8a%d8%af-%d9%8a%d8%b1%d8%a8%d9%83-%d8%a7%d9%84%d9%83-1745095.html,
هاذي فضيحة كبرى انا ممعيدش العيد اصبح قربان للشفارة ومعهم السماسرية .,ضعف الإقبال على أضاحي العيد يربك “الكسابة” والأسعار تواصل الارتفاع,https://www.hespress.com/%d8%b6%d8%b9%d9%81-%d8%a7%d9%84%d8%a5%d9%82%d8%a8%d8%a7%d9%84-%d8%b9%d9%84%d9%89-%d8%a3%d8%b6%d8%a7%d8%ad%d9%8a-%d8%a7%d9%84%d8%b9%d9%8a%d8%af-%d9%8a%d8%b1%d8%a8%d9%83-%d8%a7%d9%84%d9%83-1745095.html,
استغنينا على العيد . انا عندي 4 اطفال و مغنعيدش . اولا  غالي . و زيد مبقات حلاوة . لتولي تتسلف باش نعيد . اظن مبقا عيد . خليه يبعبع. الحمد لله الدين واضح .لا يكلف الله نفسا إلا وسعها. لحم راه تنكلوه على قد الجهد . ولله الحمد,ضعف الإقبال على أضاحي العيد يربك “الكسابة” والأسعار تواصل الارتفاع,https://www.hespress.com/%d8%b6%d8%b9%d9%81-%d8%a7%d9%84%d8%a5%d9%82%d8%a8%d8%a7%d9%84-%d8%b9%d9%84%d9%89-%d8%a3%d8%b6%d8%a7%d8%ad%d9%8a-%d8%a7%d9%84%d8%b9%d9%8a%d8%af-%d9%8a%d8%b1%d8%a8%d9%83-%d8%a7%d9%84%d9%83-1745095.html,
توجد العديد من الأسر المغربية التي يمكنها الاستغناء عن الأضحية بسبب الغلاء الفاحش,ضعف الإقبال على أضاحي العيد يربك “الكسابة” والأسعار تواصل الارتفاع,https://www.hespress.com/%d8%b6%d8%b9%d9%81-%d8%a7%d9%84%d8%a5%d9%82%d8%a8%d8%a7%d9%84-%d8%b9%d9%84%d9%89-%d8%a3%d8%b6%d8%a7%d8%ad%d9%8a-%d8%a7%d9%84%d8%b9%d9%8a%d8%af-%d9%8a%d8%b1%d8%a8%d9%83-%d8%a7%d9%84%d9%83-1745095.html,
مسكين المواطن ، إختلط عليه الدين مع التجارة مع الإسترزاق و الغنى على حساب أمواله.لو رب الأسرة شغل عقله قليلا ، سيتخلص من المرض و العقدة و هلك جيبه.الله يحب و يرضى دائما على عباده الصالحين ، ما كانت رضى الله تعالى مقرونة أو مشروطة بذبح خروف و أكل لحمه.,ضعف الإقبال على أضاحي العيد يربك “الكسابة” والأسعار تواصل الارتفاع,https://www.hespress.com/%d8%b6%d8%b9%d9%81-%d8%a7%d9%84%d8%a5%d9%82%d8%a8%d8%a7%d9%84-%d8%b9%d9%84%d9%89-%d8%a3%d8%b6%d8%a7%d8%ad%d9%8a-%d8%a7%d9%84%d8%b9%d9%8a%d8%af-%d9%8a%d8%b1%d8%a8%d9%83-%d8%a7%d9%84%d9%83-1745095.html,
غدي الندير لي في إستطاعتي نفيق بكري و نمشي الصلاة العيد و نبارك الأقارب و الأحباب صافي أما الحولي مبقيتش قاد على ثمن ديالوا نهار يرجع في متناول مرحبا لا يحمل الله نفسا إلا وسعها ، و بالنسبة للناس لي كتكوليك غير على قبل دراري الله سبحانه مكالش لينا ضحيو على قبل دراري مقالش لينا إلى مقدرتوش على الحاولي ضحي بولدك ، و هاد الدراري خصهوم يعرفوا الواقع اشنوا فيه حتا لين غدي تخبي عليهوم اللهم يعرفوا من دبا ،,ضعف الإقبال على أضاحي العيد يربك “الكسابة” والأسعار تواصل الارتفاع,https://www.hespress.com/%d8%b6%d8%b9%d9%81-%d8%a7%d9%84%d8%a5%d9%82%d8%a8%d8%a7%d9%84-%d8%b9%d9%84%d9%89-%d8%a3%d8%b6%d8%a7%d8%ad%d9%8a-%d8%a7%d9%84%d8%b9%d9%8a%d8%af-%d9%8a%d8%b1%d8%a8%d9%83-%d8%a7%d9%84%d9%83-1745095.html,
ضعف الاقبال وارتفاع الاسعار، الشناقة يحاولون عدم الانحناء للموجة وما على المغاربة سوى تلقينهم درسا لن ينسوه. هادو زيدوهم على باردين لكتاف. يريدون الاستغناء على ظهر الفقراء عبر شراء الاضاحي واعادة بيعها باثمنة باهظة.,ضعف الإقبال على أضاحي العيد يربك “الكسابة” والأسعار تواصل الارتفاع,https://www.hespress.com/%d8%b6%d8%b9%d9%81-%d8%a7%d9%84%d8%a5%d9%82%d8%a8%d8%a7%d9%84-%d8%b9%d9%84%d9%89-%d8%a3%d8%b6%d8%a7%d8%ad%d9%8a-%d8%a7%d9%84%d8%b9%d9%8a%d8%af-%d9%8a%d8%b1%d8%a8%d9%83-%d8%a7%d9%84%d9%83-1745095.html,
والله الا مقاطع اللحم بجميع انواعه تضامنا وضدا في ممارسات عديمي الخلق الضمير ،واذا لم اوفق ان احيي شعيرة العيد فلا ارى عيب في ذلك.,ضعف الإقبال على أضاحي العيد يربك “الكسابة” والأسعار تواصل الارتفاع,https://www.hespress.com/%d8%b6%d8%b9%d9%81-%d8%a7%d9%84%d8%a5%d9%82%d8%a8%d8%a7%d9%84-%d8%b9%d9%84%d9%89-%d8%a3%d8%b6%d8%a7%d8%ad%d9%8a-%d8%a7%d9%84%d8%b9%d9%8a%d8%af-%d9%8a%d8%b1%d8%a8%d9%83-%d8%a7%d9%84%d9%83-1745095.html,
أصبحنا نجد البلطجيين وأصحاب السوابق يتصدرون المشهد الاجتماعي والاقتصادي في كل المجالات ،  ونجدهم في سوق الجملة وفي مواقف السيارات وفي الشارع العام وفي الأسواق الحضرية والقروية وفي محطات القطارات والحافلات وفي زاوية كل درب أو زنقة نجد جماعة من البلطجيين يبيعون سجائر التقسيط أو أشياء أخرى . فهل تريد الدولة أن تعيد إدماج هؤلاء الناس المنعدمي الضمير والأخلاق والدين على حساب مجتمع مغربي مدني أصيل له قرون طويلة من الحضارة والتاريخ ؟ هل الشعب المغربي يستحق أن يعامل بمثل هذه الفضاضة والخشونة من طرف هؤلاء الأشخاص في كل مناسبة دينية أو موسم ؟ والله قد انقلبت الموازين على هذا المجتمع الطيب . الكل أصبح مضاربا أو شناقا على حسابنا ، فمتى يعود إلينا الصفاء والهناء الذي كنا نعيش فيه أيام زمان ؟,ضعف الإقبال على أضاحي العيد يربك “الكسابة” والأسعار تواصل الارتفاع,https://www.hespress.com/%d8%b6%d8%b9%d9%81-%d8%a7%d9%84%d8%a5%d9%82%d8%a8%d8%a7%d9%84-%d8%b9%d9%84%d9%89-%d8%a3%d8%b6%d8%a7%d8%ad%d9%8a-%d8%a7%d9%84%d8%b9%d9%8a%d8%af-%d9%8a%d8%b1%d8%a8%d9%83-%d8%a7%d9%84%d9%83-1745095.html,
",اناشد واطالب من كل من هو مغربي قح.ان يتركو الاكباش لهؤلاء الذين يتلددون بمعاناتنا والذين لا تهمهم اوضاع شريح واااسعة من مجتمعنا الفقير .يجب ان نتحد ول مرة واحدة للقضاء على من يتاجر في فقرنا.اذا تركتم العيد عذه السنة.واللحم بصفة عامة لمذة شهر او شهرين اقسم بالله حتى يصل ثمن لحم اليقر اربعون درهم والغنمي خمسون درهم على ابعد تقدير.كما سمعنا ان حتى الفحم زاد ثمنه اذ اصبح يصل الى خمسة عشرة درهم بالله عليكم اين الحكومة التي صوتم عليها اين نواب الامة اين النقابات .فهؤلاء كلهم يتأمرون على الشعب .لا لشراء العيد لا لتصويت على اللصوص ومن يتلدد بمعناتنا نحن الفقراء واقسم بالله ماني شري .كفى كفى فيقو عيقو يا فقراء لازم نترك لهم كل شيء فيه ريع وزيادة الماء الخبز ولا دل .كون كانت حكومة حكومة ونواب الامة نواب ونقابة نقابة والجمعيات المسترزقة جمعيات لوقفو نع الفقراء ولا سقفو الاثمن في الاسواق لازم اللحم تسقفهزالدولة في ثلاثون درهم فقط ولا نريد منها انزتعطي الدعم لتجار الجشعين كيف يعقل تعطيهم الدعم ويكوننا في جيوبنا .لازم الغاء الدعم",ضعف الإقبال على أضاحي العيد يربك “الكسابة” والأسعار تواصل الارتفاع,https://www.hespress.com/%d8%b6%d8%b9%d9%81-%d8%a7%d9%84%d8%a5%d9%82%d8%a8%d8%a7%d9%84-%d8%b9%d9%84%d9%89-%d8%a3%d8%b6%d8%a7%d8%ad%d9%8a-%d8%a7%d9%84%d8%b9%d9%8a%d8%af-%d9%8a%d8%b1%d8%a8%d9%83-%d8%a7%d9%84%d9%83-1745095.html,
حكومة الغلاء و الاحتكار و ارتفاع الأسعار و منها خلال مسؤوليها في قطاع الفلاحة و تربية المواشي متواطئة مع كبار شناقة و فراقشية القطاع  ضدا في القدرة الشرائية المنهارة للمواطن و المستهلك المغربي الكادح و المفقر الذي قهرته مظاهر الغلاء و تضخم الأسعار و ارتفاعها الصاروخي و تغول سماسرة الأليغارشية المالية الاحتكارية,ضعف الإقبال على أضاحي العيد يربك “الكسابة” والأسعار تواصل الارتفاع,https://www.hespress.com/%d8%b6%d8%b9%d9%81-%d8%a7%d9%84%d8%a5%d9%82%d8%a8%d8%a7%d9%84-%d8%b9%d9%84%d9%89-%d8%a3%d8%b6%d8%a7%d8%ad%d9%8a-%d8%a7%d9%84%d8%b9%d9%8a%d8%af-%d9%8a%d8%b1%d8%a8%d9%83-%d8%a7%d9%84%d9%83-1745095.html,
من جهتي سواء اتفق المغاربة ام لم يتفقوا اذا كانت الخروف غالي ساهلة ساضحي بفروج وبعض اللحم وشوية ديال الشواء. لاننا نعلم ان هذه الاثمنة مبالغ فيها بشكل كبير ولا يكلف الله نفسا الا وسعها. ساطبق هذا على نفسي واسرتي موافقة وعائلتي ستتخذ نفس المنهاج,ضعف الإقبال على أضاحي العيد يربك “الكسابة” والأسعار تواصل الارتفاع,https://www.hespress.com/%d8%b6%d8%b9%d9%81-%d8%a7%d9%84%d8%a5%d9%82%d8%a8%d8%a7%d9%84-%d8%b9%d9%84%d9%89-%d8%a3%d8%b6%d8%a7%d8%ad%d9%8a-%d8%a7%d9%84%d8%b9%d9%8a%d8%af-%d9%8a%d8%b1%d8%a8%d9%83-%d8%a7%d9%84%d9%83-1745095.html,
انا مع تعليق رقم 01 ؟؟؟؟؟؟؟؟؟؟؟؟؟؟؟؟؟؟؟؟؟؟؟؟؟؟؟؟؟؟؟؟؟؟؟؟؟؟؟؟؟؟؟,ضعف الإقبال على أضاحي العيد يربك “الكسابة” والأسعار تواصل الارتفاع,https://www.hespress.com/%d8%b6%d8%b9%d9%81-%d8%a7%d9%84%d8%a5%d9%82%d8%a8%d8%a7%d9%84-%d8%b9%d9%84%d9%89-%d8%a3%d8%b6%d8%a7%d8%ad%d9%8a-%d8%a7%d9%84%d8%b9%d9%8a%d8%af-%d9%8a%d8%b1%d8%a8%d9%83-%d8%a7%d9%84%d9%83-1745095.html,
اقترح على اللي باغي يعيد ويفرح وليداتو بحالي، يدخل السوق و هو هاز ورقة كاتب فيها  الثمن اللي قادر يشري بيه الحولي، الى لقا اللي يبع ليه يتوكل على الله، الى مالقاش، لا يكلف الله نفسا إلا وسعها. و شكرا,ضعف الإقبال على أضاحي العيد يربك “الكسابة” والأسعار تواصل الارتفاع,https://www.hespress.com/%d8%b6%d8%b9%d9%81-%d8%a7%d9%84%d8%a5%d9%82%d8%a8%d8%a7%d9%84-%d8%b9%d9%84%d9%89-%d8%a3%d8%b6%d8%a7%d8%ad%d9%8a-%d8%a7%d9%84%d8%b9%d9%8a%d8%af-%d9%8a%d8%b1%d8%a8%d9%83-%d8%a7%d9%84%d9%83-1745095.html,
لي باغي يشري غير يصبر. لان الشناقة الا مبعوش تتسناهم الجزار فشهر 6,ضعف الإقبال على أضاحي العيد يربك “الكسابة” والأسعار تواصل الارتفاع,https://www.hespress.com/%d8%b6%d8%b9%d9%81-%d8%a7%d9%84%d8%a5%d9%82%d8%a8%d8%a7%d9%84-%d8%b9%d9%84%d9%89-%d8%a3%d8%b6%d8%a7%d8%ad%d9%8a-%d8%a7%d9%84%d8%b9%d9%8a%d8%af-%d9%8a%d8%b1%d8%a8%d9%83-%d8%a7%d9%84%d9%83-1745095.html,
العيد سنة لمن يستطيعه وليس فرضا. والغاؤه العام الفايت جعل المغاربة يعرفون انهم يستطيعون تمضية العيد دون ذبح …وبالتااالي خليه يبعبع ليهوم ويوحلو فيه ولايبيعوه لموريتانيا والسنغال ….,ضعف الإقبال على أضاحي العيد يربك “الكسابة” والأسعار تواصل الارتفاع,https://www.hespress.com/%d8%b6%d8%b9%d9%81-%d8%a7%d9%84%d8%a5%d9%82%d8%a8%d8%a7%d9%84-%d8%b9%d9%84%d9%89-%d8%a3%d8%b6%d8%a7%d8%ad%d9%8a-%d8%a7%d9%84%d8%b9%d9%8a%d8%af-%d9%8a%d8%b1%d8%a8%d9%83-%d8%a7%d9%84%d9%83-1745095.html,
لوكان ا المغاربة كلهم واعيين بما هو اان لما ذبحوا ولما اشتروا العيد اتركوا الخرفان لأصحابها لي خص اللحم في المستقبل اما اذا ذبحنا انتظروا كارثة غلاا اللحم  وتفرعن الكآبة الذين يبحثون على الثراء السريع والفحش التقوا الله يا عبد الله فالعيد ليس فرض,ضعف الإقبال على أضاحي العيد يربك “الكسابة” والأسعار تواصل الارتفاع,https://www.hespress.com/%d8%b6%d8%b9%d9%81-%d8%a7%d9%84%d8%a5%d9%82%d8%a8%d8%a7%d9%84-%d8%b9%d9%84%d9%89-%d8%a3%d8%b6%d8%a7%d8%ad%d9%8a-%d8%a7%d9%84%d8%b9%d9%8a%d8%af-%d9%8a%d8%b1%d8%a8%d9%83-%d8%a7%d9%84%d9%83-1745095.html,
هذا العيد سنة و درتو لينا هاد الحالة ولا الحولي كثر من الشهرية ديالي اما كو كان فرض كو وصل لمليون كي والو، مقاطعون ما عندنا ما نديرو بشي حولي يالاه نتكافاو مع الخضر حتى الفواكه ما بقيناش نشوفوهم,ضعف الإقبال على أضاحي العيد يربك “الكسابة” والأسعار تواصل الارتفاع,https://www.hespress.com/%d8%b6%d8%b9%d9%81-%d8%a7%d9%84%d8%a5%d9%82%d8%a8%d8%a7%d9%84-%d8%b9%d9%84%d9%89-%d8%a3%d8%b6%d8%a7%d8%ad%d9%8a-%d8%a7%d9%84%d8%b9%d9%8a%d8%af-%d9%8a%d8%b1%d8%a8%d9%83-%d8%a7%d9%84%d9%83-1745095.html,
الأضحية سنة وليست فرضا والله سبحانه وتعالى لا يقبل أضحيتك إذا اقترضت أو بعت أثاثك أو ضيقت على نفسك(إن الله كان بكم رحيما )ويقول سبحانه ( ولا تلقوا بأيديكم إلى التهلكة )أي حاجة جاتني غالية منشريهاش,ضعف الإقبال على أضاحي العيد يربك “الكسابة” والأسعار تواصل الارتفاع,https://www.hespress.com/%d8%b6%d8%b9%d9%81-%d8%a7%d9%84%d8%a5%d9%82%d8%a8%d8%a7%d9%84-%d8%b9%d9%84%d9%89-%d8%a3%d8%b6%d8%a7%d8%ad%d9%8a-%d8%a7%d9%84%d8%b9%d9%8a%d8%af-%d9%8a%d8%b1%d8%a8%d9%83-%d8%a7%d9%84%d9%83-1745095.html,
مقاطع، خليه يببعبع عند الكساب الذي فاز و تمكن من الدعم الذي مكنته منه الدولة، مقابل أن تكون هناك أسعار معقولة تخفف عن المواطن المغلوب عن أمره ، لكن جشع الكساية  رأى في ذلك  العكس ، لكن أقول أن الغني هو  الله ، لأن ثمن الحولي أو الخروف أكثر من  أجر التقاعد. لكم الله أيها الأبناء  و الى  فرصة مواتية.,ضعف الإقبال على أضاحي العيد يربك “الكسابة” والأسعار تواصل الارتفاع,https://www.hespress.com/%d8%b6%d8%b9%d9%81-%d8%a7%d9%84%d8%a5%d9%82%d8%a8%d8%a7%d9%84-%d8%b9%d9%84%d9%89-%d8%a3%d8%b6%d8%a7%d8%ad%d9%8a-%d8%a7%d9%84%d8%b9%d9%8a%d8%af-%d9%8a%d8%b1%d8%a8%d9%83-%d8%a7%d9%84%d9%83-1745095.html,
ف الكتب و ف  المدارس و الجامعات تيقراو الناس على بزاف د النظريات الاقتصادية و كلها تتماشى و تتلاءم مع السوق إلا عندنا ف هاذ البلاد السعيدة. القراية و الواقع مباعدين بحال السما مع الأرض. ذيك التخربيقة ديال العرض و الطلب غير كذوب ف بلادنا. سبحان الله.,ضعف الإقبال على أضاحي العيد يربك “الكسابة” والأسعار تواصل الارتفاع,https://www.hespress.com/%d8%b6%d8%b9%d9%81-%d8%a7%d9%84%d8%a5%d9%82%d8%a8%d8%a7%d9%84-%d8%b9%d9%84%d9%89-%d8%a3%d8%b6%d8%a7%d8%ad%d9%8a-%d8%a7%d9%84%d8%b9%d9%8a%d8%af-%d9%8a%d8%b1%d8%a8%d9%83-%d8%a7%d9%84%d9%83-1745095.html,
الكساب ما ساخيش بالغنم ديالو دكشي علاش واخ الطلب مكاينش باقي التمن مرتفع لذلك نصيحة لا تفرقوش بيناتهم خليو الكبش عند مولاه مونس بيه او خليو فلوسكم فجيبكم.لي عندو او بغى يضحي راها سنة مؤكدة لك الاجر والتواب لكن لي مفحالوش بلاش عليك المشقة. كيف يعقل ان تمن الكبش اصبح يفوق أجرة الأغلبية الساحقة من للمواطنين بغيت نعرف الحكومة فينها وشنو هو الدور ديالها؟؟؟,ضعف الإقبال على أضاحي العيد يربك “الكسابة” والأسعار تواصل الارتفاع,https://www.hespress.com/%d8%b6%d8%b9%d9%81-%d8%a7%d9%84%d8%a5%d9%82%d8%a8%d8%a7%d9%84-%d8%b9%d9%84%d9%89-%d8%a3%d8%b6%d8%a7%d8%ad%d9%8a-%d8%a7%d9%84%d8%b9%d9%8a%d8%af-%d9%8a%d8%b1%d8%a8%d9%83-%d8%a7%d9%84%d9%83-1745095.html,
خاص ناس متشري حات تبقا يومين بش تمن غادي اكون في متناول الجميع انشاء الله,ضعف الإقبال على أضاحي العيد يربك “الكسابة” والأسعار تواصل الارتفاع,https://www.hespress.com/%d8%b6%d8%b9%d9%81-%d8%a7%d9%84%d8%a5%d9%82%d8%a8%d8%a7%d9%84-%d8%b9%d9%84%d9%89-%d8%a3%d8%b6%d8%a7%d8%ad%d9%8a-%d8%a7%d9%84%d8%b9%d9%8a%d8%af-%d9%8a%d8%b1%d8%a8%d9%83-%d8%a7%d9%84%d9%83-1745095.html,
الكسابة والشناقة هم سبب ذمار المغرب اقتصاديا اللهم …,ضعف الإقبال على أضاحي العيد يربك “الكسابة” والأسعار تواصل الارتفاع,https://www.hespress.com/%d8%b6%d8%b9%d9%81-%d8%a7%d9%84%d8%a5%d9%82%d8%a8%d8%a7%d9%84-%d8%b9%d9%84%d9%89-%d8%a3%d8%b6%d8%a7%d8%ad%d9%8a-%d8%a7%d9%84%d8%b9%d9%8a%d8%af-%d9%8a%d8%b1%d8%a8%d9%83-%d8%a7%d9%84%d9%83-1745095.html,
يجب على الشعب المغربي يد في يد والتخلي عن شراء الاضاحي الباهضة الثمن باش الشناقة  ياخدون درس بعدم التلاعب باثمان الاضاحي.,ضعف الإقبال على أضاحي العيد يربك “الكسابة” والأسعار تواصل الارتفاع,https://www.hespress.com/%d8%b6%d8%b9%d9%81-%d8%a7%d9%84%d8%a5%d9%82%d8%a8%d8%a7%d9%84-%d8%b9%d9%84%d9%89-%d8%a3%d8%b6%d8%a7%d8%ad%d9%8a-%d8%a7%d9%84%d8%b9%d9%8a%d8%af-%d9%8a%d8%b1%d8%a8%d9%83-%d8%a7%d9%84%d9%83-1745095.html,
ضعف الطلب وغلاء الأسعار شيئان لاينطبقان….. ……..,ضعف الإقبال على أضاحي العيد يربك “الكسابة” والأسعار تواصل الارتفاع,https://www.hespress.com/%d8%b6%d8%b9%d9%81-%d8%a7%d9%84%d8%a5%d9%82%d8%a8%d8%a7%d9%84-%d8%b9%d9%84%d9%89-%d8%a3%d8%b6%d8%a7%d8%ad%d9%8a-%d8%a7%d9%84%d8%b9%d9%8a%d8%af-%d9%8a%d8%b1%d8%a8%d9%83-%d8%a7%d9%84%d9%83-1745095.html,
لقد اعتدنا على عدم الدبح مند العام الماضي .لا يكلف الله نفسا إلا وسعها.,ضعف الإقبال على أضاحي العيد يربك “الكسابة” والأسعار تواصل الارتفاع,https://www.hespress.com/%d8%b6%d8%b9%d9%81-%d8%a7%d9%84%d8%a5%d9%82%d8%a8%d8%a7%d9%84-%d8%b9%d9%84%d9%89-%d8%a3%d8%b6%d8%a7%d8%ad%d9%8a-%d8%a7%d9%84%d8%b9%d9%8a%d8%af-%d9%8a%d8%b1%d8%a8%d9%83-%d8%a7%d9%84%d9%83-1745095.html,
أسيدي نخلي حتى تبقى واحد 5 أيام وإذا كان الثمن مرتفع بناقص منو كاع آش غادي يكرا إذا مشريناش الحولي ؟ والو راه الأزمة ضاربة كلشي الله يحضر السلامة,ضعف الإقبال على أضاحي العيد يربك “الكسابة” والأسعار تواصل الارتفاع,https://www.hespress.com/%d8%b6%d8%b9%d9%81-%d8%a7%d9%84%d8%a5%d9%82%d8%a8%d8%a7%d9%84-%d8%b9%d9%84%d9%89-%d8%a3%d8%b6%d8%a7%d8%ad%d9%8a-%d8%a7%d9%84%d8%b9%d9%8a%d8%af-%d9%8a%d8%b1%d8%a8%d9%83-%d8%a7%d9%84%d9%83-1745095.html,
صدقوا أو لاتصدقوا؛ المقاطعة هو الحل الأنجع في كل مكان و زمان وقد جربت عبر العالم عدة مراة و سوف ترون النتيجة الإيجابية بسرعة.,ضعف الإقبال على أضاحي العيد يربك “الكسابة” والأسعار تواصل الارتفاع,https://www.hespress.com/%d8%b6%d8%b9%d9%81-%d8%a7%d9%84%d8%a5%d9%82%d8%a8%d8%a7%d9%84-%d8%b9%d9%84%d9%89-%d8%a3%d8%b6%d8%a7%d8%ad%d9%8a-%d8%a7%d9%84%d8%b9%d9%8a%d8%af-%d9%8a%d8%b1%d8%a8%d9%83-%d8%a7%d9%84%d9%83-1745095.html,
فالمغرب المواطن المغريبي كيتسنا الفرصة باش يطحن خوه المغريبي فيما مشيتي يطحنوك.,ضعف الإقبال على أضاحي العيد يربك “الكسابة” والأسعار تواصل الارتفاع,https://www.hespress.com/%d8%b6%d8%b9%d9%81-%d8%a7%d9%84%d8%a5%d9%82%d8%a8%d8%a7%d9%84-%d8%b9%d9%84%d9%89-%d8%a3%d8%b6%d8%a7%d8%ad%d9%8a-%d8%a7%d9%84%d8%b9%d9%8a%d8%af-%d9%8a%d8%b1%d8%a8%d9%83-%d8%a7%d9%84%d9%83-1745095.html,
سوق الأضحية فحدود ثلاثة ملايير دولار… يحاول الشناقة جعلها 5 ملايير دولار… المواطن لا يملك الفرق… عيب ان يكون ثمن الأضحية يناه مائتي درهم للكيلو الصافي من اللحم   … المرجو السماح للمدربين الاسبان الفرنسيين والرومانيين بالدخول للسوق المغربية.. أما فكرة الاستيراد فلم تزد الطين الا بلة,ضعف الإقبال على أضاحي العيد يربك “الكسابة” والأسعار تواصل الارتفاع,https://www.hespress.com/%d8%b6%d8%b9%d9%81-%d8%a7%d9%84%d8%a5%d9%82%d8%a8%d8%a7%d9%84-%d8%b9%d9%84%d9%89-%d8%a3%d8%b6%d8%a7%d8%ad%d9%8a-%d8%a7%d9%84%d8%b9%d9%8a%d8%af-%d9%8a%d8%b1%d8%a8%d9%83-%d8%a7%d9%84%d9%83-1745095.html,
* تبارك الله ، السلعة موجودة ، قطيع وفير ، و ضعف الإقبال على أضاحي العيد ، و الأسعارفي إرتفاع . وا سوق العفاريت هذا ، أدخل سوق راسك .,ضعف الإقبال على أضاحي العيد يربك “الكسابة” والأسعار تواصل الارتفاع,https://www.hespress.com/%d8%b6%d8%b9%d9%81-%d8%a7%d9%84%d8%a5%d9%82%d8%a8%d8%a7%d9%84-%d8%b9%d9%84%d9%89-%d8%a3%d8%b6%d8%a7%d8%ad%d9%8a-%d8%a7%d9%84%d8%b9%d9%8a%d8%af-%d9%8a%d8%b1%d8%a8%d9%83-%d8%a7%d9%84%d9%83-1745095.html,
غلاء الأسعار في الأصل سببه المراكز التجارية الكبرى لأنها هي من تحدد الثمن و عليه تتم العدوى.  الله يرحمنا برحمته الواسعه,ضعف الإقبال على أضاحي العيد يربك “الكسابة” والأسعار تواصل الارتفاع,https://www.hespress.com/%d8%b6%d8%b9%d9%81-%d8%a7%d9%84%d8%a5%d9%82%d8%a8%d8%a7%d9%84-%d8%b9%d9%84%d9%89-%d8%a3%d8%b6%d8%a7%d8%ad%d9%8a-%d8%a7%d9%84%d8%b9%d9%8a%d8%af-%d9%8a%d8%b1%d8%a8%d9%83-%d8%a7%d9%84%d9%83-1745095.html,
علينا نحن المستهلكون مقاطعة شراء الاضاحي و تركها لهؤلاء 4000 درهم هي ميزانية لقضاء عطلة الصيف مع الاسرة,ضعف الإقبال على أضاحي العيد يربك “الكسابة” والأسعار تواصل الارتفاع,https://www.hespress.com/%d8%b6%d8%b9%d9%81-%d8%a7%d9%84%d8%a5%d9%82%d8%a8%d8%a7%d9%84-%d8%b9%d9%84%d9%89-%d8%a3%d8%b6%d8%a7%d8%ad%d9%8a-%d8%a7%d9%84%d8%b9%d9%8a%d8%af-%d9%8a%d8%b1%d8%a8%d9%83-%d8%a7%d9%84%d9%83-1745095.html,
بل هناك العديد من الأسر مستعدة للتخلي عن الأضحية اولا بسبب الغلاء ثانيا لونه سنة بل هناك اسرع متوسطة الحال تقول لا احتاج الأضحية حاليا,ضعف الإقبال على أضاحي العيد يربك “الكسابة” والأسعار تواصل الارتفاع,https://www.hespress.com/%d8%b6%d8%b9%d9%81-%d8%a7%d9%84%d8%a5%d9%82%d8%a8%d8%a7%d9%84-%d8%b9%d9%84%d9%89-%d8%a3%d8%b6%d8%a7%d8%ad%d9%8a-%d8%a7%d9%84%d8%b9%d9%8a%d8%af-%d9%8a%d8%b1%d8%a8%d9%83-%d8%a7%d9%84%d9%83-1745095.html,
يقول الشناق ( لا توجد أسرة مغربية يمكنها أن تستغني عن أضحية العيد ) هههه لم أعد اذبح يوم العيد ولا مشكلة عندي بل حتى عند ابنائي الذين لا يغنيهم في شيء هذا العيد بل وفيه الكثير من الكوليسترول.خليه ابعبع,ضعف الإقبال على أضاحي العيد يربك “الكسابة” والأسعار تواصل الارتفاع,https://www.hespress.com/%d8%b6%d8%b9%d9%81-%d8%a7%d9%84%d8%a5%d9%82%d8%a8%d8%a7%d9%84-%d8%b9%d9%84%d9%89-%d8%a3%d8%b6%d8%a7%d8%ad%d9%8a-%d8%a7%d9%84%d8%b9%d9%8a%d8%af-%d9%8a%d8%b1%d8%a8%d9%83-%d8%a7%d9%84%d9%83-1745095.html,
"La bonne stratégie de supprimer les intermédiaires , c’est de prendre la voiture et d’aller directe à la campagne, et d’acheter chez l’agriculteur",ضعف الإقبال على أضاحي العيد يربك “الكسابة” والأسعار تواصل الارتفاع,https://www.hespress.com/%d8%b6%d8%b9%d9%81-%d8%a7%d9%84%d8%a5%d9%82%d8%a8%d8%a7%d9%84-%d8%b9%d9%84%d9%89-%d8%a3%d8%b6%d8%a7%d8%ad%d9%8a-%d8%a7%d9%84%d8%b9%d9%8a%d8%af-%d9%8a%d8%b1%d8%a8%d9%83-%d8%a7%d9%84%d9%83-1745095.html,
الحل بين ايدينا و لا نحتاج لاحد ان يخفض الأسعار .خليه يبعباااااع.,ضعف الإقبال على أضاحي العيد يربك “الكسابة” والأسعار تواصل الارتفاع,https://www.hespress.com/%d8%b6%d8%b9%d9%81-%d8%a7%d9%84%d8%a5%d9%82%d8%a8%d8%a7%d9%84-%d8%b9%d9%84%d9%89-%d8%a3%d8%b6%d8%a7%d8%ad%d9%8a-%d8%a7%d9%84%d8%b9%d9%8a%d8%af-%d9%8a%d8%b1%d8%a8%d9%83-%d8%a7%d9%84%d9%83-1745095.html,
انا متقاعد ليس بامكاني اقتناء اضحية العيد لهذه السنة بسبب الغلاء الفاحش على جميع المستويات بالإضافة إلى المعاش الهزيل الذي لا يمكنني معه تحمل عبا  مصاريف اخرى للبيت الى جانب تكاليف العلاج  من المرض كل هذه اكراهات تجعلني غير قادر على تحملها لضعف ذات اليد حسبي الله ونعم الوكيل,ضعف الإقبال على أضاحي العيد يربك “الكسابة” والأسعار تواصل الارتفاع,https://www.hespress.com/%d8%b6%d8%b9%d9%81-%d8%a7%d9%84%d8%a5%d9%82%d8%a8%d8%a7%d9%84-%d8%b9%d9%84%d9%89-%d8%a3%d8%b6%d8%a7%d8%ad%d9%8a-%d8%a7%d9%84%d8%b9%d9%8a%d8%af-%d9%8a%d8%b1%d8%a8%d9%83-%d8%a7%d9%84%d9%83-1745095.html,
كل واحد كيفسر الوضعية حسب مراده والحقيقة اللي مبغاش يفهموها او يتعامون عنها هو ان الحولي ممسوق ليه حتى واحد. اللي عندو واللي معندوش . هذه الاضحية اصبحت في خبر كان لان العقليات تبدلات.  ونحن سنناضل بكل جهد حتى ترجع الأمور إلى ماكانت عليه سابقا ولو كلفنا ذلك الامتناع لسنين عن شراء الاضحية . صراحة باستطاعتي شراء الاضحية ولكن لما ارى تمن المناسب للاضحية  في بلدان  النصارى اصيب بالمرض مما يجري في بلاد المسلمين . مصيبة كبيرة ما الت اليه العقلية,ضعف الإقبال على أضاحي العيد يربك “الكسابة” والأسعار تواصل الارتفاع,https://www.hespress.com/%d8%b6%d8%b9%d9%81-%d8%a7%d9%84%d8%a5%d9%82%d8%a8%d8%a7%d9%84-%d8%b9%d9%84%d9%89-%d8%a3%d8%b6%d8%a7%d8%ad%d9%8a-%d8%a7%d9%84%d8%b9%d9%8a%d8%af-%d9%8a%d8%b1%d8%a8%d9%83-%d8%a7%d9%84%d9%83-1745095.html,
مغديش نشريه و ممسوقش ليه بالمرة فلوس الحولي مسافر بيهم خلينا ليهم العيد,ضعف الإقبال على أضاحي العيد يربك “الكسابة” والأسعار تواصل الارتفاع,https://www.hespress.com/%d8%b6%d8%b9%d9%81-%d8%a7%d9%84%d8%a5%d9%82%d8%a8%d8%a7%d9%84-%d8%b9%d9%84%d9%89-%d8%a3%d8%b6%d8%a7%d8%ad%d9%8a-%d8%a7%d9%84%d8%b9%d9%8a%d8%af-%d9%8a%d8%b1%d8%a8%d9%83-%d8%a7%d9%84%d9%83-1745095.html,
لا يكلف الله نفسا الا وسعهالي جاه غالي ميشريش ماشي غتوقف الحياةوالا جيتي تبع هضرة بنادم عمرك طفروا دير لي قالك راسك وخاف من الله ماشي من كلام البشر,ضعف الإقبال على أضاحي العيد يربك “الكسابة” والأسعار تواصل الارتفاع,https://www.hespress.com/%d8%b6%d8%b9%d9%81-%d8%a7%d9%84%d8%a5%d9%82%d8%a8%d8%a7%d9%84-%d8%b9%d9%84%d9%89-%d8%a3%d8%b6%d8%a7%d8%ad%d9%8a-%d8%a7%d9%84%d8%b9%d9%8a%d8%af-%d9%8a%d8%b1%d8%a8%d9%83-%d8%a7%d9%84%d9%83-1745095.html,
4سنوات ماظحيت بسبب الغلاء  الخرفان كان اخر حولي ملي دبحناه لقينا مصارنو عامرين بالميكات وفيه زفوريةمادام ثمن الحولي يفوق قدرة الشهرية من سبع المستحيلات نظحي وحسبنا الله ونعمة الوكيل في الجشع,ضعف الإقبال على أضاحي العيد يربك “الكسابة” والأسعار تواصل الارتفاع,https://www.hespress.com/%d8%b6%d8%b9%d9%81-%d8%a7%d9%84%d8%a5%d9%82%d8%a8%d8%a7%d9%84-%d8%b9%d9%84%d9%89-%d8%a3%d8%b6%d8%a7%d8%ad%d9%8a-%d8%a7%d9%84%d8%b9%d9%8a%d8%af-%d9%8a%d8%b1%d8%a8%d9%83-%d8%a7%d9%84%d9%83-1745095.html,
اعتقد انني لن اشتري الاضحية إذا لم تكن في المتناول ونسأل الله أن يتجاوز عنا.  أما هذا اللي كيقول المغاربة لا يمكنهم الاستغناء عن شراء الاضحية راه اخربق,ضعف الإقبال على أضاحي العيد يربك “الكسابة” والأسعار تواصل الارتفاع,https://www.hespress.com/%d8%b6%d8%b9%d9%81-%d8%a7%d9%84%d8%a5%d9%82%d8%a8%d8%a7%d9%84-%d8%b9%d9%84%d9%89-%d8%a3%d8%b6%d8%a7%d8%ad%d9%8a-%d8%a7%d9%84%d8%b9%d9%8a%d8%af-%d9%8a%d8%b1%d8%a8%d9%83-%d8%a7%d9%84%d9%83-1745095.html,
الى حد الآن سعر اللحوم  والاغنام  في ارتفاع مستمر..ومن يقول غير ذلك عليه بالتردد على الاسواق ..لم تنفع كل العمليات التي قامت بها الدولة من دعم الاستيراد ودعم الفلاح ودعم  الكسابة ودعم مربي الاغنام المخصصة للعيد..ملايير صرفت ولا اثر لها على المواطن البسيط.  الميسورون لا علم لهم بهذا الموضوع  ولا يهتمون به اساسا…والغريب ان المواطن البسيط يساهم في الازمة بشكل كبير.فهو السباق لشراء اضحية العيد مهما كلفه ثمنها..والاكثر غرابة انها اصبحت  تفوق الفرض.  وبكل صدق  المواطن البسيط  يعتبر مسؤولا عن ازمة غلاء اضحية العيد….هذا لا يمنع من تدخل الدولة في تحديد سعر الغنم  المخصصة للعيد بتسقيف سعر الكيلو  للاضحية وهي حية  لقطع الطريق على المضاربين والمحتكرين.,ضعف الإقبال على أضاحي العيد يربك “الكسابة” والأسعار تواصل الارتفاع,https://www.hespress.com/%d8%b6%d8%b9%d9%81-%d8%a7%d9%84%d8%a5%d9%82%d8%a8%d8%a7%d9%84-%d8%b9%d9%84%d9%89-%d8%a3%d8%b6%d8%a7%d8%ad%d9%8a-%d8%a7%d9%84%d8%b9%d9%8a%d8%af-%d9%8a%d8%b1%d8%a8%d9%83-%d8%a7%d9%84%d9%83-1745095.html,
اذا بغى المواطن يحارب غلاء اسعار اللحوم يدير ما داروا الهنديين كون عشبي بدل اكل اللحوم وغادي تشوف الخرفان تتكاثر كما في استراليا ويصبح بدل اكل خروف في السنة تاكل عشرة,ضعف الإقبال على أضاحي العيد يربك “الكسابة” والأسعار تواصل الارتفاع,https://www.hespress.com/%d8%b6%d8%b9%d9%81-%d8%a7%d9%84%d8%a5%d9%82%d8%a8%d8%a7%d9%84-%d8%b9%d9%84%d9%89-%d8%a3%d8%b6%d8%a7%d8%ad%d9%8a-%d8%a7%d9%84%d8%b9%d9%8a%d8%af-%d9%8a%d8%b1%d8%a8%d9%83-%d8%a7%d9%84%d9%83-1745095.html,
فالذى أوصل المواد الغذائية والخضر واللحوم وغيرها من المواد الإستهلاكية إلى ما وصلت إليه من الغلاء الفاحش هو نفسه الذى أوصل الأضحية إلى هذا الثمن الذى لا يستطيع حتى الميسور إقتنائها على المغاربة أن يتحدوا جميعا فيقاطعوا هذه الشعيرة  والتقليد على من كان السبب فى غلائها كونوا على كلمة واحدة فالحكومة لازالت لم تكمل التربية لنا فباستطاعتها أن تحدد ثمن الأضحية لأن الوفرة موجودة وتقضى على الشناقا والسماسرية والوسطاء واللوبيات لكن هى تريد أن تبقى الأسعار مرتفعة لحاجة فى نفس يعقوب والكل يعرفها إنها الإمبريالية المتوحشة التى لا ترحم سياستها تفقير الفقير وإغناء الغنى,ضعف الإقبال على أضاحي العيد يربك “الكسابة” والأسعار تواصل الارتفاع,https://www.hespress.com/%d8%b6%d8%b9%d9%81-%d8%a7%d9%84%d8%a5%d9%82%d8%a8%d8%a7%d9%84-%d8%b9%d9%84%d9%89-%d8%a3%d8%b6%d8%a7%d8%ad%d9%8a-%d8%a7%d9%84%d8%b9%d9%8a%d8%af-%d9%8a%d8%b1%d8%a8%d9%83-%d8%a7%d9%84%d9%83-1745095.html,
شخصيا لن أشتري الخروف اذا تجاوز ثمنه 3500 درهم وسوف اقاطع العيد لانني اؤمن بإله واحد وهو الله والاسلام هو الصلاة والصوم والحج والشهادة والزكاة ويكفي ان افعل هذه الواجبات فقط لكي انال رضا الله في حين أرى يوميا تزايد عدد الأشخاص الذين يعبدون الخروف وشراء الخروف بقرض بنكي حرام شرعا قاطعو الغنم اذا تجاوز ثمنها الحدود المعقولة ولا تشتروها,ضعف الإقبال على أضاحي العيد يربك “الكسابة” والأسعار تواصل الارتفاع,https://www.hespress.com/%d8%b6%d8%b9%d9%81-%d8%a7%d9%84%d8%a5%d9%82%d8%a8%d8%a7%d9%84-%d8%b9%d9%84%d9%89-%d8%a3%d8%b6%d8%a7%d8%ad%d9%8a-%d8%a7%d9%84%d8%b9%d9%8a%d8%af-%d9%8a%d8%b1%d8%a8%d9%83-%d8%a7%d9%84%d9%83-1745095.html,
الناس لا تمزح أنها تقاطع وستقاطع ،واذا لم يتم خفض الاسعار لن تشتريه اما ان انتظروا من الناس سؤال الأضحية في الايام الأخيرة رغم ارتفاعها فانكم تحلمون,ضعف الإقبال على أضاحي العيد يربك “الكسابة” والأسعار تواصل الارتفاع,https://www.hespress.com/%d8%b6%d8%b9%d9%81-%d8%a7%d9%84%d8%a5%d9%82%d8%a8%d8%a7%d9%84-%d8%b9%d9%84%d9%89-%d8%a3%d8%b6%d8%a7%d8%ad%d9%8a-%d8%a7%d9%84%d8%b9%d9%8a%d8%af-%d9%8a%d8%b1%d8%a8%d9%83-%d8%a7%d9%84%d9%83-1745095.html,
Je comprends pas les gens qui se plaint car on a sauté un Eid et si on met 10dh chaque jours myutiplier sur 365 jours cest le Prix dun grand  mouton.,ضعف الإقبال على أضاحي العيد يربك “الكسابة” والأسعار تواصل الارتفاع,https://www.hespress.com/%d8%b6%d8%b9%d9%81-%d8%a7%d9%84%d8%a5%d9%82%d8%a8%d8%a7%d9%84-%d8%b9%d9%84%d9%89-%d8%a3%d8%b6%d8%a7%d8%ad%d9%8a-%d8%a7%d9%84%d8%b9%d9%8a%d8%af-%d9%8a%d8%b1%d8%a8%d9%83-%d8%a7%d9%84%d9%83-1745095.html,
خليوه يبعبع,ضعف الإقبال على أضاحي العيد يربك “الكسابة” والأسعار تواصل الارتفاع,https://www.hespress.com/%d8%b6%d8%b9%d9%81-%d8%a7%d9%84%d8%a5%d9%82%d8%a8%d8%a7%d9%84-%d8%b9%d9%84%d9%89-%d8%a3%d8%b6%d8%a7%d8%ad%d9%8a-%d8%a7%d9%84%d8%b9%d9%8a%d8%af-%d9%8a%d8%b1%d8%a8%d9%83-%d8%a7%d9%84%d9%83-1745095.html,
سلام عليكم، بالنسبة إلى عيد الأضحى المبارك يبقى مجرد سنة وليس بفريضة راه سيدنا ابراهيم عليه السلام، نحر مرة واحدة في عهده وحياته وناب علينا نحن المسلمين,ضعف الإقبال على أضاحي العيد يربك “الكسابة” والأسعار تواصل الارتفاع,https://www.hespress.com/%d8%b6%d8%b9%d9%81-%d8%a7%d9%84%d8%a5%d9%82%d8%a8%d8%a7%d9%84-%d8%b9%d9%84%d9%89-%d8%a3%d8%b6%d8%a7%d8%ad%d9%8a-%d8%a7%d9%84%d8%b9%d9%8a%d8%af-%d9%8a%d8%b1%d8%a8%d9%83-%d8%a7%d9%84%d9%83-1745095.html,
انا مشاريش، عندي الفلوس الحمد لله و الله منشريه، ساتصدق بنصف ثمن الأضحية  و اشتري ما لد و طاب من الاكل بالنصف الثاني و السلام. عواشركم مباركة إن شاء الله.,ضعف الإقبال على أضاحي العيد يربك “الكسابة” والأسعار تواصل الارتفاع,https://www.hespress.com/%d8%b6%d8%b9%d9%81-%d8%a7%d9%84%d8%a5%d9%82%d8%a8%d8%a7%d9%84-%d8%b9%d9%84%d9%89-%d8%a3%d8%b6%d8%a7%d8%ad%d9%8a-%d8%a7%d9%84%d8%b9%d9%8a%d8%af-%d9%8a%d8%b1%d8%a8%d9%83-%d8%a7%d9%84%d9%83-1745095.html,
بصراحة في ظل هذا. الغلاء الفاحش اصبحت الأضحية عنديكما يقول المغاربة زايد ناقص….. ممسوقش………ساحتفل بالعيد دون اي مشكل……واذا اقتضى الحال شراء 2 كيلو من اللحم من اجل الأبناء حتى يمر اليوم على احسن ما يرام…….والسبب في كل هذا ان مصاصي دماء المواطنينن اي الشناقة و السماسرة افسدوا. على الناس فرحة هذه الشعيرة الدينية العظيمة……,ضعف الإقبال على أضاحي العيد يربك “الكسابة” والأسعار تواصل الارتفاع,https://www.hespress.com/%d8%b6%d8%b9%d9%81-%d8%a7%d9%84%d8%a5%d9%82%d8%a8%d8%a7%d9%84-%d8%b9%d9%84%d9%89-%d8%a3%d8%b6%d8%a7%d8%ad%d9%8a-%d8%a7%d9%84%d8%b9%d9%8a%d8%af-%d9%8a%d8%b1%d8%a8%d9%83-%d8%a7%d9%84%d9%83-1745095.html,
تغمده الله بواسع رحمته امين…..انا لله وانا اليه راجعون,الملك يعزي أسرة علي الفاسي الفهري,https://www.hespress.com/%d8%a7%d9%84%d9%85%d9%84%d9%83-%d9%8a%d8%b9%d8%b2%d9%8a-%d8%a3%d8%b3%d8%b1%d8%a9-%d8%b9%d9%84%d9%8a-%d8%a7%d9%84%d9%81%d8%a7%d8%b3%d9%8a-%d8%a7%d9%84%d9%81%d9%87%d8%b1%d9%8a-1745385.html,
الدوام لله الواحد القهار.أنا لله وانا اليه راجعون,الملك يعزي أسرة علي الفاسي الفهري,https://www.hespress.com/%d8%a7%d9%84%d9%85%d9%84%d9%83-%d9%8a%d8%b9%d8%b2%d9%8a-%d8%a3%d8%b3%d8%b1%d8%a9-%d8%b9%d9%84%d9%8a-%d8%a7%d9%84%d9%81%d8%a7%d8%b3%d9%8a-%d8%a7%d9%84%d9%81%d9%87%d8%b1%d9%8a-1745385.html,
